study,scale,guesser,respondent,model_type,component,est,se,t,p,model_name,trial_id
mock,scale1,self,self,without_guess,intercept,22.976190476190478,0.9188570036311194,25.005186210034488,2.516675805578442e-44,on_on_0,0
mock,scale1,self,self,without_guess,conditionAC,14.144499178981938,1.2065183545497542,11.723401575818007,2.329016560817322e-20,on_on_0,0
mock,scale1,self,self,with_guess,intercept,19.518518518518523,0.9469642123235609,20.61167493397247,5.012825605003973e-37,on_on_0,0
mock,scale1,self,self,with_guess,conditionAC,13.08148148148148,1.8215220316701783,7.181621333169872,1.4667966552983117e-10,on_on_0,0
mock,scale1,self,self,with_guess,guessAC,9.681481481481482,1.584574206018901,6.109831552670118,2.1273487316278537e-08,on_on_0,0
mock,scale1,self,self,with_guess,conditionAC:guessAC,-4.21898148148148,2.3316289676411515,-1.8094566245459345,0.0735095982233658,on_on_0,0
