study,scale,guesser,respondent,model_type,component,est,se,t,p,model_name,trial_id
mock,scale1,self,self,without_guess,intercept,24.595238095238095,0.784897920961798,31.33558828274075,7.2335662039501425e-53,off_on_0,0
mock,scale1,self,self,without_guess,conditionAC,2.2495894909688006,1.0306214616050615,2.182750480923764,0.031442720920911785,off_on_0,0
mock,scale1,self,self,with_guess,intercept,20.782608695652172,0.8152957758608986,25.490882341083033,1.5940615773262686e-44,off_on_0,0
mock,scale1,self,self,with_guess,conditionAC,-0.9492753623188398,1.7924149845930448,-0.5296069104969942,0.597607158596613,off_on_0,0
mock,scale1,self,self,with_guess,guessAC,8.427917620137299,1.2121686197133636,6.952760105380563,4.3365072751728635e-10,off_on_0,0
mock,scale1,self,self,with_guess,conditionAC:guessAC,-0.60740479962448,2.076391616750611,-0.2925290175150199,0.770513488619963,off_on_0,0
