study,scale,guesser,respondent,model_type,component,est,se,t,p,model_name,trial_id
mock,scale1,self,self,without_guess,intercept,22.928571428571434,0.8725033351930367,26.279064507528343,3.61249230354822e-46,on_on_0,3
mock,scale1,self,self,without_guess,conditionAC,13.157635467980295,1.1456530060240848,11.484834761306152,7.537561712407827e-20,on_on_0,3
mock,scale1,self,self,with_guess,intercept,19.84615384615385,0.8717239760718871,22.766557294412685,1.7863316721126088e-40,on_on_0,3
mock,scale1,self,self,with_guess,conditionAC,8.278846153846152,1.7971050148638963,4.606768155100357,1.2564300649596678e-05,on_on_0,3
mock,scale1,self,self,with_guess,guessAC,8.091346153846153,1.4123542623767495,5.728977756777402,1.1590159344122664e-07,on_on_0,3
mock,scale1,self,self,with_guess,conditionAC:guessAC,1.1436538461538495,2.204444988082628,0.5187944595290498,0.605097941288445,on_on_0,3
