study,scale,guesser,respondent,model_type,component,est,se,t,p,model_name,trial_id
mock,scale1,self,self,without_guess,intercept,19.142857142857146,0.7631516315014376,25.083949706292522,1.927006001273862e-44,on_off_0,2
mock,scale1,self,self,without_guess,conditionAC,11.150246305418717,1.0020671846353124,11.127244237098418,4.414922264285306e-19,on_off_0,2
mock,scale1,self,self,with_guess,intercept,18.809523809523814,1.0662965545970244,17.640049316892263,7.021323483088069e-32,on_off_0,2
mock,scale1,self,self,with_guess,conditionAC,9.036630036630035,1.7244308679799365,5.240355066953704,9.490405369232461e-07,on_off_0,2
mock,scale1,self,self,with_guess,guessAC,0.6666666666666663,1.5079710490228155,0.4420951364408984,0.6594147193613031,on_off_0,2
mock,scale1,self,self,with_guess,conditionAC:guessAC,2.4871794871794872,2.1543548269838815,1.1544892494155958,0.25116544689266035,on_off_0,2
