study,scale,guesser,respondent,model_type,component,est,se,t,p,model_name,trial_id
mock,scale1,self,self,without_guess,intercept,24.04761904761905,0.9052921922856777,26.56337837941994,1.4309791049223714e-46,on_on_0,2
mock,scale1,self,self,without_guess,conditionAC,12.84893267651888,1.1887068846479039,10.80916821670865,2.140591224781381e-18,on_on_0,2
mock,scale1,self,self,with_guess,intercept,20.583333333333343,0.9781591717804232,21.04292831591818,9.80924264650166e-38,on_on_0,2
mock,scale1,self,self,with_guess,conditionAC,10.583333333333327,1.6942213834131865,6.246723974178683,1.1444301932892046e-08,on_on_0,2
mock,scale1,self,self,with_guess,guessAC,8.083333333333329,1.4941628154663673,5.409941439889407,4.620382001278477e-07,on_on_0,2
mock,scale1,self,self,with_guess,conditionAC:guessAC,-0.8586956521739085,2.155298316176736,-0.3984115079239429,0.6912115940258141,on_on_0,2
