study,scale,guesser,respondent,model_type,df1,df2,f,adjr2,p,model_name,trial_id
mock,scale1,self,self,without_guess,1.0,98.0,136.4135587393899,0.5776694806717066,2.888276257105725e-20,on_off_0,4
mock,scale1,self,self,with_guess,3.0,96.0,44.787499726047784,0.5702425509655478,3.4337197783529217e-18,on_off_0,4
