study,scale,guesser,respondent,model_type,component,est,se,t,p,model_name,trial_id
mock,scale1,self,self,without_guess,intercept,24.452380952380963,0.8204284015680126,29.804405729552123,6.180802951265531e-51,on_on_0,1
mock,scale1,self,self,without_guess,conditionAC,13.323481116584558,1.0772752682669975,12.367759206073593,9.984444741150162e-22,on_on_0,1
mock,scale1,self,self,with_guess,intercept,20.86956521739132,0.939324695368092,22.217626471763513,1.2848579508604634e-39,on_on_0,1
mock,scale1,self,self,with_guess,conditionAC,12.630434782608688,1.8490625118955253,6.830723516026984,7.697591238536081e-10,on_on_0,1
mock,scale1,self,self,with_guess,guessAC,7.919908466819217,1.39657281830598,5.670959912012276,1.4943871280218023e-07,on_on_0,1
mock,scale1,self,self,with_guess,conditionAC:guessAC,-2.9599084668192157,2.2120102017692376,-1.3381079637208657,0.18402216570843183,on_on_0,1
