study,scale,guesser,respondent,model_type,df1,df2,f,adjr2,p
sbmd,CPS,self,self,without_guess,1.0,185.0,0.02999276418543521,-0.005242432436620037,0.8626959865255326
sbmd,CPS,self,self,with_guess,3.0,183.0,0.40524994738097475,-0.009685654779170827,0.7494016445643067
