study,scale,guesser,respondent,model_type,component,est,se,t,p,model_name,trial_id
mock,scale1,self,self,without_guess,intercept,23.019230769230774,0.6500265697234037,35.412753634095004,1.0476916397506646e-64,on_on_m3,37
mock,scale1,self,self,without_guess,conditionAC,8.701357466063348,0.8635098092154194,10.076732624461274,1.3184866619072255e-17,on_on_m3,37
mock,scale1,self,self,with_guess,intercept,19.631578947368414,0.9644344438690541,20.35553486519182,4.3190392494229165e-40,on_on_m3,37
mock,scale1,self,self,with_guess,conditionAC,7.96842105263158,1.6423726769253482,4.851774000252547,3.8436299831078535e-06,on_on_m3,37
mock,scale1,self,self,with_guess,guessAC,5.33811802232855,1.2106466769194635,4.4093112582703275,2.3302947854746617e-05,on_on_m3,37
mock,scale1,self,self,with_guess,conditionAC:guessAC,-0.5070835395699287,1.880855813728067,-0.2696025585102306,0.7879450319853295,on_on_m3,37
