study,scale,guesser,respondent,model_type,component,est,se,t,p,model_name,trial_id
mock,scale1,self,self,without_guess,intercept,19.230769230769234,0.605008899467059,31.78592785611791,1.0854365142193205e-59,on_off_m2,15
mock,scale1,self,self,without_guess,conditionAC,9.210407239819004,0.8037073308783879,11.459901989139212,6.799825757308358e-21,on_off_m2,15
mock,scale1,self,self,with_guess,intercept,19.703703703703702,0.8408611919709962,23.432766182867603,8.335787115786223e-46,on_off_m2,15
mock,scale1,self,self,with_guess,conditionAC,10.296296296296294,1.853167809128778,5.5560517755468934,1.7827142730341613e-07,on_off_m2,15
mock,scale1,self,self,with_guess,guessAC,-0.9837037037037024,1.2127072572796784,-0.811163368404612,0.4189330962704432,on_off_m2,15
mock,scale1,self,self,with_guess,conditionAC:guessAC,-0.7540012143290833,2.123863872015871,-0.3550139085013113,0.7232238287581572,on_off_m2,15
