study,scale,guesser,respondent,model_type,component,est,se,t,p,model_name,trial_id
mock,scale1,self,self,without_guess,intercept,24.55769230769231,0.8636646634746437,28.434290930571688,1.2332382579445901e-54,off_on_p3,38
mock,scale1,self,self,without_guess,conditionAC,5.148190045248869,1.1473114231321824,4.487177536500256,1.6877120927519996e-05,off_on_p3,38
mock,scale1,self,self,with_guess,intercept,20.233333333333334,0.7355935978704423,27.50613027615959,1.1771673546554808e-52,off_on_p3,38
mock,scale1,self,self,with_guess,conditionAC,-2.011111111111114,1.5312601821118634,-1.3133699514980244,0.19165023463466127,off_on_p3,38
mock,scale1,self,self,with_guess,guessAC,10.221212121212124,1.1309105933606027,9.03803729598011,4.241835191951583e-15,off_on_p3,38
mock,scale1,self,self,with_guess,conditionAC:guessAC,3.0141927752097257,1.8324172888989054,1.6449270553548128,0.1026921181794747,off_on_p3,38
