study,scale,guesser,respondent,model_type,component,est,se,t,p,model_name,trial_id
mock,scale1,self,self,without_guess,intercept,24.67307692307692,0.8614930693864141,28.639901816795764,5.863451377325936e-55,on_on_p1,1
mock,scale1,self,self,without_guess,conditionAC,13.518099547511314,1.144426629057352,11.812115520805367,9.948087327367071e-22,on_on_p1,1
mock,scale1,self,self,with_guess,intercept,20.586206896551722,0.9124781673158003,22.560766530019368,3.0940034027262323e-44,on_on_p1,1
mock,scale1,self,self,with_guess,conditionAC,10.113793103448277,1.8019999952078822,5.612537808182141,1.3800502288844743e-07,on_on_p1,1
mock,scale1,self,self,with_guess,guessAC,9.239880059970018,1.3720193480549836,6.734511487078337,6.649574417748005e-10,on_on_p1,1
mock,scale1,self,self,with_guess,conditionAC:guessAC,-0.45712143928036336,2.171021158637665,-0.2105559577167876,0.8336031966399243,on_on_p1,1
