study,scale,guesser,respondent,model_type,component,est,se,t,p,model_name,trial_id
mock,scale1,self,self,without_guess,intercept,23.61538461538461,0.7046161515449465,33.515247363554394,3.884028933627708e-62,on_on_m1,14
mock,scale1,self,self,without_guess,conditionAC,10.67873303167421,0.9360278286002705,11.408563618929058,9.001886806318287e-21,on_on_m1,14
mock,scale1,self,self,with_guess,intercept,20.6551724137931,0.7982007033996685,25.87716638912909,5.233833422336652e-50,on_on_m1,14
mock,scale1,self,self,with_guess,conditionAC,8.344827586206899,1.5763200865750997,5.2938661743109945,5.744881068575866e-07,on_on_m1,14
mock,scale1,self,self,with_guess,guessAC,6.69265367316342,1.2001896022531597,5.576330323641412,1.6264212509164887e-07,on_on_m1,14
mock,scale1,self,self,with_guess,conditionAC:guessAC,-0.48575712143928323,1.8991255659494626,-0.2557793598004829,0.7985742213013735,on_on_m1,14
