study,scale,guesser,respondent,model_type,component,est,se,t,p,model_name,trial_id
mock,scale1,self,self,without_guess,intercept,22.57692307692308,0.7475242853844443,30.20226033902296,2.3457374539362433e-57,off_on_m2,7
mock,scale1,self,self,without_guess,conditionAC,3.0407239819004523,0.9930279516587792,3.0620729021989255,0.002722804456902239,off_on_m2,7
mock,scale1,self,self,with_guess,intercept,18.99999999999999,0.9656753677053624,19.675349123948127,9.251999914013024e-39,off_on_m2,7
mock,scale1,self,self,with_guess,conditionAC,-0.2999999999999983,1.7274526131090366,-0.17366612416653443,0.8624305598368982,off_on_m2,7
mock,scale1,self,self,with_guess,guessAC,6.200000000000008,1.2713706989076807,4.876626467266267,3.4629584574597294e-06,off_on_m2,7
mock,scale1,self,self,with_guess,conditionAC:guessAC,1.910344827586203,2.005408919247257,0.9525961559517063,0.34277546185945884,off_on_m2,7
