study,scale,guesser,respondent,model_type,component,est,se,t,p,model_name,trial_id
mock,scale1,self,self,without_guess,intercept,22.461538461538456,0.6741564699436126,33.317989907324,7.296596740966558e-62,on_on_m2=,10
mock,scale1,self,self,without_guess,conditionAC,10.40610859728507,0.8955645074478408,11.619608091593715,2.8427023795425643e-21,on_on_m2=,10
mock,scale1,self,self,with_guess,intercept,19.039999999999992,0.8368826462095297,22.751099077316702,1.3952430606057768e-44,on_on_m2=,10
mock,scale1,self,self,with_guess,conditionAC,9.760000000000005,1.565664067526405,6.233776582367279,7.598170146361717e-09,on_on_m2=,10
mock,scale1,self,self,with_guess,guessAC,6.589629629629632,1.1614067667717485,5.673834368940519,1.0437136769408725e-07,on_on_m2=,10
mock,scale1,self,self,with_guess,conditionAC:guessAC,-1.8206641123882532,1.844364880488109,-0.9871496316425287,0.32562386428870105,on_on_m2=,10
