study,scale,guesser,respondent,model_type,component,est,se,t,p,model_name,trial_id
mock,scale1,self,self,without_guess,intercept,24.17307692307692,0.7463483156380176,32.388465836373605,1.4838802473330221e-60,off_on_m1,30
mock,scale1,self,self,without_guess,conditionAC,2.9739819004524897,0.991465767190209,2.9995810232366225,0.0032985272859565452,off_on_m1,30
mock,scale1,self,self,with_guess,intercept,21.428571428571423,0.8824012156317249,24.28438566149342,2.6578040105768116e-47,off_on_m1,30
mock,scale1,self,self,with_guess,conditionAC,-3.2285714285714286,2.2669297684972696,-1.4242044343136506,0.15707186757771668,off_on_m1,30
mock,scale1,self,self,with_guess,guessAC,5.946428571428572,1.2988594207693982,4.578192586774417,1.186045730809513e-05,off_on_m1,30
mock,scale1,self,self,with_guess,conditionAC:guessAC,3.7107142857142867,2.5285238953728357,1.4675417117887806,0.14493491732233435,off_on_m1,30
