study,scale,guesser,respondent,model_type,component,est,se,t,p,model_name,trial_id
mock,scale1,self,self,without_guess,intercept,19.788461538461537,0.6198755895244993,31.923279240018275,6.878045258233205e-60,on_off_m2,5
mock,scale1,self,self,without_guess,conditionAC,8.32918552036199,0.8234565738987578,10.114905611751235,1.0700955069054316e-17,on_off_m2,5
mock,scale1,self,self,with_guess,intercept,19.807692307692307,0.8837847247244257,22.412349697341256,5.774395868008064e-44,on_off_m2,5
mock,scale1,self,self,with_guess,conditionAC,8.74786324786325,1.7428469808514784,5.0192950637522005,1.8915378918513813e-06,on_off_m2,5
mock,scale1,self,self,with_guess,guessAC,-0.03846153846153608,1.2498603439234555,-0.030772668841385017,0.975503720566878,on_off_m2,5
mock,scale1,self,self,with_guess,conditionAC:guessAC,-0.46624655946690224,2.0402925707944526,-0.22851946144437235,0.8196447942998257,on_off_m2,5
