study,scale,guesser,respondent,model_type,component,est,se,t,p,model_name,trial_id
mock,scale1,self,self,without_guess,intercept,24.94230769230769,0.7728968261768788,32.271199528253206,2.1806248477584133e-60,on_on_p3,1
mock,scale1,self,self,without_guess,conditionAC,16.9841628959276,1.0267334013734093,16.54194055945657,1.593545413798222e-32,on_on_p3,1
mock,scale1,self,self,with_guess,intercept,19.75,0.8601285290470074,22.961684600651854,5.809236255350689e-45,on_on_p3,1
mock,scale1,self,self,with_guess,conditionAC,15.500000000000002,1.7202570580940153,9.010281298989966,4.92288674046451e-15,on_on_p3,1
mock,scale1,self,self,with_guess,guessAC,9.642857142857142,1.1721576030214778,8.226587549319897,3.1835081365599043e-13,on_on_p3,1
mock,scale1,self,self,with_guess,conditionAC:guessAC,-2.0761904761904777,1.9721422718341066,-1.0527589747668689,0.29463949022146996,on_on_p3,1
