study,scale,guesser,respondent,model_type,component,est,se,t,p,model_name,trial_id
mock,scale1,self,self,without_guess,intercept,25.480769230769234,0.8803279010291692,28.944634381098574,1.962394817036627e-55,on_on_p2,29
mock,scale1,self,self,without_guess,conditionAC,14.622171945701357,1.1694472399615503,12.503490064401804,2.3266681110747306e-23,on_on_p2,29
mock,scale1,self,self,with_guess,intercept,19.64,0.884816133154775,22.196701963349604,1.4363533820309185e-43,on_on_p2,29
mock,scale1,self,self,with_guess,conditionAC,12.860000000000001,1.5536860689761258,8.277090370305437,2.439266862696999e-13,on_on_p2,29
mock,scale1,self,self,with_guess,guessAC,11.24888888888889,1.227927773444929,9.16087178102531,2.1929186658567337e-15,on_on_p2,29
mock,scale1,self,self,with_guess,conditionAC:guessAC,-2.0167460317460346,1.8677141573445886,-1.0797937274370353,0.28247404227930023,on_on_p2,29
