study,scale,guesser,respondent,model_type,component,est,se,t,p,model_name,trial_id
mock,scale1,self,self,without_guess,intercept,19.249999999999996,0.5956396576230142,32.318197342366176,1.8686147718774408e-60,on_off_m2,25
mock,scale1,self,self,without_guess,conditionAC,8.088235294117649,0.791261020813421,10.221955942936372,5.95809130133874e-18,on_off_m2,25
mock,scale1,self,self,with_guess,intercept,20.142857142857142,0.9356669898890881,21.527805683563585,2.5128033955073528e-42,on_off_m2,25
mock,scale1,self,self,with_guess,conditionAC,5.857142857142859,1.7814568744104893,3.287838701726123,0.0013365616463188385,on_off_m2,25
mock,scale1,self,self,with_guess,guessAC,-1.4976958525345603,1.2118312087077618,-1.2358947696450486,0.2189945657765246,on_off_m2,25
mock,scale1,self,self,with_guess,conditionAC:guessAC,3.0143625192012276,2.018183888649207,1.4936015177580144,0.1379949135832313,on_off_m2,25
