study,scale,guesser,respondent,model_type,component,est,se,t,p,model_name,trial_id
mock,scale1,self,self,without_guess,intercept,23.846153846153843,0.7922173308898688,30.100520294561505,3.3381097619209925e-57,on_on_0,28
mock,scale1,self,self,without_guess,conditionAC,11.918552036199097,1.0523991912283666,11.325124663282658,1.4204419478428374e-20,on_on_0,28
mock,scale1,self,self,with_guess,intercept,20.454545454545446,1.0700319432346423,19.115826946915792,1.202028897468514e-37,on_on_0,28
mock,scale1,self,self,with_guess,conditionAC,8.434343434343438,1.9858952402105332,4.247124049428346,4.390441921275774e-05,on_on_0,28
mock,scale1,self,self,with_guess,guessAC,5.878787878787884,1.408762514835985,4.173015548665647,5.83445087162813e-05,on_on_0,28
mock,scale1,self,self,with_guess,conditionAC:guessAC,2.045882554357126,2.282621458578061,0.8962863932908046,0.3719560772863192,on_on_0,28
