study,scale,guesser,respondent,model_type,component,est,se,t,p,model_name,trial_id
mock,scale1,self,self,without_guess,intercept,24.634615384615376,0.802620351313242,30.692737038511897,4.336899256856157e-58,on_on_p1,35
mock,scale1,self,self,without_guess,conditionAC,12.615384615384619,1.066218795840642,11.831891038310046,8.931748332146344e-22,on_on_p1,35
mock,scale1,self,self,with_guess,intercept,20.900000000000002,0.8435114393421611,24.777375889886596,3.7524856175300564e-48,on_on_p1,35
mock,scale1,self,self,with_guess,conditionAC,9.899999999999997,1.6870228786843222,5.868325868657349,4.258534547669061e-08,on_on_p1,35
mock,scale1,self,self,with_guess,guessAC,8.827272727272728,1.296824802628194,6.806835209646703,4.6475347689801497e-10,on_on_p1,35
mock,scale1,self,self,with_guess,conditionAC:guessAC,-1.2652037617554843,2.0455591969565194,-0.6185124163788146,0.5374502431326422,on_on_p1,35
