study,scale,guesser,respondent,model_type,component,est,se,t,p,model_name,trial_id
mock,scale1,self,self,without_guess,intercept,19.69230769230769,0.5194405674094676,37.91060792674771,6.417008888254206e-68,on_off_m3,2
mock,scale1,self,self,without_guess,conditionAC,7.160633484162895,0.6900364479768268,10.37718153172594,2.5477027088908806e-18,on_off_m3,2
mock,scale1,self,self,with_guess,intercept,20.09523809523809,0.7976195530798763,25.194013884995226,7.324482073165442e-49,on_off_m3,2
mock,scale1,self,self,with_guess,conditionAC,3.995670995670999,1.3604244807669725,2.93707666405587,0.0039970466617383574,on_off_m3,2
mock,scale1,self,self,with_guess,guessAC,-0.6758832565284132,1.0330387600959479,-0.6542670833238026,0.5142348157835214,on_off_m3,2
mock,scale1,self,self,with_guess,conditionAC:guessAC,3.9709390779000238,1.586226732472851,2.5033868088388105,0.013692347857586641,on_off_m3,2
