study,scale,guesser,respondent,model_type,component,est,se,t,p,model_name,trial_id
mock,scale1,self,self,without_guess,intercept,24.365384615384613,0.7815321092414765,31.17643450252181,8.377225260407491e-59,on_on_p1,45
mock,scale1,self,self,without_guess,conditionAC,14.575791855203619,1.0382047042076992,14.039419968075624,6.2656696598401416e-27,on_on_p1,45
mock,scale1,self,self,with_guess,intercept,20.407407407407405,0.8076570166902697,25.267417957978925,5.5031456306285514e-49,on_on_p1,45
mock,scale1,self,self,with_guess,conditionAC,11.00925925925926,1.456024393332521,7.561177758884572,1.021390793510774e-11,on_on_p1,45
mock,scale1,self,self,with_guess,guessAC,8.232592592592594,1.164819514666017,7.0676980329893295,1.261377008943197e-10,on_on_p1,45
mock,scale1,self,self,with_guess,conditionAC:guessAC,0.9043121693121686,1.7717246448376247,0.5104134956564016,0.6107317194589137,on_on_p1,45
