study,scale,guesser,respondent,model_type,component,est,se,t,p,model_name,trial_id
mock,scale1,self,self,without_guess,intercept,25.307692307692314,0.7463533793991945,33.90845811948316,1.1150644841995258e-62,on_on_m1,30
mock,scale1,self,self,without_guess,conditionAC,11.221719457013572,0.9914724940036217,11.318235780500212,1.474965954491136e-20,on_on_m1,30
mock,scale1,self,self,with_guess,intercept,21.34782608695653,0.9249977885541185,23.078786080478874,3.5767131395437397e-45,on_on_m1,30
mock,scale1,self,self,with_guess,conditionAC,8.318840579710143,1.7441925569844738,4.7694507962426735,5.417427447258856e-06,on_on_m1,30
mock,scale1,self,self,with_guess,guessAC,7.10044977511244,1.2386350560354806,5.732479264585781,7.977848306015513e-08,on_on_m1,30
mock,scale1,self,self,with_guess,conditionAC:guessAC,0.8091547446615678,2.013541830457149,0.4018564364654195,0.688529123659099,on_on_m1,30
