study,scale,guesser,respondent,model_type,component,est,se,t,p,model_name,trial_id
mock,scale1,self,self,without_guess,intercept,21.942307692307693,0.6862654516128156,31.973498943798404,5.823558276197612e-60,off_on_m3,45
mock,scale1,self,self,without_guess,conditionAC,2.5723981900452486,0.9116503490703084,2.821693857374764,0.0056070426497861,off_on_m3,45
mock,scale1,self,self,with_guess,intercept,18.72727272727273,0.9576191679808796,19.556075477017444,1.5929492500530452e-38,off_on_m3,45
mock,scale1,self,self,with_guess,conditionAC,1.6477272727272738,1.8544215447994752,0.8885397591222701,0.37608927180374563,off_on_m3,45
mock,scale1,self,self,with_guess,guessAC,5.572727272727273,1.2607642191145865,4.420118518782922,2.2327907397465748e-05,off_on_m3,45
mock,scale1,self,self,with_guess,conditionAC:guessAC,-0.8810606060606084,2.108937453740462,-0.4177746497402937,0.6768841855465682,off_on_m3,45
