study,scale,guesser,respondent,model_type,component,est,se,t,p,model_name,trial_id
mock,scale1,self,self,without_guess,intercept,23.13461538461538,0.7499775079662307,30.847078930875167,2.5607972687193478e-58,on_on_m2=,14
mock,scale1,self,self,without_guess,conditionAC,9.600678733031675,0.9962868673127391,9.636460188346513,1.4584429333776092e-16,on_on_m2=,14
mock,scale1,self,self,with_guess,intercept,20.239999999999995,1.0035032608543826,20.169341535340564,9.935642326533029e-40,on_on_m2=,14
mock,scale1,self,self,with_guess,conditionAC,8.093333333333337,2.2809933008416445,3.5481618163223216,0.0005610231642788198,on_on_m2=,14
mock,scale1,self,self,with_guess,guessAC,5.574814814814818,1.3926390789826415,4.003057862549257,0.0001106204115183821,on_on_m2=,14
mock,scale1,self,self,with_guess,conditionAC:guessAC,-0.7468578255675085,2.557618269756297,-0.29201301632814536,0.7707982768500898,on_on_m2=,14
