study,scale,guesser,respondent,model_type,component,est,se,t,p,model_name,trial_id
mock,scale1,self,self,without_guess,intercept,23.442307692307686,0.7537441863482273,31.101145610000657,1.0806270931444895e-58,on_on_m3,39
mock,scale1,self,self,without_guess,conditionAC,8.395927601809957,1.0012906069789465,8.385105725840983,1.2492167254013474e-13,on_on_m3,39
mock,scale1,self,self,with_guess,intercept,19.0952380952381,1.0371055836149896,18.412048297607978,3.199905719416966e-36,on_on_m3,39
mock,scale1,self,self,with_guess,conditionAC,8.34920634920635,1.8934870755349673,4.409434031572382,2.3291644104019965e-05,on_on_m3,39
mock,scale1,self,self,with_guess,guessAC,7.291858678955451,1.3432096317715554,5.428682542529299,3.1594538199197817e-07,on_on_m3,39
mock,scale1,self,self,with_guess,conditionAC:guessAC,-2.227828547128711,2.1671995368018067,-1.0279757397956886,0.30609999594641774,on_on_m3,39
