study,scale,guesser,respondent,model_type,component,est,se,t,p,model_name,trial_id
mock,scale1,self,self,without_guess,intercept,23.0576923076923,0.7544830969477785,30.56091302902739,6.812603195454651e-58,on_on_m1,5
mock,scale1,self,self,without_guess,conditionAC,11.559954751131224,1.0022721923180153,11.53374785785069,4.5426886967076845e-21,on_on_m1,5
mock,scale1,self,self,with_guess,intercept,19.076923076923073,0.8761330312155647,21.774002802354527,8.709170288214633e-43,on_on_m1,5
mock,scale1,self,self,with_guess,conditionAC,9.700854700854702,1.7277576377600623,5.614708040550929,1.3665054162714767e-07,on_on_m1,5
mock,scale1,self,self,with_guess,guessAC,7.961538461538466,1.2390392151881018,6.42557423844717,3.0174017828776786e-09,on_on_m1,5
mock,scale1,self,self,with_guess,conditionAC:guessAC,-1.2308416630450563,2.0226279823676796,-0.6085358621431898,0.5440219107699781,on_on_m1,5
