study,scale,guesser,respondent,model_type,component,est,se,t,p,model_name,trial_id
mock,scale1,self,self,without_guess,intercept,24.46153846153846,0.774853386895541,31.56924764766648,2.2364817954168216e-59,on_on_0,38
mock,scale1,self,self,without_guess,conditionAC,11.332579185520363,1.0293325403187745,11.009638519744815,7.98124068095507e-20,on_on_0,38
mock,scale1,self,self,with_guess,intercept,20.34615384615384,0.8887199522987937,22.89377412257458,7.701742944753759e-45,on_on_0,38
mock,scale1,self,self,with_guess,conditionAC,9.453846153846158,1.6862275507802302,5.606506754958304,1.4183855115541727e-07,on_on_0,38
mock,scale1,self,self,with_guess,guessAC,8.230769230769234,1.2568398096925244,6.548781449549107,1.6566114347071564e-09,on_on_0,38
mock,scale1,self,self,with_guess,conditionAC:guessAC,-1.2031830238726822,1.996808744395065,-0.602552962195279,0.5479822396238938,on_on_0,38
