study,scale,guesser,respondent,model_type,component,est,se,t,p,model_name,trial_id
mock,scale1,self,self,without_guess,intercept,22.71153846153846,0.6864706616878814,33.08449978866649,1.545107182894127e-61,on_on_m2=,5
mock,scale1,self,self,without_guess,conditionAC,10.244343891402716,0.91192295471602,11.233782238317364,2.34083560366393e-20,on_on_m2=,5
mock,scale1,self,self,with_guess,intercept,19.826086956521735,0.8673456696467561,22.858345467495454,8.924290578112359e-45,on_on_m2=,5
mock,scale1,self,self,with_guess,conditionAC,7.3277591973244185,1.443350439444475,5.0769092502197655,1.4774611113208723e-06,on_on_m2=,5
mock,scale1,self,self,with_guess,guessAC,5.173913043478267,1.161434941162766,4.454759246607842,1.9460578607962412e-05,on_on_m2=,5
mock,scale1,self,self,with_guess,conditionAC:guessAC,1.9995135299483082,1.7304613489258662,1.1554800291780272,0.25026839809668916,on_on_m2=,5
