study,scale,guesser,respondent,model_type,component,est,se,t,p,model_name,trial_id
mock,scale1,self,self,without_guess,intercept,25.403846153846157,0.8628804810332938,29.44074725554716,3.3644244308072703e-56,on_on_p3,33
mock,scale1,self,self,without_guess,conditionAC,17.30203619909502,1.1462696976676245,15.094210580895915,2.521184430663234e-29,on_on_p3,33
mock,scale1,self,self,with_guess,intercept,20.576923076923084,0.9623665678304462,21.381585525473504,4.731243593677832e-42,on_on_p3,33
mock,scale1,self,self,with_guess,conditionAC,14.756410256410257,1.8978124652908892,7.775483893319487,3.3721906393520093e-12,on_on_p3,33
mock,scale1,self,self,with_guess,guessAC,9.653846153846157,1.3609918522002642,7.093243165445221,1.1090718794373892e-10,on_on_p3,33
mock,scale1,self,self,with_guess,conditionAC:guessAC,-1.1566710126032187,2.2217054717003166,-0.5206230201692733,0.6036217380906976,on_on_p3,33
