study,scale,guesser,respondent,model_type,component,est,se,t,p,model_name,trial_id
mock,scale1,self,self,without_guess,intercept,20.249999999999996,0.6109108727840529,33.14722474608509,1.2625339644288608e-61,on_off_m3,8
mock,scale1,self,self,without_guess,conditionAC,6.647058823529413,0.8115476440137732,8.190595921952553,3.5100668733051526e-13,on_off_m3,8
mock,scale1,self,self,with_guess,intercept,19.190476190476176,0.9611367927011729,19.9664359290038,2.4752506609941335e-39,on_off_m3,8
mock,scale1,self,self,with_guess,conditionAC,7.587301587301592,1.7547876740353303,4.323771872555809,3.260760797392995e-05,on_off_m3,8
mock,scale1,self,self,with_guess,guessAC,1.777265745007684,1.2448184811677805,1.427730847424765,0.15605597981969085,on_off_m3,8
mock,scale1,self,self,with_guess,conditionAC:guessAC,-1.6397892854973275,2.008450484553971,-0.816444964965858,0.4159191866339248,on_off_m3,8
