study,scale,guesser,respondent,model_type,component,est,se,t,p,model_name,trial_id
mock,scale1,self,self,without_guess,intercept,25.557692307692303,0.7162184441168141,35.684214107622005,4.5923785342405135e-65,off_on_p2,24
mock,scale1,self,self,without_guess,conditionAC,3.692307692307694,0.9514405731123263,3.880754927477518,0.00017200975394314976,off_on_p2,24
mock,scale1,self,self,with_guess,intercept,20.44444444444444,0.9707719005006136,21.05998786522511,1.9203801772331966e-41,off_on_p2,24
mock,scale1,self,self,with_guess,conditionAC,1.1269841269841308,1.8345864489244021,0.6142987307274994,0.540220910561243,off_on_p2,24
mock,scale1,self,self,with_guess,guessAC,7.8202614379085,1.2005476728864182,6.513911620940989,1.963970076518107e-09,off_on_p2,24
mock,scale1,self,self,with_guess,conditionAC:guessAC,0.7394575316465358,2.035364525292564,0.36330471640712414,0.7170384957797091,off_on_p2,24
