study,scale,guesser,respondent,model_type,component,est,se,t,p,model_name,trial_id
mock,scale1,self,self,without_guess,intercept,22.13461538461538,0.582995719722674,37.96702897775068,5.455657149215533e-68,on_on_m3,16
mock,scale1,self,self,without_guess,conditionAC,9.77714932126697,0.7744645313888424,12.624399084789163,1.2100048729423984e-23,on_on_m3,16
mock,scale1,self,self,with_guess,intercept,19.85714285714285,0.7166772370118166,27.707232533207197,5.648375945628523e-53,on_on_m3,16
mock,scale1,self,self,with_guess,conditionAC,8.428571428571432,1.6025390198851506,5.259510891145405,6.681588205523928e-07,on_on_m3,16
mock,scale1,self,self,with_guess,guessAC,4.934523809523813,1.0549203292714882,4.677626994762267,7.911036487128412e-06,on_on_m3,16
mock,scale1,self,self,with_guess,conditionAC:guessAC,-0.8923692427790828,1.8447560336526478,-0.4837329308050435,0.6294873351822318,on_on_m3,16
