study,scale,guesser,respondent,model_type,component,est,se,t,p,model_name,trial_id
mock,scale1,self,self,without_guess,intercept,22.75,0.6186608113324195,36.77297734602418,1.769524770915242e-66,off_on_m1,5
mock,scale1,self,self,without_guess,conditionAC,1.9999999999999998,0.8218428354244548,2.4335553147057194,0.016450786177428376,off_on_m1,5
mock,scale1,self,self,with_guess,intercept,20.464285714285708,0.748395237909751,27.344222247380863,2.1322995093936085e-52,off_on_m1,5
mock,scale1,self,self,with_guess,conditionAC,0.2629870129870159,1.4091816404280288,0.1866239279892516,0.8522814987865656,off_on_m1,5
mock,scale1,self,self,with_guess,guessAC,4.952380952380955,1.1016079624529098,4.495592916152922,1.6535507401372136e-05,off_on_m1,5
mock,scale1,self,self,with_guess,conditionAC:guessAC,-0.15333789017999844,1.7071532341211846,-0.08982081228281441,0.92858451267448,off_on_m1,5
