study,scale,guesser,respondent,model_type,component,est,se,t,p,model_name,trial_id
mock,scale1,self,self,without_guess,intercept,23.980769230769234,0.7754020890938461,30.9268824111549,1.9517359139861737e-58,on_on_0,5
mock,scale1,self,self,without_guess,conditionAC,12.622171945701355,1.030061448570596,12.253804822243366,9.003307985841807e-23,on_on_0,5
mock,scale1,self,self,with_guess,intercept,20.46153846153846,0.9298265957148771,22.005757370068608,3.2335939618106773e-43,on_on_0,5
mock,scale1,self,self,with_guess,conditionAC,10.92307692307692,1.610506906006973,6.782384404770522,5.246752233160747e-10,on_on_0,5
mock,scale1,self,self,with_guess,guessAC,7.038461538461538,1.3149733823151846,5.352550578681217,4.432881043465208e-07,on_on_0,5
mock,scale1,self,self,with_guess,conditionAC:guessAC,-0.5867132867132872,1.966473837896769,-0.2983580434209097,0.7659636835933333,on_on_0,5
