study,scale,guesser,respondent,model_type,component,est,se,t,p,model_name,trial_id
mock,scale1,self,self,without_guess,intercept,19.634615384615383,0.5587788353233009,35.13843786380187,2.423919605967755e-64,on_off_m1,28
mock,scale1,self,self,without_guess,conditionAC,8.497737556561086,0.7422942814306094,11.447936174563491,7.259249399155635e-21,on_off_m1,28
mock,scale1,self,self,with_guess,intercept,18.142857142857135,0.8684059612271494,20.892137954948353,4.0097379082006273e-41,on_off_m1,28
mock,scale1,self,self,with_guess,conditionAC,10.190476190476195,1.5854851134535544,6.427355327404477,2.99146345420665e-09,on_off_m1,28
mock,scale1,self,self,with_guess,guessAC,2.502304147465442,1.1247179359909518,2.2248281701498294,0.028027282508773243,on_off_m1,28
mock,scale1,self,self,with_guess,conditionAC:guessAC,-2.733942565544538,1.8146744426612529,-1.506574678781039,0.1346381399435348,on_off_m1,28
