study,scale,guesser,respondent,model_type,component,est,se,t,p,model_name,trial_id
mock,scale1,self,self,without_guess,intercept,26.423076923076916,0.9204536503548564,28.70658062238137,4.611196504768969e-55,on_on_p3,47
mock,scale1,self,self,without_guess,conditionAC,15.60633484162896,1.2227511813059686,12.763295656734101,5.716612576982071e-24,on_on_p3,47
mock,scale1,self,self,with_guess,intercept,20.61538461538461,0.89655659198451,22.993957994054643,5.081579129321025e-45,on_on_p3,47
mock,scale1,self,self,with_guess,conditionAC,11.495726495726503,1.7680334427480835,6.501984757629079,2.081508682286625e-09,on_on_p3,47
mock,scale1,self,self,with_guess,guessAC,11.615384615384624,1.2679224918194953,9.160957937354912,2.191903134382966e-15,on_on_p3,47
mock,scale1,self,self,with_guess,conditionAC:guessAC,-0.184122845139801,2.069777517927984,-0.08895779548524761,0.9292688548841279,on_on_p3,47
