study,scale,guesser,respondent,model_type,component,est,se,t,p,model_name,trial_id
mock,scale1,self,self,without_guess,intercept,19.500000000000004,0.6467021681591226,30.15298380011304,2.7825331313302003e-57,on_off_p3,24
mock,scale1,self,self,without_guess,conditionAC,13.338235294117645,0.8590935999491593,15.525939542451479,2.731506505298386e-30,on_off_p3,24
mock,scale1,self,self,with_guess,intercept,19.71428571428571,1.0236308151402045,19.259175693714816,6.208079723867201e-38,on_off_p3,24
mock,scale1,self,self,with_guess,conditionAC,14.035714285714288,1.6974996688328539,8.268463637088539,2.552850411309456e-13,on_off_p3,24
mock,scale1,self,self,with_guess,guessAC,-0.359447004608292,1.325757755041575,-0.27112570395412844,0.7867762301696231,on_off_p3,24
mock,scale1,self,self,with_guess,conditionAC:guessAC,-0.7476958525345658,1.9960589225208636,-0.374586062614968,0.7086522525186563,on_off_p3,24
