study,scale,guesser,respondent,model_type,component,est,se,t,p,model_name,trial_id
mock,scale1,self,self,without_guess,intercept,23.846153846153847,0.9680345599331603,24.633576974566225,2.458472811680507e-48,on_on_p2,17
mock,scale1,self,self,without_guess,conditionAC,16.4920814479638,1.2859587239910937,12.824736237862343,4.104696090869503e-24,on_on_p2,17
mock,scale1,self,self,with_guess,intercept,19.000000000000007,0.8708937948750431,21.81666709742277,7.253590806648793e-43,on_on_p2,17
mock,scale1,self,self,with_guess,conditionAC,14.199999999999996,1.541588619827766,9.211277131499902,1.6721950169998134e-15,on_on_p2,17
mock,scale1,self,self,with_guess,guessAC,12.6,1.4042740491352894,8.972607595902458,6.024806900169643e-15,on_on_p2,17
mock,scale1,self,self,with_guess,conditionAC:guessAC,-3.441509433962264,2.0119544664820648,-1.710530477352104,0.0898409870175736,on_on_p2,17
