study,scale,guesser,respondent,model_type,component,est,se,t,p,model_name,trial_id
mock,scale1,self,self,without_guess,intercept,25.307692307692303,0.7239418077781129,34.95818591464616,4.2186313954832034e-64,off_on_m1,24
mock,scale1,self,self,without_guess,conditionAC,0.942307692307694,0.9617004618496547,0.9798349170960546,0.32917225283219953,off_on_m1,24
mock,scale1,self,self,with_guess,intercept,21.29166666666666,0.8510752686786692,25.017372082404513,1.4608480352622586e-48,off_on_m1,24
mock,scale1,self,self,with_guess,conditionAC,-1.8472222222222194,1.6296850659479334,-1.1334841687020996,0.2593481830604081,off_on_m1,24
mock,scale1,self,self,with_guess,guessAC,7.458333333333336,1.159820088784346,6.430595059920642,2.944845139789704e-09,off_on_m1,24
mock,scale1,self,self,with_guess,conditionAC:guessAC,0.38535781544255815,1.8898066807475624,0.20391388144004222,0.8387781073021306,off_on_m1,24
