study,scale,guesser,respondent,model_type,component,est,se,t,p,model_name,trial_id
mock,scale1,self,self,without_guess,intercept,23.23076923076923,0.7882129484902902,29.472706931882385,3.0054558904080333e-56,on_on_m2=,21
mock,scale1,self,self,without_guess,conditionAC,9.29864253393665,1.047079680237674,8.880549120985687,8.783555197181501e-15,on_on_m2=,21
mock,scale1,self,self,with_guess,intercept,18.695652173913043,0.8701195498995267,21.486302860419404,3.006404631898478e-42,on_on_m2=,21
mock,scale1,self,self,with_guess,conditionAC,7.116847826086955,1.358473711872465,5.238855756934289,7.314845394240565e-07,on_on_m2=,21
mock,scale1,self,self,with_guess,guessAC,8.131934032983509,1.1651493557968775,6.979306122880578,1.966309357763585e-10,on_on_m2=,21
mock,scale1,self,self,with_guess,conditionAC:guessAC,0.6517198131703372,1.667570245032039,0.39082000600089606,0.6966471363705284,on_on_m2=,21
