study,scale,guesser,respondent,model_type,component,est,se,t,p,model_name,trial_id
mock,scale1,self,self,without_guess,intercept,22.21153846153846,0.6973281917316855,31.85234545928828,8.703772412247956e-60,on_on_m3,34
mock,scale1,self,self,without_guess,conditionAC,8.67081447963801,0.9263463400565075,9.36022965137325,6.554122745617937e-16,on_on_m3,34
mock,scale1,self,self,with_guess,intercept,20.6,0.9369567839856854,21.986072732586912,3.516613774751831e-43,on_on_m3,34
mock,scale1,self,self,with_guess,conditionAC,5.3999999999999995,1.6950185985046882,3.1858057514907343,0.0018546443800681657,on_on_m3,34
mock,scale1,self,self,with_guess,guessAC,3.1037037037037027,1.300287386794757,2.3869367150860508,0.01860633763218814,on_on_m3,34
mock,scale1,self,self,with_guess,conditionAC:guessAC,2.7208576998050673,2.017668437968098,1.3485157663194254,0.18011954740521174,on_on_m3,34
