study,scale,guesser,respondent,model_type,component,est,se,t,p,model_name,trial_id
mock,scale1,self,self,without_guess,intercept,25.21153846153846,0.8993685115081639,28.032489617921883,5.334659106531882e-54,on_on_p3,28
mock,scale1,self,self,without_guess,conditionAC,16.5972850678733,1.1947412120665029,13.891949905340208,1.3671211410559552e-26,on_on_p3,28
mock,scale1,self,self,with_guess,intercept,20.724137931034477,0.8764456582744174,23.645662153015873,3.495578935732776e-46,on_on_p3,28
mock,scale1,self,self,with_guess,conditionAC,12.968169761273206,1.5753532854115175,8.231912093220176,3.095430650690585e-13,on_on_p3,28
mock,scale1,self,self,with_guess,guessAC,10.145427286356828,1.317840189216399,7.698526247245049,5.025703108908422e-12,on_on_p3,28
mock,scale1,self,self,with_guess,conditionAC:guessAC,-0.11046225139178789,1.9634948378744685,-0.056257979018353825,0.9552330806760018,on_on_p3,28
