study,scale,guesser,respondent,model_type,component,est,se,t,p,model_name,trial_id
mock,scale1,self,self,without_guess,intercept,24.903846153846143,0.8968527841480616,27.76804241902734,1.4106941966789027e-53,on_on_p1,28
mock,scale1,self,self,without_guess,conditionAC,13.625565610859727,1.1913992636694022,11.436607379539765,7.72281948358039e-21,on_on_p1,28
mock,scale1,self,self,with_guess,intercept,20.119999999999994,1.0171838674566318,19.78010135995184,5.7496123490554144e-39,on_on_p1,28
mock,scale1,self,self,with_guess,conditionAC,9.98,1.902976765688196,5.244415055372899,7.138865737006075e-07,on_on_p1,28
mock,scale1,self,self,with_guess,guessAC,9.213333333333335,1.4116247147266239,6.526758307088435,1.8446876273552922e-09,on_on_p1,28
mock,scale1,self,self,with_guess,conditionAC:guessAC,0.6694252873563191,2.241721955441738,0.2986210157469805,0.7657635094880901,on_on_p1,28
