study,scale,guesser,respondent,model_type,component,est,se,t,p,model_name,trial_id
mock,scale1,self,self,without_guess,intercept,20.980769230769234,0.5827279732742942,36.004396893597274,1.7476510641796778e-65,on_off_m3,37
mock,scale1,self,self,without_guess,conditionAC,5.092760180995476,0.7741088510284887,6.578868300277389,1.3642667157346611e-09,on_off_m3,37
mock,scale1,self,self,with_guess,intercept,21.782608695652172,0.8775658472352199,24.82162308877277,3.151934239852934e-48,on_off_m3,37
mock,scale1,self,self,with_guess,conditionAC,3.884057971014495,1.4987290050844866,2.591567893753776,0.010781149890108237,on_off_m3,37
mock,scale1,self,self,with_guess,guessAC,-1.4377811094452757,1.1751204552219583,-1.2235180683444964,0.22361363679675625,on_off_m3,37
mock,scale1,self,self,with_guess,conditionAC:guessAC,1.9318287284928939,1.7813688361471716,1.084463076535651,0.2804083078228154,on_off_m3,37
