study,scale,guesser,respondent,model_type,component,est,se,t,p,model_name,trial_id
mock,scale1,self,self,without_guess,intercept,22.288461538461533,0.6345845904675715,35.12291642953236,2.5421466024640905e-64,off_on_m2,47
mock,scale1,self,self,without_guess,conditionAC,2.8144796380090518,0.84299633917867,3.3386617559350196,0.0011269314715172932,off_on_m2,47
mock,scale1,self,self,with_guess,intercept,19.961538461538453,0.8351451921108839,23.90187796098588,1.2366757704857953e-46,off_on_m2,47
mock,scale1,self,self,with_guess,conditionAC,2.5839160839160864,1.531674579742388,1.6869876396007528,0.09429317600392599,off_on_m2,47
mock,scale1,self,self,with_guess,guessAC,4.653846153846157,1.1810736572338962,3.9403521747708603,0.00013944848257490153,off_on_m2,47
mock,scale1,self,self,with_guess,conditionAC:guessAC,-1.6028094712305256,1.8334769092132988,-0.8741912500650215,0.38382038410526886,off_on_m2,47
