study,scale,guesser,respondent,model_type,component,est,se,t,p,model_name,trial_id
mock,scale1,self,self,without_guess,intercept,20.500000000000004,0.5591906018085501,36.66012971909457,2.4705360546804066e-66,on_off_m2,13
mock,scale1,self,self,without_guess,conditionAC,7.220588235294117,0.7428412812236642,9.720230172722522,9.238059711761118e-17,on_off_m2,13
mock,scale1,self,self,with_guess,intercept,20.740740740740737,0.7781906098927158,26.65251993158865,2.778838737787431e-51,on_off_m2,13
mock,scale1,self,self,with_guess,conditionAC,5.992592592592593,1.3021619526428165,4.602033242048167,1.0768274495374665e-05,on_off_m2,13
mock,scale1,self,self,with_guess,guessAC,-0.5007407407407404,1.1223224584211127,-0.44616476929917653,0.6563099473783753,on_off_m2,13
mock,scale1,self,self,with_guess,conditionAC:guessAC,1.7674074074074073,1.630385280751634,1.084042789317016,0.2805938173874824,on_off_m2,13
