study,scale,guesser,respondent,model_type,component,est,se,t,p,model_name,trial_id
mock,scale1,self,self,without_guess,intercept,19.192307692307686,0.5813496552844929,33.01336384712505,1.9435637145894567e-61,on_off_p2,48
mock,scale1,self,self,without_guess,conditionAC,13.087104072398192,0.7722778626353252,16.946108007990397,2.1318441842396565e-33,on_off_p2,48
mock,scale1,self,self,with_guess,intercept,19.39999999999999,0.8451308393100522,22.955025538812144,5.97197134773473e-45,on_off_p2,48
mock,scale1,self,self,with_guess,conditionAC,12.700000000000003,1.5810950238474584,8.032407798675912,8.829964803808978e-13,on_off_p2,48
mock,scale1,self,self,with_guess,guessAC,-0.399999999999998,1.1728534221946747,-0.3410485849557461,0.7336839557520873,on_off_p2,48
mock,scale1,self,self,with_guess,conditionAC:guessAC,0.6103448275862045,1.8625426713062,0.3276944131208387,0.7437334146828636,on_off_p2,48
