study,scale,guesser,respondent,model_type,component,est,se,t,p,model_name,trial_id
mock,scale1,self,self,without_guess,intercept,23.211538461538453,0.6625597133544837,35.03312681663121,3.34960940364982e-64,off_on_m2,26
mock,scale1,self,self,without_guess,conditionAC,1.317873303167424,0.8801591170588643,1.4973125627230033,0.13698212781189925,off_on_m2,26
mock,scale1,self,self,with_guess,intercept,21.034482758620683,0.8104863009019353,25.952915842270045,3.918050800296199e-50,off_on_m2,26
mock,scale1,self,self,with_guess,conditionAC,-0.5900383141762405,1.6653910341648062,-0.3542941579916364,0.7237616684744483,off_on_m2,26
mock,scale1,self,self,with_guess,guessAC,4.922038980509749,1.2186624579107483,4.038886197370844,9.680478228810222e-05,off_on_m2,26
mock,scale1,self,self,with_guess,conditionAC:guessAC,-0.21394105207283728,1.981074105931592,-0.10799245289828892,0.9141882488442594,off_on_m2,26
