study,scale,guesser,respondent,model_type,component,est,se,t,p,model_name,trial_id
mock,scale1,self,self,without_guess,intercept,24.44230769230769,0.7626078588244807,32.05095175649541,4.507071582730562e-60,off_on_0,20
mock,scale1,self,self,without_guess,conditionAC,2.7782805429864266,1.0130653074072296,2.7424495959662942,0.007049175985738696,off_on_0,20
mock,scale1,self,self,with_guess,intercept,20.36,0.8690283912666985,23.428463562994988,8.48393965726659e-46,off_on_0,20
mock,scale1,self,self,with_guess,conditionAC,-1.1099999999999972,1.765005006342416,-0.6288934003083808,0.5306553232903346,off_on_0,20
mock,scale1,self,self,with_guess,guessAC,7.862222222222224,1.2060179031137583,6.519158796833064,1.9143571178988314e-09,off_on_0,20
mock,scale1,self,self,with_guess,conditionAC:guessAC,1.17111111111111,2.0320389974674717,0.5763231476220018,0.5655133551959275,off_on_0,20
