study,scale,guesser,respondent,model_type,component,est,se,t,p,model_name,trial_id
mock,scale1,self,self,without_guess,intercept,21.40384615384615,0.6696416228198893,31.96313583930707,6.026923764806843e-60,off_on_m3,20
mock,scale1,self,self,without_guess,conditionAC,2.6108597285067883,0.8895668837197799,2.9349785567436077,0.0040100838216163585,off_on_m3,20
mock,scale1,self,self,with_guess,intercept,19.73333333333333,0.8116916822999147,24.311365711447557,2.386119616943514e-47,off_on_m3,20
mock,scale1,self,self,with_guess,conditionAC,-0.7333333333333334,1.6896709770931988,-0.4340095458080915,0.665087659614684,off_on_m3,20
mock,scale1,self,self,with_guess,guessAC,3.94848484848485,1.2479047190094468,3.164091607586075,0.0019866959597962344,off_on_m3,20
mock,scale1,self,self,with_guess,conditionAC:guessAC,1.8311761684643035,2.0219831659869403,0.9056337358627301,0.36700696981151226,off_on_m3,20
