study,scale,guesser,respondent,model_type,component,est,se,t,p,model_name,trial_id
mock,scale1,self,self,without_guess,intercept,22.884615384615383,0.7624580818448867,30.014260363327086,4.5052829849527035e-57,on_on_m2=,47
mock,scale1,self,self,without_guess,conditionAC,10.247737556561084,1.01286634032327,10.117561566208607,1.0546649005355291e-17,on_on_m2=,47
mock,scale1,self,self,with_guess,intercept,18.81818181818182,1.0193603090005314,18.460775500110245,2.5443764451009577e-36,on_on_m2=,47
mock,scale1,self,self,with_guess,conditionAC,10.104895104895105,1.672592193269019,6.041457771691176,1.893653262370449e-08,on_on_m2=,47
mock,scale1,self,self,with_guess,guessAC,7.048484848484848,1.3420502084176316,5.252027684415392,6.904574937011659e-07,on_on_m2=,47
mock,scale1,self,self,with_guess,conditionAC:guessAC,-1.8442890442890458,1.9937919006653833,-0.9250158171841082,0.35687801917456174,on_on_m2=,47
