study,scale,guesser,respondent,model_type,component,est,se,t,p,model_name,trial_id
mock,scale1,self,self,without_guess,intercept,24.365384615384613,0.9308463404830863,26.17551743582037,5.711526249425147e-51,on_on_p3,24
mock,scale1,self,self,without_guess,conditionAC,19.061085972850677,1.2365570629235179,15.414643241603175,4.834370455893147e-30,on_on_p3,24
mock,scale1,self,self,with_guess,intercept,17.749999999999996,0.9582329318435066,18.5236797965725,1.8934475178467828e-36,on_on_p3,24
mock,scale1,self,self,with_guess,conditionAC,14.583333333333336,2.1426739738810037,6.806137336385662,4.663660415884727e-10,on_on_p3,24
mock,scale1,self,self,with_guess,guessAC,12.285714285714292,1.3058513682488764,9.408202636559793,5.787946330692607e-16,on_on_p3,24
mock,scale1,self,self,with_guess,conditionAC:guessAC,-0.119047619047627,2.394478120133367,-0.04971756394290891,0.9604329651186009,on_on_p3,24
