study,scale,guesser,respondent,model_type,component,est,se,t,p,model_name,trial_id
mock,scale1,self,self,without_guess,intercept,19.88461538461538,0.6132483327436299,32.42506228374565,1.31620567751309e-60,on_off_m1,35
mock,scale1,self,self,without_guess,conditionAC,8.718325791855202,0.8146527780156061,10.70189168579523,4.3045666433888484e-19,on_off_m1,35
mock,scale1,self,self,with_guess,intercept,19.961538461538456,0.8702378960629803,22.938024822690338,6.408563958190479e-45,on_off_m1,35
mock,scale1,self,self,with_guess,conditionAC,7.311188811188813,1.596035367645619,4.580843858099375,1.1733897805804079e-05,on_off_m1,35
mock,scale1,self,self,with_guess,guessAC,-0.1538461538461511,1.2307022351032944,-0.12500680461772185,0.900734543867155,on_off_m1,35
mock,scale1,self,self,with_guess,conditionAC:guessAC,1.740768003925896,1.9105193959399471,0.9111490873242163,0.3641063699445306,on_off_m1,35
