study,scale,guesser,respondent,model_type,component,est,se,t,p,model_name,trial_id
mock,scale1,self,self,without_guess,intercept,22.134615384615383,0.6849312987265898,32.31654828121829,1.8787608602395118e-60,on_on_m2=,48
mock,scale1,self,self,without_guess,conditionAC,12.012443438914028,0.9098780305868664,13.202256824649416,5.396378838802174e-25,on_on_m2=,48
mock,scale1,self,self,with_guess,intercept,20.02941176470588,0.7530451440794917,26.597889810695822,3.410494588285272e-51,on_on_m2=,48
mock,scale1,self,self,with_guess,conditionAC,8.970588235294118,1.8224848245454732,4.922174448026682,2.858125444924152e-06,on_on_m2=,48
mock,scale1,self,self,with_guess,guessAC,6.0816993464052285,1.2799306280925395,4.75158513510118,5.83362230075015e-06,on_on_m2=,48
mock,scale1,self,self,with_guess,conditionAC:guessAC,-0.34399442837244276,2.1699474782135137,-0.15852661496473103,0.8743175045203885,on_on_m2=,48
