study,scale,guesser,respondent,model_type,component,est,se,t,p,model_name,trial_id
mock,scale1,self,self,without_guess,intercept,22.557692307692303,0.7355010563808188,30.669829923415715,4.690449073402958e-58,on_on_m3,49
mock,scale1,self,self,without_guess,conditionAC,8.251131221719458,0.9770560257919771,8.444890573221016,9.083294808836305e-14,on_on_m3,49
mock,scale1,self,self,with_guess,intercept,19.249999999999996,1.2460531673811193,15.448778995890285,6.340669094942372e-30,on_on_m3,49
mock,scale1,self,self,with_guess,conditionAC,8.321428571428575,1.824035065417478,4.562099012895895,1.2657480727244715e-05,on_on_m3,49
mock,scale1,self,self,with_guess,guessAC,4.777777777777781,1.4975695289823132,3.1903545613835793,0.001828036969919493,on_on_m3,49
mock,scale1,self,self,with_guess,conditionAC:guessAC,-0.7010582010582046,2.1159427962176873,-0.33132190639149967,0.7409991442205827,on_on_m3,49
