study,scale,guesser,respondent,model_type,component,est,se,t,p,model_name,trial_id
mock,scale1,self,self,without_guess,intercept,24.999999999999996,0.9068458690268293,27.56808058995565,2.956300073847516e-53,on_on_p1,22
mock,scale1,self,self,without_guess,conditionAC,14.617647058823529,1.2046743007510556,12.134107160508147,1.7246553497651143e-22,on_on_p1,22
mock,scale1,self,self,with_guess,intercept,20.159999999999997,1.0595330308854154,19.02725013032673,1.8104781592253318e-37,on_on_p1,22
mock,scale1,self,self,with_guess,conditionAC,11.94,1.9822047957716986,6.023595556558826,2.059868232544718e-08,on_on_p1,22
mock,scale1,self,self,with_guess,guessAC,9.32148148148148,1.4703959238036461,6.339436427005666,4.57534722515403e-09,on_on_p1,22
mock,scale1,self,self,with_guess,conditionAC:guessAC,-0.5076883780332074,2.3350532129362853,-0.21742047471149442,0.8282626447503996,on_on_p1,22
