study,scale,guesser,respondent,model_type,component,est,se,t,p,model_name,trial_id
mock,scale1,self,self,without_guess,intercept,25.480769230769223,0.9348014018553668,27.25794931436317,9.386222181214765e-53,on_on_p3,37
mock,scale1,self,self,without_guess,conditionAC,15.50452488687783,1.241811054760292,12.485413805460672,2.5657940106775686e-23,on_on_p3,37
mock,scale1,self,self,with_guess,intercept,20.793103448275858,0.854171732217961,24.343001136649686,2.1029335829600639e-47,on_on_p3,37
mock,scale1,self,self,with_guess,conditionAC,9.006896551724143,1.6868540119609956,5.339464166939662,4.6973524259160987e-07,on_on_p3,37
mock,scale1,self,self,with_guess,guessAC,10.598200899550228,1.2843486947333014,8.25180960825516,2.787215097413673e-13,on_on_p3,37
mock,scale1,self,self,with_guess,conditionAC:guessAC,2.515592203898045,2.0322950950272762,1.2378085298996808,0.21828657798954718,on_on_p3,37
