study,scale,guesser,respondent,model_type,component,est,se,t,p,model_name,trial_id
mock,scale1,self,self,without_guess,intercept,25.019230769230766,0.7746119728357014,32.29904990706548,1.9899027158945964e-60,on_on_m1,38
mock,scale1,self,self,without_guess,conditionAC,10.539592760180994,1.0290118404913158,10.242440704228168,5.32633465293243e-18,on_on_m1,38
mock,scale1,self,self,with_guess,intercept,21.391304347826086,0.9554156472374989,22.389526913942824,6.357370502934584e-44,on_on_m1,38
mock,scale1,self,self,with_guess,conditionAC,5.3586956521739175,1.8807375823255394,2.8492521777269264,0.00518660369246631,on_on_m1,38
mock,scale1,self,self,with_guess,guessAC,6.505247376311845,1.2793666410846307,5.084740501594428,1.4284901307590177e-06,on_on_m1,38
mock,scale1,self,self,with_guess,conditionAC:guessAC,3.4780859570214893,2.1473350389534076,1.6197220712780238,0.10800754055569405,on_on_m1,38
