study,scale,guesser,respondent,model_type,component,est,se,t,p,model_name,trial_id
mock,scale1,self,self,without_guess,intercept,22.884615384615383,0.7741744040166172,29.560025836405952,2.209224822645165e-56,on_on_0,40
mock,scale1,self,self,without_guess,conditionAC,13.718325791855206,1.028430564301872,13.339087992943496,2.593927020588624e-25,on_on_0,40
mock,scale1,self,self,with_guess,intercept,19.080000000000002,0.8774251589885976,21.745444388662612,9.844511972241571e-43,on_on_0,40
mock,scale1,self,self,with_guess,conditionAC,9.031111111111112,1.705407964463168,5.295572261475831,5.701869453141031e-07,on_on_0,40
mock,scale1,self,self,with_guess,guessAC,7.3274074074074065,1.2176707470284864,6.017560514850725,2.119205701929812e-08,on_on_0,40
mock,scale1,self,self,with_guess,conditionAC:guessAC,2.4597865662272462,1.9868270296737303,1.2380476656949768,0.21819822791334326,on_on_0,40
