study,scale,guesser,respondent,model_type,component,est,se,t,p,model_name,trial_id
mock,scale1,self,self,without_guess,intercept,25.019230769230766,0.893886151286718,27.989281110593843,6.250421572097534e-54,off_on_p2,35
mock,scale1,self,self,without_guess,conditionAC,2.804298642533937,1.1874583223364947,2.361597531285205,0.01983449719523117,off_on_p2,35
mock,scale1,self,self,with_guess,intercept,19.125000000000004,0.8505899726985037,22.484393907590732,4.264069670954007e-44,off_on_p2,35
mock,scale1,self,self,with_guess,conditionAC,-0.43269230769230776,1.4349918831516335,-0.30152944610529603,0.7635506763945948,off_on_p2,35
mock,scale1,self,self,with_guess,guessAC,10.946428571428573,1.1591587418418177,9.443424939396571,4.786196652613889e-16,off_on_p2,35
mock,scale1,self,self,with_guess,conditionAC:guessAC,0.34308191808191646,1.7306235649255195,0.19824179274750695,0.8432028970353526,off_on_p2,35
