study,scale,guesser,respondent,model_type,component,est,se,t,p,model_name,trial_id
mock,scale1,self,self,without_guess,intercept,19.788461538461537,0.5566513527024711,35.54911246041366,6.918661951752783e-65,on_off_m3,12
mock,scale1,self,self,without_guess,conditionAC,6.638009049773756,0.7394680860140074,8.97673500090444,5.2287221755853804e-15,on_off_m3,12
mock,scale1,self,self,with_guess,intercept,20.370370370370367,0.775222301278028,26.276811614923698,1.1436720596831155e-50,on_off_m3,12
mock,scale1,self,self,with_guess,conditionAC,5.993265993265994,1.4408597630062436,4.159506807769761,6.142690533640058e-05,on_off_m3,12
mock,scale1,self,self,with_guess,guessAC,-1.2103703703703697,1.1180415028564494,-1.0825808946072504,0.28123973706921945,on_off_m3,12
mock,scale1,self,self,with_guess,conditionAC:guessAC,1.2853304979620765,1.7348757479010664,0.7408775524801297,0.4602648023447238,on_off_m3,12
