study,scale,guesser,respondent,model_type,component,est,se,t,p,model_name,trial_id
mock,scale1,self,self,without_guess,intercept,22.88461538461538,0.7634899669834044,29.97369497209491,5.188728699598459e-57,off_on_0,18
mock,scale1,self,self,without_guess,conditionAC,4.203619909502264,1.0142371195815283,4.144612564798129,6.435701614725468e-05,off_on_0,18
mock,scale1,self,self,with_guess,intercept,18.043478260869556,0.872866869941923,20.671512325894664,1.0608760805106278e-40,off_on_0,18
mock,scale1,self,self,with_guess,conditionAC,2.411067193675894,1.5345856257349362,1.5711519469766946,0.11887108983124973,off_on_0,18
mock,scale1,self,self,with_guess,guessAC,8.680659670164921,1.1688282044998348,7.426805442190327,2.0363441262512502e-11,off_on_0,18
mock,scale1,self,self,with_guess,conditionAC:guessAC,-0.7667840720787974,1.807387006722352,-0.42425007440400925,0.6721692051494851,off_on_0,18
