study,scale,guesser,respondent,model_type,component,est,se,t,p,model_name,trial_id
mock,scale1,self,self,without_guess,intercept,24.538461538461533,0.8584786566009486,28.583659418649802,7.18296811713806e-55,on_on_p1,5
mock,scale1,self,self,without_guess,conditionAC,14.299773755656112,1.140422215806396,12.539017179303807,1.9198043788950542e-23,on_on_p1,5
mock,scale1,self,self,with_guess,intercept,20.58620689655172,0.8681168963465958,23.713634630528688,2.651473872857977e-46,on_on_p1,5
mock,scale1,self,self,with_guess,conditionAC,9.686520376175546,1.655433967516946,5.851348085302828,4.6079267902577736e-08,on_on_p1,5
mock,scale1,self,self,with_guess,guessAC,8.935532233883063,1.3053169060085057,6.845488779584409,3.835402004529113e-10,on_on_p1,5
mock,scale1,self,self,with_guess,conditionAC:guessAC,1.2829685635651065,2.0184427501767463,0.6356229640165729,0.5262741743833816,on_on_p1,5
