study,scale,guesser,respondent,model_type,component,est,se,t,p,model_name,trial_id
mock,scale1,self,self,without_guess,intercept,24.846153846153847,0.8909812356848812,27.88628183292217,9.125084820271039e-54,on_on_p2,23
mock,scale1,self,self,without_guess,conditionAC,15.756787330316739,1.1835993675891583,13.312602018714587,2.9887284230925605e-25,on_on_p2,23
mock,scale1,self,self,with_guess,intercept,19.000000000000007,0.8298847840351564,22.89474438561957,7.670746012448934e-45,on_on_p2,23
mock,scale1,self,self,with_guess,conditionAC,13.249999999999996,1.4767907965522453,8.972157756490489,6.0393505224557734e-15,on_on_p2,23
mock,scale1,self,self,with_guess,guessAC,11.692307692307695,1.1736343167895855,9.962479389910294,2.886835563480386e-17,on_on_p2,23
mock,scale1,self,self,with_guess,conditionAC:guessAC,-1.5494505494505504,1.785882820259811,-0.8676104231884239,0.38739892511799034,on_on_p2,23
