study,scale,guesser,respondent,model_type,component,est,se,t,p,model_name,trial_id
mock,scale1,self,self,without_guess,intercept,23.596153846153843,0.7898207323672499,29.875328513384897,7.312511582608026e-57,off_on_0,26
mock,scale1,self,self,without_guess,conditionAC,3.565610859728509,1.0492154962389244,3.3983589381876214,0.0009250727319206447,off_on_0,26
mock,scale1,self,self,with_guess,intercept,20.321428571428566,0.9292098664126484,21.869578989601603,5.783415786733569e-43,off_on_0,26
mock,scale1,self,self,with_guess,conditionAC,0.42857142857143254,1.9711517930574882,0.21742182924769476,0.8282615917140749,off_on_0,26
mock,scale1,self,self,with_guess,guessAC,7.095238095238098,1.3677598891314924,5.187488061039332,9.15440657539273e-07,off_on_0,26
mock,scale1,self,self,with_guess,conditionAC:guessAC,0.17142857142856893,2.3012409663360947,0.074493968226851,0.940745652274281,off_on_0,26
