study,scale,guesser,respondent,model_type,component,est,se,t,p,model_name,trial_id
mock,scale1,self,self,without_guess,intercept,21.057692307692307,0.6034392324358506,34.89612735766376,5.108139767246002e-64,on_off_p3,7
mock,scale1,self,self,without_guess,conditionAC,11.589366515837103,0.8016221501461183,14.457393066951322,6.945507790779662e-28,on_off_p3,7
mock,scale1,self,self,with_guess,intercept,21.08,0.876695984533734,24.044823259012965,6.948455853702999e-47,on_off_p3,7
mock,scale1,self,self,with_guess,conditionAC,10.794999999999998,1.7805779618855473,6.0626382169577155,1.7135918836201327e-08,on_off_p3,7
mock,scale1,self,self,with_guess,guessAC,-0.042962962962962654,1.2166588152482405,-0.03531225223087438,0.971891447349026,on_off_p3,7
mock,scale1,self,self,with_guess,conditionAC:guessAC,0.9179629629629621,2.0499680417793895,0.4477937920271979,0.6551371826714592,on_off_p3,7
