study,scale,guesser,respondent,model_type,component,est,se,t,p,model_name,trial_id
mock,scale1,self,self,without_guess,intercept,24.807692307692303,0.8889910686517221,27.905446052811982,8.50409070456134e-54,on_on_p3,29
mock,scale1,self,self,without_guess,conditionAC,17.457013574660635,1.180955585265243,14.782108482716382,1.2735353181958851e-28,on_on_p3,29
mock,scale1,self,self,with_guess,intercept,20.10714285714285,0.8707676993273926,23.0912824082407,3.396622116769268e-45,on_on_p3,29
mock,scale1,self,self,with_guess,conditionAC,12.115079365079369,1.7655577113542167,6.861899380104019,3.5346197498012166e-10,on_on_p3,29
mock,scale1,self,self,with_guess,guessAC,10.184523809523812,1.2817353484303333,7.9458866621695385,1.3883666086680926e-12,on_on_p3,29
mock,scale1,self,self,with_guess,conditionAC:guessAC,1.3898641377454903,2.0884549662808367,0.6654987347994334,0.5070526722328026,on_on_p3,29
