study,scale,guesser,respondent,model_type,component,est,se,t,p,model_name,trial_id
mock,scale1,self,self,without_guess,intercept,23.326923076923084,0.7933143882965217,29.404386736275917,3.8256734776831105e-56,on_on_0,23
mock,scale1,self,self,without_guess,conditionAC,13.437782805429862,1.0538565467828023,12.751055014510777,6.106796305967721e-24,on_on_0,23
mock,scale1,self,self,with_guess,intercept,19.375000000000007,0.988441670138897,19.60156131143015,1.29456196661269e-38,on_on_0,23
mock,scale1,self,self,with_guess,conditionAC,11.224999999999998,1.8225963842572788,6.15879637255742,1.086458244562457e-08,on_on_0,23
mock,scale1,self,self,with_guess,guessAC,7.339285714285711,1.3470189392279022,5.448539363887872,2.891134191674504e-07,on_on_0,23
mock,scale1,self,self,with_guess,conditionAC:guessAC,-0.1116995073891609,2.136254558109834,-0.05228754549176622,0.9583895139733645,on_on_0,23
