study,scale,guesser,respondent,model_type,component,est,se,t,p,model_name,trial_id
mock,scale1,self,self,without_guess,intercept,22.384615384615376,0.7375132068009578,30.351477340603886,1.4004832036011088e-57,on_on_m3,0
mock,scale1,self,self,without_guess,conditionAC,9.453619909502263,0.9797290113380084,9.649219120899081,1.3604915780187162e-16,on_on_m3,0
mock,scale1,self,self,with_guess,intercept,18.392857142857135,0.8155396991128676,22.552988116782814,3.1966490196400845e-44,on_on_m3,0
mock,scale1,self,self,with_guess,conditionAC,9.20714285714286,1.589779545456101,5.791458874570795,6.08013694338422e-08,on_on_m3,0
mock,scale1,self,self,with_guess,guessAC,8.648809523809526,1.200441933260302,7.204687943814214,6.31414837312731e-11,on_on_m3,0
mock,scale1,self,self,with_guess,conditionAC:guessAC,-3.6798440065681475,1.9037962102770567,-1.9328980626726981,0.05568625304210256,on_on_m3,0
