study,scale,guesser,respondent,model_type,component,est,se,t,p,model_name,trial_id
mock,scale1,self,self,without_guess,intercept,20.461538461538456,0.5978020135214626,34.227951727706646,4.080243109651317e-63,on_off_m1,44
mock,scale1,self,self,without_guess,conditionAC,8.714932126696834,0.794133542670673,10.974139308344155,9.693305899099247e-20,on_off_m1,44
mock,scale1,self,self,with_guess,intercept,21.07407407407407,0.8182685325037052,25.75447207971259,8.376359165724027e-50,on_off_m1,44
mock,scale1,self,self,with_guess,conditionAC,10.625925925925928,1.5739709488288975,6.751030528125107,6.127998485440043e-10,on_off_m1,44
mock,scale1,self,self,with_guess,guessAC,-1.2740740740740715,1.1801236604163126,-1.0796106516707038,0.28255524792964487,on_off_m1,44
mock,scale1,self,self,with_guess,conditionAC:guessAC,-1.6845466155811015,1.8740881284469777,-0.8988620065466475,0.37058820946216486,on_off_m1,44
