study,scale,guesser,respondent,model_type,component,est,se,t,p,model_name,trial_id
mock,scale1,self,self,without_guess,intercept,19.26923076923077,0.5559834356254536,34.65792240294686,1.0674183935779937e-63,on_off_m3,30
mock,scale1,self,self,without_guess,conditionAC,6.921945701357465,0.7385808100554376,9.37195443899755,6.149768290655422e-16,on_off_m3,30
mock,scale1,self,self,with_guess,intercept,18.85185185185185,0.7681186064009085,24.54289180701398,9.489826066531592e-48,on_off_m3,30
mock,scale1,self,self,with_guess,conditionAC,9.576719576719576,1.6928509587158123,5.657154593210276,1.1263149989722956e-07,on_off_m3,30
mock,scale1,self,self,with_guess,guessAC,0.8681481481481482,1.1077964084065672,0.7836712066948074,0.43483026562715577,on_off_m3,30
mock,scale1,self,self,with_guess,conditionAC:guessAC,-3.362293347211379,1.9401292069789557,-1.733025478466419,0.08574857741500239,on_off_m3,30
