study,scale,guesser,respondent,model_type,component,est,se,t,p,model_name,trial_id
mock,scale1,self,self,without_guess,intercept,18.999999999999996,0.5464819612179814,34.767844775065235,7.59293051070502e-64,on_off_m1,6
mock,scale1,self,self,without_guess,conditionAC,10.588235294117645,0.7259588393006843,14.585173044131931,3.558155855696577e-28,on_off_m1,6
mock,scale1,self,self,with_guess,intercept,18.549999999999994,0.8780496607786105,21.126367708576737,1.4366720803418036e-41,on_off_m1,6
mock,scale1,self,self,with_guess,conditionAC,12.722727272727273,1.4740207045109466,8.631308389218619,3.7308857552372534e-14,on_off_m1,6
mock,scale1,self,self,with_guess,guessAC,0.7312500000000001,1.1192980885534152,0.653311220199679,0.5148485131066983,on_off_m1,6
mock,scale1,self,self,with_guess,conditionAC:guessAC,-2.740819377990432,1.7102953705377386,-1.602541540604582,0.11175553163331056,on_off_m1,6
