study,scale,guesser,respondent,model_type,component,est,se,t,p,model_name,trial_id
mock,scale1,self,self,without_guess,intercept,22.769230769230766,0.7318824495639349,31.110502489569154,1.046940784824641e-58,on_on_m2=,39
mock,scale1,self,self,without_guess,conditionAC,9.58371040723982,0.9722489876990532,9.857259332221934,4.37384735122627e-17,on_on_m2=,39
mock,scale1,self,self,with_guess,intercept,19.08,0.8394050942437096,22.730383852615013,1.5212619342455473e-44,on_on_m2=,39
mock,scale1,self,self,with_guess,conditionAC,6.9200000000000035,1.4739469052220746,4.694877390415492,7.3703576423577165e-06,on_on_m2=,39
mock,scale1,self,self,with_guess,guessAC,7.105185185185188,1.1649073629771967,6.099356404638223,1.440497581027474e-08,on_on_m2=,39
mock,scale1,self,self,with_guess,conditionAC:guessAC,0.6091005291005247,1.7718582646954357,0.34376368654138534,0.7316463282867696,on_on_m2=,39
