study,scale,guesser,respondent,model_type,component,est,se,t,p,model_name,trial_id
mock,scale1,self,self,without_guess,intercept,22.94230769230769,0.7260640795349643,31.598185806137074,2.030189975267859e-59,off_on_m2,48
mock,scale1,self,self,without_guess,conditionAC,1.8812217194570153,0.9645197350381982,1.95042325327072,0.053496908989156905,off_on_m2,48
mock,scale1,self,self,with_guess,intercept,20.119999999999994,0.8551879714306548,23.526991342430822,5.670547600523749e-46,off_on_m2,48
mock,scale1,self,self,with_guess,conditionAC,-2.756363636363633,1.547093250796721,-1.7816402695468825,0.0774246605422983,off_on_m2,48
mock,scale1,self,self,with_guess,guessAC,5.435555555555559,1.1868104821864058,4.579969285021723,1.1775500909937222e-05,off_on_m2,48
mock,scale1,self,self,with_guess,conditionAC:guessAC,3.463965975544919,1.8415852342149825,1.880969672859868,0.06248332240355068,off_on_m2,48
