study,scale,guesser,respondent,model_type,component,est,se,t,p,model_name,trial_id
mock,scale1,self,self,without_guess,intercept,22.557692307692307,0.7532352676783384,29.947737812676802,5.679947303569397e-57,off_on_m1,28
mock,scale1,self,self,without_guess,conditionAC,2.6334841628959262,1.0006145480545723,2.6318667543021763,0.009626615818564385,off_on_m1,28
mock,scale1,self,self,with_guess,intercept,19.51724137931034,0.8316953564244817,23.46681537722703,7.251577098208069e-46,off_on_m1,28
mock,scale1,self,self,with_guess,conditionAC,-0.7899686520376181,1.5859808160000444,-0.4980947083773528,0.6193603218941381,off_on_m1,28
mock,scale1,self,self,with_guess,guessAC,6.874062968515742,1.2505527930148814,5.496819492077166,2.3283027876672467e-07,off_on_m1,28
mock,scale1,self,self,with_guess,conditionAC:guessAC,0.8372607954395994,1.9337596924970193,0.4329704454427136,0.6658402145251863,off_on_m1,28
