study,scale,guesser,respondent,model_type,component,est,se,t,p,model_name,trial_id
mock,scale1,self,self,without_guess,intercept,23.423076923076913,0.8335109373571109,28.101703137029727,4.1405582892031634e-54,on_on_p1,33
mock,scale1,self,self,without_guess,conditionAC,14.812217194570142,1.107254540075903,13.37742737415622,2.113192118258752e-25,on_on_p1,33
mock,scale1,self,self,with_guess,intercept,19.266666666666655,0.8391673910544718,22.9592651860039,5.867839404320617e-45,on_on_p1,33
mock,scale1,self,self,with_guess,conditionAC,12.278787878787885,1.6201088156096166,7.578989608897108,9.318472827645986e-12,on_on_p1,33
mock,scale1,self,self,with_guess,guessAC,9.824242424242426,1.2901462096648513,7.614828730764187,7.746076864017995e-12,on_on_p1,33
mock,scale1,self,self,with_guess,conditionAC:guessAC,-1.8433811802232887,1.988884232639,-0.9268418694120537,0.35593301669681265,on_on_p1,33
