study,scale,guesser,respondent,model_type,component,est,se,t,p,model_name,trial_id
mock,scale1,self,self,without_guess,intercept,23.846153846153836,0.7504621050194481,31.775293764547733,1.1245355506195884e-59,on_on_m1,28
mock,scale1,self,self,without_guess,conditionAC,11.639140271493215,0.9969306168584663,11.674975243684003,2.1014333411595034e-21,on_on_m1,28
mock,scale1,self,self,with_guess,intercept,19.679999999999993,0.8938228979393005,22.017784558184882,3.0720712064252093e-43,on_on_m1,28
mock,scale1,self,self,with_guess,conditionAC,10.720000000000004,1.6721895242711369,6.410756582554581,3.241969628525964e-09,on_on_m1,28
mock,scale1,self,self,with_guess,guessAC,8.02370370370371,1.2404271574563532,6.468500512482563,2.4498694730659775e-09,on_on_m1,28
mock,scale1,self,self,with_guess,conditionAC:guessAC,-2.061634738186467,1.9698527264270813,-1.0465933369170495,0.29746307818267714,on_on_m1,28
