study,scale,guesser,respondent,model_type,component,est,se,t,p,model_name,trial_id
mock,scale1,self,self,without_guess,intercept,23.557692307692307,0.6528640560570549,36.08361049920255,1.377620973894153e-65,off_on_m1,8
mock,scale1,self,self,without_guess,conditionAC,2.295248868778282,0.8672791894173166,2.6464936513931,0.00924272556561557,off_on_m1,8
mock,scale1,self,self,with_guess,intercept,20.46153846153846,0.8194769137232742,24.969023677033118,1.7657353092120298e-48,off_on_m1,8
mock,scale1,self,self,with_guess,conditionAC,1.9670329670329698,1.7792815404032754,1.105520920869634,0.2712215558939809,off_on_m1,8
mock,scale1,self,self,with_guess,guessAC,6.192307692307694,1.1589153654391013,5.343192330495585,4.6204765275597457e-07,off_on_m1,8
mock,scale1,self,self,with_guess,conditionAC:guessAC,-2.3749774815348608,2.030668954851759,-1.1695542377109107,0.2445779338565997,off_on_m1,8
