study,scale,guesser,respondent,model_type,component,est,se,t,p,model_name,trial_id
mock,scale1,self,self,without_guess,intercept,23.88461538461539,0.8252084146062229,28.943737075212415,1.9687047436251583e-55,on_on_0,29
mock,scale1,self,self,without_guess,conditionAC,12.321266968325789,1.0962252834723203,11.239721573742466,2.26600909890257e-20,on_on_0,29
mock,scale1,self,self,with_guess,intercept,19.636363636363644,0.9835555374267443,19.964671936815943,2.4950276225559067e-39,on_on_0,29
mock,scale1,self,self,with_guess,conditionAC,8.196969696969694,1.6555706678991287,4.951144554506641,2.528258364455199e-06,on_on_0,29
mock,scale1,self,self,with_guess,guessAC,7.363636363636361,1.2949110362047553,5.686596343497376,9.845523385953252e-08,on_on_0,29
mock,scale1,self,self,with_guess,conditionAC:guessAC,2.803030303030304,1.9571331235121119,1.4322123872699135,0.15477223499742174,on_on_0,29
