study,scale,guesser,respondent,model_type,component,est,se,t,p,model_name,trial_id
mock,scale1,self,self,without_guess,intercept,24.86538461538461,0.8836338783137155,28.13991770306104,3.6006829565485765e-54,on_on_p2,37
mock,scale1,self,self,without_guess,conditionAC,15.149321266968325,1.1738389740032278,12.90579168223006,2.6526673859413323e-24,on_on_p2,37
mock,scale1,self,self,with_guess,intercept,20.56,0.9330474910696739,22.03531995614649,2.8510087296008378e-43,on_on_p2,37
mock,scale1,self,self,with_guess,conditionAC,10.209230769230768,1.5952320685398655,6.399840481250728,3.4178739232014524e-09,on_on_p2,37
mock,scale1,self,self,with_guess,guessAC,8.291851851851852,1.294862158697947,6.403656015548212,3.355345216991065e-09,on_on_p2,37
mock,scale1,self,self,with_guess,conditionAC:guessAC,3.1389173789173785,1.9356065824963749,1.6216711636044756,0.10758878092920741,on_on_p2,37
