study,scale,guesser,respondent,model_type,component,est,se,t,p,model_name,trial_id
mock,scale1,self,self,without_guess,intercept,21.807692307692303,0.7004735402401816,31.132785258690543,9.709158887846786e-59,on_on_m3,43
mock,scale1,self,self,without_guess,conditionAC,9.118778280542989,0.9305246912455107,9.799609152055353,5.991330999989138e-17,on_on_m3,43
mock,scale1,self,self,with_guess,intercept,19.439999999999998,0.9587989166991668,20.275367088362596,6.1792870383528574e-40,on_on_m3,43
mock,scale1,self,self,with_guess,conditionAC,8.960000000000003,1.7937485245491454,4.995126059965445,2.0970868511819766e-06,on_on_m3,43
mock,scale1,self,self,with_guess,guessAC,4.560000000000004,1.3305994034784114,3.4270269384454815,0.0008450623644454422,on_on_m3,43
mock,scale1,self,self,with_guess,conditionAC:guessAC,-1.597931034482761,2.113050207719614,-0.756220097679191,0.45105027393472363,on_on_m3,43
