study,scale,guesser,respondent,model_type,component,est,se,t,p,model_name,trial_id
mock,scale1,self,self,without_guess,intercept,21.51923076923077,0.6407876248558259,33.58246934633373,3.135175322896923e-62,off_on_m3,22
mock,scale1,self,self,without_guess,conditionAC,2.171945701357467,0.8512365885633026,2.5515182624177686,0.012003686552480181,off_on_m3,22
mock,scale1,self,self,with_guess,intercept,19.25,0.7600320258664405,25.32788006933642,4.350360171732325e-49,off_on_m3,22
mock,scale1,self,self,with_guess,conditionAC,-0.09615384615384417,1.34974629792897,-0.07123845888770441,0.9433306489814093,off_on_m3,22
mock,scale1,self,self,with_guess,guessAC,4.916666666666669,1.1187368505338506,4.394837502957449,2.4673255730277983e-05,off_on_m3,22
mock,scale1,self,self,with_guess,conditionAC:guessAC,0.69312354312354,1.6702736964292755,0.41497602734528183,0.678925949887915,off_on_m3,22
