study,scale,guesser,respondent,model_type,component,est,se,t,p,model_name,trial_id
mock,scale1,self,self,without_guess,intercept,23.78846153846153,0.7816208000800912,30.434785686389066,1.0509644767725362e-57,on_on_0,20
mock,scale1,self,self,without_guess,conditionAC,13.211538461538463,1.0383225230980315,12.7239255314614,7.069409085826173e-24,on_on_0,20
mock,scale1,self,self,with_guess,intercept,19.53846153846153,0.8870509482460665,22.026312667941134,2.962484270793812e-43,on_on_0,20
mock,scale1,self,self,with_guess,conditionAC,11.361538461538466,1.6830608382418282,6.750521551797879,6.143448311952489e-10,on_on_0,20
mock,scale1,self,self,with_guess,guessAC,8.500000000000002,1.2544794815255018,6.775718634842581,5.422954339912284e-10,on_on_0,20
mock,scale1,self,self,with_guess,conditionAC:guessAC,-1.3482758620689683,1.9930587645748794,-0.6764857544762642,0.5000789517078682,on_on_0,20
