study,scale,guesser,respondent,model_type,component,est,se,t,p,model_name,trial_id
mock,scale1,self,self,without_guess,intercept,24.86538461538461,0.8003312737376398,31.068865395276113,1.2054512798803009e-58,on_on_p2,16
mock,scale1,self,self,without_guess,conditionAC,15.369909502262445,1.063177934077978,14.456573081148195,6.975421500370721e-28,on_on_p2,16
mock,scale1,self,self,with_guess,intercept,20.96296296296296,0.8671807951305378,24.173693744921298,4.1402334052716885e-47,on_on_p2,16
mock,scale1,self,self,with_guess,conditionAC,11.437037037037042,1.6680555645241435,6.85650842830272,3.6307618204370407e-10,on_on_p2,16
mock,scale1,self,self,with_guess,guessAC,8.117037037037038,1.250665928776315,6.4901720357721455,2.204756679345305e-09,on_on_p2,16
mock,scale1,self,self,with_guess,conditionAC:guessAC,1.0691698595146828,1.986112344316495,0.538322951656911,0.5913855686093273,on_on_p2,16
