study,scale,guesser,respondent,model_type,component,est,se,t,p,model_name,trial_id
mock,scale1,self,self,without_guess,intercept,23.019230769230774,0.734448548361702,31.342196564454557,4.790552587885849e-59,on_on_m1,44
mock,scale1,self,self,without_guess,conditionAC,11.524886877828052,0.975657850638657,11.812426733699692,9.931228535977478e-22,on_on_m1,44
mock,scale1,self,self,with_guess,intercept,19.615384615384613,0.8681874494552939,22.593490181977895,2.697268328954506e-44,on_on_m1,44
mock,scale1,self,self,with_guess,conditionAC,8.009615384615383,1.7898142784698852,4.475109781481247,1.7945349887013722e-05,on_on_m1,44
mock,scale1,self,self,with_guess,guessAC,6.8076923076923075,1.2278024657017828,5.544615276367923,1.8772480801289588e-07,on_on_m1,44
mock,scale1,self,self,with_guess,conditionAC:guessAC,1.0339743589743582,2.0697365434621777,0.4995681031194263,0.6183254600008523,on_on_m1,44
