study,scale,guesser,respondent,model_type,component,est,se,t,p,model_name,trial_id
mock,scale1,self,self,without_guess,intercept,24.365384615384606,0.8449679776230358,28.8358674655653,2.8974937150160646e-55,off_on_p3,36
mock,scale1,self,self,without_guess,conditionAC,5.5904977375565625,1.122474328181506,4.98051278073646,2.1901223778668236e-06,off_on_p3,36
mock,scale1,self,self,with_guess,intercept,19.703703703703702,0.8296998290122987,23.747990556005806,2.3062436093898817e-46,off_on_p3,36
mock,scale1,self,self,with_guess,conditionAC,0.9962962962963006,1.595959486695462,0.6242616461143364,0.5336815937688526,off_on_p3,36
mock,scale1,self,self,with_guess,guessAC,9.696296296296296,1.1966101106990195,8.103137529593532,6.093695193128378e-13,off_on_p3,36
mock,scale1,self,self,with_guess,conditionAC:guessAC,1.1554278416347354,1.9002693345285109,0.6080337248200749,0.5443537411829005,off_on_p3,36
