study,scale,guesser,respondent,model_type,component,est,se,t,p,model_name,trial_id
mock,scale1,self,self,without_guess,intercept,21.769230769230766,0.841604090379364,25.866355710578834,1.8880680350129172e-50,on_on_m1,32
mock,scale1,self,self,without_guess,conditionAC,13.907239819004525,1.1180056652570947,12.439328575143168,3.2929457930252206e-23,on_on_m1,32
mock,scale1,self,self,with_guess,intercept,18.370370370370367,1.0017470129289208,18.33833306541024,4.528925321043718e-36,on_on_m1,32
mock,scale1,self,self,with_guess,conditionAC,10.42962962962963,1.926898852631985,5.412650287991825,3.393726198631065e-07,on_on_m1,32
mock,scale1,self,self,with_guess,guessAC,7.069629629629633,1.4447400880632448,4.893357419815815,3.2275856739515054e-06,on_on_m1,32
mock,scale1,self,self,with_guess,conditionAC:guessAC,0.992439335887608,2.294310620613791,0.43256537583481325,0.6661336733319578,on_on_m1,32
