study,scale,guesser,respondent,model_type,component,est,se,t,p,model_name,trial_id
mock,scale1,self,self,without_guess,intercept,19.884615384615383,0.675667720922682,29.429577244656947,3.4998235700387095e-56,on_off_m1,15
mock,scale1,self,self,without_guess,conditionAC,9.144796380090497,0.8975720869921172,10.188369839726098,7.159949490236424e-18,on_off_m1,15
mock,scale1,self,self,with_guess,intercept,19.999999999999996,0.853977492968731,23.419820972649813,8.789591265053402e-46,on_off_m1,15
mock,scale1,self,self,with_guess,conditionAC,8.307692307692308,1.6063998853353212,5.171621576627636,9.808761353689355e-07,on_off_m1,15
mock,scale1,self,self,with_guess,guessAC,-0.3157894736842094,1.4127694534206705,-0.22352512854776382,0.8235200001789909,on_off_m1,15
mock,scale1,self,self,with_guess,conditionAC:guessAC,1.2080971659919015,2.069958235502593,0.5836335947611867,0.5605999628598167,on_off_m1,15
