study,scale,guesser,respondent,model_type,component,est,se,t,p,model_name,trial_id
mock,scale1,self,self,without_guess,intercept,19.21153846153846,0.5756002038187701,33.376531721290505,6.04942756140025e-62,on_off_m3,40
mock,scale1,self,self,without_guess,conditionAC,8.185520361990951,0.7646401629327235,10.705062013216732,4.230472377315929e-19,on_off_m3,40
mock,scale1,self,self,with_guess,intercept,17.714285714285708,0.8893904395970861,19.91733318193827,3.089505219444408e-39,on_off_m3,40
mock,scale1,self,self,with_guess,conditionAC,11.410714285714285,1.693348947623992,6.7385486622383,6.518190848395231e-10,on_off_m3,40
mock,scale1,self,self,with_guess,guessAC,2.511520737327191,1.1518960304005417,2.1803363073088073,0.03125199509473467,on_off_m3,40
mock,scale1,self,self,with_guess,conditionAC:guessAC,-4.469854070660523,1.9183678331178966,-2.3300297229211417,0.021533499152453367,on_off_m3,40
