study,scale,guesser,respondent,model_type,component,est,se,t,p,model_name,trial_id
mock,scale1,self,self,without_guess,intercept,24.15384615384615,0.7379686414262832,32.73017957397708,4.863829047157568e-61,on_on_m2=,37
mock,scale1,self,self,without_guess,conditionAC,9.169683257918553,0.9803340208633762,9.353631581451035,6.79322235880876e-16,on_on_m2=,37
mock,scale1,self,self,with_guess,intercept,21.153846153846143,0.9502203018510613,22.262043983524382,1.0891640298677006e-43,on_on_m2=,37
mock,scale1,self,self,with_guess,conditionAC,8.096153846153848,1.9589293360691116,4.132948390267107,6.79482988025592e-05,on_on_m2=,37
mock,scale1,self,self,with_guess,guessAC,6.0000000000000036,1.3438144381200272,4.464902169375333,1.8690561435443663e-05,on_on_m2=,37
mock,scale1,self,self,with_guess,conditionAC:guessAC,-1.3833333333333375,2.265300753097417,-0.610662108085146,0.5426179411715939,on_on_m2=,37
