study,scale,guesser,respondent,model_type,component,est,se,t,p,model_name,trial_id
mock,scale1,self,self,without_guess,intercept,23.076923076923073,0.7140733653201204,32.31729987097005,1.8741297292696365e-60,on_on_m1,25
mock,scale1,self,self,without_guess,conditionAC,10.805429864253396,0.9485910025428138,11.391031366825244,9.907156589464572e-21,on_on_m1,25
mock,scale1,self,self,with_guess,intercept,20.068965517241374,0.8039706456786183,24.96231127978745,1.8128554387484768e-48,on_on_m1,25
mock,scale1,self,self,with_guess,conditionAC,8.56739811912226,1.5331118670123722,5.588240691018746,1.540965967028806e-07,on_on_m1,25
mock,scale1,self,self,with_guess,guessAC,6.80059970014993,1.2088653960720595,5.625605400110693,1.3004376505397452e-07,on_on_m1,25
mock,scale1,self,self,with_guess,conditionAC:guessAC,-0.5422264944083023,1.8692974735939638,-0.2900696663146944,0.7722808283672402,on_on_m1,25
