study,scale,guesser,respondent,model_type,component,est,se,t,p,model_name,trial_id
mock,scale1,self,self,without_guess,intercept,20.365384615384617,0.5988217715522408,34.009091824758336,8.117356339771636e-63,on_off_0,33
mock,scale1,self,self,without_guess,conditionAC,9.399321266968325,0.7954882120082323,11.815789505214006,9.75087787798802e-22,on_off_0,33
mock,scale1,self,self,with_guess,intercept,20.500000000000004,0.848170815600369,24.169659722952492,4.2077651785264e-47,on_off_0,33
mock,scale1,self,self,with_guess,conditionAC,11.214285714285712,1.8415829049409187,6.089481871382535,1.509417122611676e-08,on_off_0,33
mock,scale1,self,self,with_guess,guessAC,-0.2692307692307684,1.1994946706310914,-0.2244534934774806,0.8227993297175631,on_off_0,33
mock,scale1,self,self,with_guess,conditionAC:guessAC,-1.9040713384975676,2.1017726244727117,-0.9059359306172603,0.36684766457894524,on_off_0,33
