study,scale,guesser,respondent,model_type,component,est,se,t,p,model_name,trial_id
mock,scale1,self,self,without_guess,intercept,21.21153846153846,0.6680407162233556,31.751864738805086,1.2157605040755706e-59,off_on_m3,13
mock,scale1,self,self,without_guess,conditionAC,3.067873303167422,0.8874402036514056,3.4569915702990954,0.0007602466558272335,off_on_m3,13
mock,scale1,self,self,with_guess,intercept,19.406249999999996,0.7705086966930857,25.18628288465643,7.548642064879227e-49,off_on_m3,13
mock,scale1,self,self,with_guess,conditionAC,0.8245192307692334,1.4335476253950574,0.5751599850350365,0.5662970517038312,off_on_m3,13
mock,scale1,self,self,with_guess,guessAC,4.693750000000001,1.24240794200905,3.7779459075333337,0.0002511641135453551,off_on_m3,13
mock,scale1,self,self,with_guess,conditionAC:guessAC,0.3118444055944033,1.8304012073200626,0.17036942739509153,0.8650164074460466,off_on_m3,13
