study,scale,guesser,respondent,model_type,component,est,se,t,p,model_name,trial_id
mock,scale1,self,self,without_guess,intercept,26.28846153846153,0.8105152007177218,32.43426096781745,1.27714980616519e-60,off_on_p2,49
mock,scale1,self,self,without_guess,conditionAC,2.608597285067875,1.0767064900681989,2.422756163476498,0.01692339588073705,off_on_p2,49
mock,scale1,self,self,with_guess,intercept,22.124999999999993,0.9345801310992855,23.673732474898436,3.118332955200668e-46,off_on_p2,49
mock,scale1,self,self,with_guess,conditionAC,-1.6249999999999962,1.7232806135144958,-0.9429688857730117,0.3476566084202628,off_on_p2,49
mock,scale1,self,self,with_guess,guessAC,7.732142857142862,1.273618034172853,6.071006102048859,1.6471915706656665e-08,off_on_p2,49
mock,scale1,self,self,with_guess,conditionAC:guessAC,2.1126847290640356,2.019847124311528,1.045962688777326,0.2977529163989914,off_on_p2,49
