study,scale,guesser,respondent,model_type,component,est,se,t,p,model_name,trial_id
mock,scale1,self,self,without_guess,intercept,20.269230769230766,0.6147760131392732,32.970106731602286,2.2349805735573206e-61,on_off_m3,27
mock,scale1,self,self,without_guess,conditionAC,6.274886877828055,0.8166821827637005,7.683388973411259,5.0375803334724526e-12,on_off_m3,27
mock,scale1,self,self,with_guess,intercept,21.370370370370367,0.8314133904274512,25.703663925094236,1.0181950042004614e-49,on_off_m3,27
mock,scale1,self,self,with_guess,conditionAC,2.8603988603988615,1.4583955628672844,1.9613326680555465,0.052236299172318736,on_off_m3,27
mock,scale1,self,self,with_guess,guessAC,-2.29037037037037,1.199081444117415,-1.9101040897653117,0.058588911715611515,on_off_m3,27
mock,scale1,self,self,with_guess,conditionAC:guessAC,5.150510230510231,1.7924301213009164,2.8734789542434576,0.004829641543458057,on_off_m3,27
