study,scale,guesser,respondent,model_type,component,est,se,t,p,model_name,trial_id
mock,scale1,self,self,without_guess,intercept,23.826923076923073,0.7385039330939243,32.26377275622813,2.2345256859054508e-60,off_on_0,28
mock,scale1,self,self,without_guess,conditionAC,3.0554298642533957,0.981045114266829,3.1144641768455577,0.0023133590870246723,off_on_0,28
mock,scale1,self,self,with_guess,intercept,20.29629629629629,0.8311980494966029,24.41812310385991,1.5585877576183419e-47,off_on_0,28
mock,scale1,self,self,with_guess,conditionAC,0.5218855218855281,1.544898569912789,0.3378121593542474,0.7361153098987063,off_on_0,28
mock,scale1,self,self,with_guess,guessAC,7.343703703703704,1.198770875010263,6.126027797965005,1.2694448189757142e-08,off_on_0,28
mock,scale1,self,self,with_guess,conditionAC:guessAC,-0.10925394293815734,1.8601442907370052,-0.05873412266038243,0.9532649415535612,off_on_0,28
