study,scale,guesser,respondent,model_type,component,est,se,t,p,model_name,trial_id
mock,scale1,self,self,without_guess,intercept,23.365384615384613,0.8062907597031901,28.978856987007795,1.73634879409724e-55,off_on_m1,39
mock,scale1,self,self,without_guess,conditionAC,2.649321266968327,1.071094648299866,2.473470734984587,0.014804238966430575,off_on_m1,39
mock,scale1,self,self,with_guess,intercept,18.8695652173913,0.9734398141549122,19.384418988217405,3.4927383767100973e-38,off_on_m1,39
mock,scale1,self,self,with_guess,conditionAC,-0.16956521739130098,1.7683412388112298,-0.09588942092720264,0.9237738574831255,off_on_m1,39
mock,scale1,self,self,with_guess,guessAC,8.06146926536732,1.303502228516294,6.18446910868979,9.614678009765723e-09,off_on_m1,39
mock,scale1,self,self,with_guess,conditionAC:guessAC,0.5143928035981978,2.0626027777611298,0.24939014392124015,0.803500075838551,off_on_m1,39
