study,scale,guesser,respondent,model_type,component,est,se,t,p,model_name,trial_id
mock,scale1,self,self,without_guess,intercept,24.807692307692303,0.6720030491981719,36.91604128477188,1.1605152869322601e-66,off_on_m1,9
mock,scale1,self,self,without_guess,conditionAC,0.6481900452488699,0.8927038552473511,0.7260975086404986,0.4692167662300316,off_on_m1,9
mock,scale1,self,self,with_guess,intercept,20.42857142857142,0.8518019635686399,23.98277099877247,8.921748085045202e-47,off_on_m1,9
mock,scale1,self,self,with_guess,conditionAC,0.714285714285718,1.3468171601403351,0.530350915792676,0.5968824437683921,off_on_m1,9
mock,scale1,self,self,with_guess,guessAC,7.345622119815672,1.1032132310378822,6.658388345202359,9.67876136734258e-10,off_on_m1,9
mock,scale1,self,self,with_guess,conditionAC:guessAC,-1.9144051885987414,1.6086000416374153,-1.1901063900570603,0.23643455486739862,off_on_m1,9
