study,scale,guesser,respondent,model_type,component,est,se,t,p,model_name,trial_id
mock,scale1,self,self,without_guess,intercept,22.82692307692307,0.7500768119699889,30.432780633453834,1.058244311744852e-57,on_on_m3,18
mock,scale1,self,self,without_guess,conditionAC,8.73190045248869,0.996418784968622,8.763283655640498,1.6509515608793965e-14,on_on_m3,18
mock,scale1,self,self,with_guess,intercept,20.586206896551726,0.9015439098666848,22.834391837437956,9.859850182392932e-45,on_on_m3,18
mock,scale1,self,self,with_guess,conditionAC,5.2137931034482765,1.780406566919215,2.9284283715433235,0.004101933021557029,on_on_m3,18
mock,scale1,self,self,with_guess,guessAC,5.065967016491757,1.3555783927377385,3.737125822919384,0.00029043281444028526,on_on_m3,18
mock,scale1,self,self,with_guess,conditionAC:guessAC,1.6857571214392775,2.1450057369801234,0.7858986539647183,0.43352926603451547,on_on_m3,18
