study,scale,guesser,respondent,model_type,component,est,se,t,p,model_name,trial_id
mock,scale1,self,self,without_guess,intercept,24.19230769230769,0.8063476914771077,30.00232771546852,4.6963319583309627e-57,off_on_p1,39
mock,scale1,self,self,without_guess,conditionAC,3.1606334841628962,1.0711702777395284,2.9506359071432833,0.003825720146981879,off_on_p1,39
mock,scale1,self,self,with_guess,intercept,19.759999999999987,0.9049467650384841,21.835538579067318,6.690402940018387e-43,off_on_p1,39
mock,scale1,self,self,with_guess,conditionAC,0.040000000000004185,1.6930003740217137,0.023626692949266392,0.9811909752128867,off_on_p1,39
mock,scale1,self,self,with_guess,guessAC,8.5362962962963,1.2558646080716531,6.797146954721144,4.876411844383596e-10,off_on_p1,39
mock,scale1,self,self,with_guess,conditionAC:guessAC,0.3188761174968029,1.9943680750316635,0.1598882981977839,0.8732471459910893,off_on_p1,39
