study,scale,guesser,respondent,model_type,component,est,se,t,p,model_name,trial_id
mock,scale1,self,self,without_guess,intercept,20.17307692307692,0.5414638819946611,37.25655134884108,4.2755582358130944e-67,on_off_m3,11
mock,scale1,self,self,without_guess,conditionAC,6.47398190045249,0.7192927108151962,9.000483117805171,4.5995259809477374e-15,on_off_m3,11
mock,scale1,self,self,with_guess,intercept,20.159999999999993,0.776243744835171,25.971223773636726,3.6535625602875076e-50,on_off_m3,11
mock,scale1,self,self,with_guess,conditionAC,8.19714285714286,1.2955864558578833,6.326974799775174,4.858368200672625e-09,on_off_m3,11
mock,scale1,self,self,with_guess,guessAC,0.025185185185188207,1.0772534739477604,0.023379070751931054,0.9813880688858094,on_off_m3,11
mock,scale1,self,self,with_guess,conditionAC:guessAC,-2.178624338624343,1.5860092396349945,-1.3736517317678005,0.17219870122384304,on_off_m3,11
