study,scale,guesser,respondent,model_type,component,est,se,t,p,model_name,trial_id
mock,scale1,self,self,without_guess,intercept,19.461538461538467,0.5688675988316625,34.21101588754304,4.3027531311598514e-63,on_off_p2,17
mock,scale1,self,self,without_guess,conditionAC,12.788461538461538,0.7556964201401576,16.92274992660371,2.3933466476629548e-33,on_off_p2,17
mock,scale1,self,self,with_guess,intercept,18.826086956521742,0.8590770877394879,21.914316218186332,4.7766914807464245e-43,on_off_p2,17
mock,scale1,self,self,with_guess,conditionAC,13.423913043478263,1.6910949383109661,7.938000841564706,1.446738451164888e-12,on_off_p2,17
mock,scale1,self,self,with_guess,guessAC,1.1394302848575724,1.1503627466767097,0.9904965091657217,0.3239931015464089,on_off_p2,17
mock,scale1,self,self,with_guess,conditionAC:guessAC,-1.1394302848575735,1.9308102572936907,-0.5901306358578442,0.5562509162185811,on_off_p2,17
