study,scale,guesser,respondent,model_type,component,est,se,t,p,model_name,trial_id
mock,scale1,self,self,without_guess,intercept,23.019230769230763,0.7337433575294335,31.372319126319812,4.329000433604154e-59,off_on_m1,21
mock,scale1,self,self,without_guess,conditionAC,3.1719457013574677,0.9747210593913519,3.2542086485113346,0.0014836962828099177,off_on_m1,21
mock,scale1,self,self,with_guess,intercept,19.719999999999995,0.8817098005907797,22.36563548095624,7.03125786788282e-44,off_on_m1,21
mock,scale1,self,self,with_guess,conditionAC,-0.21999999999999814,1.649527994185735,-0.13337148613146022,0.8941306951315692,off_on_m1,21
mock,scale1,self,self,with_guess,guessAC,6.354074074074077,1.223616875523927,5.192862407486327,8.942567936588295e-07,off_on_m1,21
mock,scale1,self,self,with_guess,conditionAC:guessAC,1.490753512132822,1.9431572614837782,0.767181093204209,0.44453252443363356,off_on_m1,21
