study,scale,guesser,respondent,model_type,component,est,se,t,p,model_name,trial_id
mock,scale1,self,self,without_guess,intercept,20.307692307692314,0.6421299477649253,31.625518134417668,1.8529690773126558e-59,on_off_m3,33
mock,scale1,self,self,without_guess,conditionAC,6.707013574660633,0.8530197602875526,7.862670815972307,1.9753436990881615e-12,on_off_m3,33
mock,scale1,self,self,with_guess,intercept,21.428571428571434,0.8680603304336512,24.68557849875078,5.392036790126986e-48,on_off_m3,33
mock,scale1,self,self,with_guess,conditionAC,4.956043956043957,1.5415945348436064,3.2148816332867605,0.001690590813261118,on_off_m3,33
mock,scale1,self,self,with_guess,guessAC,-2.4285714285714266,1.27775020932259,-1.900662125392219,0.05982803345177327,on_off_m3,33
mock,scale1,self,self,with_guess,conditionAC:guessAC,3.2075924075924056,1.9076805812020106,1.6814095814569405,0.09537388513311973,on_off_m3,33
