study,scale,guesser,respondent,model_type,component,est,se,t,p,model_name,trial_id
mock,scale1,self,self,without_guess,intercept,19.13461538461538,0.6237340946971175,30.67752035249422,4.568628851736367e-58,on_off_p2,46
mock,scale1,self,self,without_guess,conditionAC,13.65950226244344,0.8285822983239642,16.485389912472836,2.1149185403286207e-32,on_off_p2,46
mock,scale1,self,self,with_guess,intercept,19.03846153846153,0.8836045167364158,21.5463605921571,2.3193461783411556e-42,on_off_p2,46
mock,scale1,self,self,with_guess,conditionAC,12.346153846153847,1.5304479167848168,8.067019929754155,7.365101689075379e-13,on_off_p2,46
mock,scale1,self,self,with_guess,guessAC,0.19230769230769607,1.2496054913427639,0.15389472408692106,0.8779601603236302,on_off_p2,46
mock,scale1,self,self,with_guess,conditionAC:guessAC,1.5503496503496457,1.8687195797767802,0.8296320470591078,0.4084508927814069,on_off_p2,46
