study,scale,guesser,respondent,model_type,component,est,se,t,p,model_name,trial_id
mock,scale1,self,self,without_guess,intercept,23.48076923076923,0.741064269030223,31.685199532689392,1.5182536256581495e-59,on_on_p1,37
mock,scale1,self,self,without_guess,conditionAC,15.078054298642536,0.9844463216925832,15.3162787715215,8.016469912894791e-30,on_on_p1,37
mock,scale1,self,self,with_guess,intercept,19.96428571428571,0.7550398267229633,26.44136773676568,6.143453961909373e-51,on_on_p1,37
mock,scale1,self,self,with_guess,conditionAC,10.944805194805198,1.4216929874936834,7.698430878596302,5.028185128244315e-12,on_on_p1,37
mock,scale1,self,self,with_guess,guessAC,7.619047619047618,1.1113885323618047,6.855431199075294,3.6502807760681093e-10,on_on_p1,37
mock,scale1,self,self,with_guess,conditionAC:guessAC,1.506949191159718,1.7223101067297841,0.8749581072952186,0.3834047177201112,on_on_p1,37
