study,scale,guesser,respondent,model_type,component,est,se,t,p,model_name,trial_id
mock,scale1,self,self,without_guess,intercept,19.192307692307686,0.58112905579361,33.02589588486159,1.8665197367353032e-61,on_off_0,31
mock,scale1,self,self,without_guess,conditionAC,10.513574660633486,0.7719848133460224,13.618887935197042,5.828894802841936e-26,on_off_0,31
mock,scale1,self,self,with_guess,intercept,18.28,0.8350258935516359,21.89153670702262,5.265087926955895e-43,on_off_0,31
mock,scale1,self,self,with_guess,conditionAC,10.291428571428572,1.785360458717137,5.764342164732064,6.890143174885597e-08,on_off_0,31
mock,scale1,self,self,with_guess,guessAC,1.7570370370370376,1.1588300075201778,1.5162163782736215,0.13218505213673973,on_off_0,31
mock,scale1,self,self,with_guess,conditionAC:guessAC,-0.49240003469511817,2.0295064385949964,-0.24262058268511874,0.8087277985434844,on_off_0,31
