study,scale,guesser,respondent,model_type,component,est,se,t,p,model_name,trial_id
mock,scale1,self,self,without_guess,intercept,19.557692307692307,0.6320253418884454,30.9444748675035,1.8384440578980444e-58,on_off_m2,23
mock,scale1,self,self,without_guess,conditionAC,8.677601809954751,0.8395965762224629,10.335442110778093,3.2016853795795052e-18,on_off_m2,23
mock,scale1,self,self,with_guess,intercept,19.636363636363633,0.7993223669496926,24.566263185275655,8.649264585878884e-48,on_off_m2,23
mock,scale1,self,self,with_guess,conditionAC,7.963636363636366,1.6575101384655402,4.804577769285198,4.681440520678775e-06,on_off_m2,23
mock,scale1,self,self,with_guess,guessAC,-0.21531100478468798,1.3223512712691392,-0.1628243640421211,0.870940037504412,on_off_m2,23
mock,scale1,self,self,with_guess,conditionAC:guessAC,0.9601385909915838,2.0543996227585692,0.4673572660134869,0.6411210337380491,on_off_m2,23
