study,scale,guesser,respondent,model_type,component,est,se,t,p,model_name,trial_id
mock,scale1,self,self,without_guess,intercept,24.230769230769226,0.8033363369328114,30.162670498989037,2.6906333468778513e-57,on_on_p3,15
mock,scale1,self,self,without_guess,conditionAC,17.695701357466067,1.0671699271244268,16.58189657306829,1.3050010647469005e-32,on_on_p3,15
mock,scale1,self,self,with_guess,intercept,21.249999999999996,0.714573020003082,29.738038528110597,4.21485556768759e-56,on_on_p3,15
mock,scale1,self,self,with_guess,conditionAC,11.596153846153847,1.3294781232103714,8.722335210865984,2.2969474027274767e-14,on_on_p3,15
mock,scale1,self,self,with_guess,guessAC,7.750000000000002,1.1522143734489887,6.7261788939513805,6.929074643069953e-10,on_on_p3,15
mock,scale1,self,self,with_guess,conditionAC:guessAC,3.4765734265734274,1.6975218114286619,2.0480287223216807,0.042814798007299766,on_on_p3,15
