study,scale,guesser,respondent,model_type,component,est,se,t,p,model_name,trial_id
mock,scale1,self,self,without_guess,intercept,20.26923076923077,0.5401113343014204,37.52787523973548,1.9401568536421717e-67,off_off_0,11
mock,scale1,self,self,without_guess,conditionAC,-0.3280542986425338,0.717495956259391,-0.45722111153464784,0.6483527872413084,off_off_0,11
mock,scale1,self,self,with_guess,intercept,20.34615384615385,0.7642568743812337,26.62214044541861,3.11396619055599e-51,off_off_0,11
mock,scale1,self,self,with_guess,conditionAC,-1.612820512820513,1.2635302758962788,-1.2764399425858373,0.20434962247251098,off_off_0,11
mock,scale1,self,self,with_guess,guessAC,-0.15384615384615405,1.0808224368868116,-0.14234174698416766,0.887057009932988,off_off_0,11
mock,scale1,self,self,with_guess,conditionAC:guessAC,1.7035316884373493,1.570710458243758,1.08456124392404,0.28036499011550375,off_off_0,11
