study,scale,guesser,respondent,model_type,component,est,se,t,p,model_name,trial_id
mock,scale1,self,self,without_guess,intercept,24.249999999999993,0.7368159533156912,32.91188239189767,2.698012786787552e-61,off_on_m1,19
mock,scale1,self,self,without_guess,conditionAC,1.8382352941176485,0.9788027642396882,1.8780446493176264,0.0628433943413336,off_on_m1,19
mock,scale1,self,self,with_guess,intercept,20.315789473684212,1.0899326482770784,18.639490711466067,1.1004305186588344e-36,off_on_m1,19
mock,scale1,self,self,with_guess,conditionAC,1.4114832535885187,1.7999645282719166,0.784172816418574,0.43453708813729186,off_on_m1,19
mock,scale1,self,self,with_guess,guessAC,6.1993620414673085,1.3681835474572013,4.5310894528654115,1.4341631529814519e-05,off_on_m1,19
mock,scale1,self,self,with_guess,conditionAC:guessAC,-0.9968102073365264,2.0784200098591374,-0.47959998585852914,0.6324148641676878,off_on_m1,19
