study,scale,guesser,respondent,model_type,component,est,se,t,p,model_name,trial_id
mock,scale1,self,self,without_guess,intercept,24.615384615384606,0.9420789550697077,26.12879152317252,6.83838561492619e-51,on_on_p2,2
mock,scale1,self,self,without_guess,conditionAC,16.472850678733035,1.2514787189456877,13.16270938479133,6.67083164392748e-25,on_on_p2,2
mock,scale1,self,self,with_guess,intercept,20.199999999999992,0.9624534285794424,20.98802851148309,2.6319339915601954e-41,on_on_p2,2
mock,scale1,self,self,with_guess,conditionAC,10.514285714285718,2.212746008302805,4.751691190418309,5.83106253020161e-06,on_on_p2,2
mock,scale1,self,self,with_guess,guessAC,10.436363636363643,1.4796876714911655,7.053085483807759,1.357625710383072e-10,on_on_p2,2
mock,scale1,self,self,with_guess,conditionAC:guessAC,1.1280391739408102,2.5719582893772768,0.43859155049280807,0.6617732865402586,on_on_p2,2
