study,scale,guesser,respondent,model_type,component,est,se,t,p,model_name,trial_id
mock,scale1,self,self,without_guess,intercept,22.40384615384615,0.83071747469821,26.96927275062464,2.7750743417317652e-52,on_on_m3,28
mock,scale1,self,self,without_guess,conditionAC,8.772624434389142,1.1035436419065185,7.949503853996445,1.2524523336305486e-12,on_on_m3,28
mock,scale1,self,self,with_guess,intercept,18.639999999999997,1.048434501002986,17.778888411405784,6.466080032786913e-35,on_on_m3,28
mock,scale1,self,self,with_guess,conditionAC,6.960000000000003,1.9614413476132369,3.5484109726091067,0.0005605449958618795,on_on_m3,28
mock,scale1,self,self,with_guess,guessAC,7.2488888888888905,1.454993635603438,4.982076011543869,2.216944552798307e-06,on_on_m3,28
mock,scale1,self,self,with_guess,conditionAC:guessAC,-0.7109578544061328,2.310593703788959,-0.307694880861265,0.7588662888466398,on_on_m3,28
