study,scale,guesser,respondent,model_type,component,est,se,t,p,model_name,trial_id
mock,scale1,self,self,without_guess,intercept,19.826923076923073,0.6138443340666194,32.29959450073102,1.9863457843343086e-60,on_off_m2,7
mock,scale1,self,self,without_guess,conditionAC,8.74660633484163,0.8154445194807679,10.726182009796336,3.7683864316167144e-19,on_off_m2,7
mock,scale1,self,self,with_guess,intercept,20.949999999999996,0.9893336683611963,21.17586883978495,1.1575150007209903e-41,on_off_m2,7
mock,scale1,self,self,with_guess,conditionAC,7.777272727272731,1.6608380778155802,4.682739895692782,7.746900826017283e-06,on_off_m2,7
mock,scale1,self,self,with_guess,guessAC,-1.824999999999997,1.2611579201070184,-1.4470828521182602,0.15057073289152914,on_off_m2,7
mock,scale1,self,self,with_guess,conditionAC:guessAC,1.6415869218500763,1.9270581932858384,0.8518616238832916,0.3960461518986591,on_off_m2,7
