study,scale,guesser,respondent,model_type,component,est,se,t,p,model_name,trial_id
mock,scale1,self,self,without_guess,intercept,26.46153846153846,0.7805791091029977,33.89988042588884,1.1456931699850225e-62,on_on_p3,8
mock,scale1,self,self,without_guess,conditionAC,16.5972850678733,1.0369387175448614,16.006042389052993,2.3662420421910305e-31,on_on_p3,8
mock,scale1,self,self,with_guess,intercept,21.039999999999996,0.7524855667859599,27.960669185811373,2.251368858130563e-53,on_on_p3,8
mock,scale1,self,self,with_guess,conditionAC,12.674285714285714,1.608881816803122,7.877698400165746,1.981545685164641e-12,on_on_p3,8
mock,scale1,self,self,with_guess,guessAC,10.441481481481482,1.044282412978223,9.998714286208344,2.3719437713619216e-17,on_on_p3,8
mock,scale1,self,self,with_guess,conditionAC:guessAC,-0.02461965478358973,1.8288945463072326,-0.013461494996143927,0.9892827303402738,on_on_p3,8
