study,scale,guesser,respondent,model_type,component,est,se,t,p,model_name,trial_id
mock,scale1,self,self,without_guess,intercept,23.46153846153846,0.7363193708232135,31.863263946605382,8.393789626285102e-60,off_on_m3,31
mock,scale1,self,self,without_guess,conditionAC,1.1708144796380113,0.9781430929688328,1.196976687822216,0.23371486728988344,off_on_m3,31
mock,scale1,self,self,with_guess,intercept,19.374999999999993,0.8793101985988959,22.03431738978163,2.8632048520562613e-43,off_on_m3,31
mock,scale1,self,self,with_guess,conditionAC,-0.46590909090908694,1.5684829059143583,-0.29704441734892983,0.7669638503954365,off_on_m3,31
mock,scale1,self,self,with_guess,guessAC,7.589285714285718,1.1982978123560097,6.333388608432984,4.71061160802332e-09,off_on_m3,31
mock,scale1,self,self,with_guess,conditionAC:guessAC,-0.7615345181134681,1.8569927374606716,-0.41009019731268403,0.6824961777531173,off_on_m3,31
