study,scale,guesser,respondent,model_type,component,est,se,t,p,model_name,trial_id
mock,scale1,self,self,without_guess,intercept,23.461538461538463,0.7237142343512726,32.418235469099294,1.3459670892121528e-60,off_on_0,38
mock,scale1,self,self,without_guess,conditionAC,4.214932126696832,0.9613981482281101,4.384169175346444,2.5421031308959585e-05,off_on_0,38
mock,scale1,self,self,with_guess,intercept,20.620689655172416,0.8070366590066396,25.55111893002963,1.832607977484666e-49,off_on_0,38
mock,scale1,self,self,with_guess,conditionAC,0.1570881226053665,1.6583026938966094,0.09472825629695353,0.9246941129890642,off_on_0,38
mock,scale1,self,self,with_guess,guessAC,6.422788605697153,1.213475511423985,5.29288687347317,5.769712846729034e-07,off_on_0,38
mock,scale1,self,self,with_guess,conditionAC:guessAC,1.528247175847103,1.9726421358589301,0.7747209430775298,0.44008087142342733,off_on_0,38
