study,scale,guesser,respondent,model_type,component,est,se,t,p,model_name,trial_id
mock,scale1,self,self,without_guess,intercept,25.461538461538453,0.8938969790025201,28.483750431677734,1.030898452397088e-54,off_on_p2,30
mock,scale1,self,self,without_guess,conditionAC,2.1561085972850695,1.187472706115931,1.8157121306286028,0.0719537382230286,off_on_p2,30
mock,scale1,self,self,with_guess,intercept,19.70833333333333,0.9639371862188663,20.445661413521258,2.8901951340621143e-40,off_on_p2,30
mock,scale1,self,self,with_guess,conditionAC,0.6762820512820521,1.6262148420392861,0.4158626731225679,0.6782788289274556,off_on_p2,30
mock,scale1,self,self,with_guess,guessAC,10.68452380952381,1.3136249566253184,8.133618165242675,5.1922541595069e-13,off_on_p2,30
mock,scale1,self,self,with_guess,conditionAC:guessAC,-1.7418664668664687,1.9612415654113005,-0.8881447841949925,0.37630077622316416,off_on_p2,30
