study,scale,guesser,respondent,model_type,component,est,se,t,p,model_name,trial_id
mock,scale1,self,self,without_guess,intercept,26.576923076923077,0.8292025550829527,32.0511832893042,4.5036235463692085e-60,off_on_p3,23
mock,scale1,self,self,without_guess,conditionAC,1.8201357466063366,1.1015311888640158,1.652368779937499,0.101117895417979,off_on_p3,23
mock,scale1,self,self,with_guess,intercept,21.62962962962963,0.8057791259045183,26.84312478974872,1.363108588380224e-51,off_on_p3,23
mock,scale1,self,self,with_guess,conditionAC,-2.0740740740740717,1.611558251809037,-1.286999133755074,0.2006568355774644,off_on_p3,23
mock,scale1,self,self,with_guess,guessAC,10.290370370370372,1.1621111820589178,8.854893171356354,1.1315144125757976e-14,off_on_p3,23
mock,scale1,self,self,with_guess,conditionAC:guessAC,-0.10016321406152144,1.896172601366379,-0.05282389060433843,0.9579630881768515,off_on_p3,23
