study,scale,guesser,respondent,model_type,component,est,se,t,p,model_name,trial_id
mock,scale1,self,self,without_guess,intercept,23.5,0.6800555522212209,34.556000496199886,1.4650039831712976e-63,off_on_m3,7
mock,scale1,self,self,without_guess,conditionAC,0.750000000000001,0.9034009800619545,0.8301961327832151,0.408104395561817,off_on_m3,7
mock,scale1,self,self,with_guess,intercept,19.695652173913043,0.8447257647588656,23.316031066644854,1.3454032834033557e-45,off_on_m3,7
mock,scale1,self,self,with_guess,conditionAC,-0.5138339920948602,1.4851108008866882,-0.34599034078001095,0.7299766993362153,off_on_m3,7
mock,scale1,self,self,with_guess,guessAC,6.821589205397303,1.1311453474956017,6.030692006558271,1.992182291089164e-08,off_on_m3,7
mock,scale1,self,self,with_guess,conditionAC:guessAC,-0.7753372117768882,1.7491171037003148,-0.44327347216297686,0.6583935602868406,off_on_m3,7
