study,scale,guesser,respondent,model_type,component,est,se,t,p,model_name,trial_id
mock,scale1,self,self,without_guess,intercept,23.38461538461538,0.75942817966552,30.792398821590766,3.085555103450846e-58,on_on_m2=,41
mock,scale1,self,self,without_guess,conditionAC,9.30656108597285,1.0088413506156038,9.224999629816825,1.365085291193673e-15,on_on_m2=,41
mock,scale1,self,self,with_guess,intercept,19.851851851851848,0.8849244430172285,22.43338627212646,5.284798537710409e-44,on_on_m2=,41
mock,scale1,self,self,with_guess,conditionAC,7.420875420875422,1.6447566345062445,4.511837961427751,1.5493998671685224e-05,on_on_m2=,41
mock,scale1,self,self,with_guess,guessAC,7.348148148148148,1.2762561816840114,5.757580847484959,7.108062756512925e-08,on_on_m2=,41
mock,scale1,self,self,with_guess,conditionAC:guessAC,-0.8840333156122651,1.9803789859817869,-0.4463960291792327,0.6561434066065035,on_on_m2=,41
