study,scale,guesser,respondent,model_type,component,est,se,t,p,model_name,trial_id
mock,scale1,self,self,without_guess,intercept,22.884615384615383,0.7270993125032128,31.473850945931495,3.078447972030486e-59,off_on_m2,22
mock,scale1,self,self,without_guess,conditionAC,1.0418552036199107,0.9658949616282223,1.0786423420861841,0.28294717606870395,off_on_m2,22
mock,scale1,self,self,with_guess,intercept,18.72,0.8894508611318875,21.04669388500845,2.035426831611735e-41,off_on_m2,22
mock,scale1,self,self,with_guess,conditionAC,2.080000000000001,1.6640101923632848,1.249992343523998,0.2138182683790713,off_on_m2,22
mock,scale1,self,self,with_guess,guessAC,8.020740740740745,1.2343597438760825,6.497895593673823,2.1233837175530606e-09,off_on_m2,22
mock,scale1,self,self,with_guess,conditionAC:guessAC,-4.355223499361432,1.96021740756808,-2.221806358083865,0.0282367236876054,off_on_m2,22
