study,scale,guesser,respondent,model_type,component,est,se,t,p,model_name,trial_id
mock,scale1,self,self,without_guess,intercept,19.69230769230769,0.5733880436254537,34.34377104865309,2.8394398745132067e-63,on_off_p3,47
mock,scale1,self,self,without_guess,conditionAC,13.204751131221721,0.7617014799381231,17.335861198923247,3.123417164075327e-34,on_off_p3,47
mock,scale1,self,self,with_guess,intercept,19.730769230769226,0.8094530558819035,24.375433618287406,1.8476790708470882e-47,on_off_p3,47
mock,scale1,self,self,with_guess,conditionAC,15.158119658119663,1.596262953090378,9.49600416947184,3.6034855083494186e-16,on_off_p3,47
mock,scale1,self,self,with_guess,guessAC,-0.07692307692307376,1.1447394897325347,-0.06719701522749655,0.9465405453075096,on_off_p3,47
mock,scale1,self,self,with_guess,conditionAC:guessAC,-2.218745472982765,1.8686915604223395,-1.187325677481687,0.23752485459262837,on_off_p3,47
