study,scale,guesser,respondent,model_type,component,est,se,t,p,model_name,trial_id
mock,scale1,self,self,without_guess,intercept,19.942307692307686,0.5768717862007386,34.569740052026404,1.4037286692073663e-63,on_off_p2,29
mock,scale1,self,self,without_guess,conditionAC,12.263574660633484,0.7663293613612162,16.003007686994962,2.4029073495719853e-31,on_off_p2,29
mock,scale1,self,self,with_guess,intercept,19.888888888888882,0.7999133847211412,24.863803092659055,2.669685354044168e-48,on_off_p2,29
mock,scale1,self,self,with_guess,conditionAC,14.111111111111112,1.5386641171182622,9.171014618537782,2.0765299785795296e-15,on_off_p2,29
mock,scale1,self,self,with_guess,guessAC,0.11111111111111421,1.153651489816811,0.0963125450726524,0.9234385453641817,on_off_p2,29
mock,scale1,self,self,with_guess,conditionAC:guessAC,-2.214559386973184,1.8320491605669105,-1.2087881890068437,0.22920242109799652,on_off_p2,29
