study,scale,guesser,respondent,model_type,component,est,se,t,p,model_name,trial_id
mock,scale1,self,self,without_guess,intercept,24.98076923076923,0.7369894530043589,33.895694339904594,1.1609469939579663e-62,on_on_m1,6
mock,scale1,self,self,without_guess,conditionAC,9.651583710407241,0.9790332451000693,9.858279847709083,4.3495459034710016e-17,on_on_m1,6
mock,scale1,self,self,with_guess,intercept,21.56521739130434,1.0054163212597305,21.449042486483936,3.5322526980203347e-42,on_on_m1,6
mock,scale1,self,self,with_guess,conditionAC,9.434782608695658,1.8264294486464523,5.16569781312258,1.0064575590259462e-06,on_on_m1,6
mock,scale1,self,self,with_guess,guessAC,6.12443778110945,1.3463209499875166,4.549017662665234,1.3343232620358637e-05,on_on_m1,6
mock,scale1,self,self,with_guess,conditionAC:guessAC,-1.865817091454278,2.1303571796444705,-0.8758235986350698,0.38293592339577365,on_on_m1,6
