study,scale,guesser,respondent,model_type,component,est,se,t,p,model_name,trial_id
mock,scale1,self,self,without_guess,intercept,23.53846153846153,0.6802577573932648,34.60226845285893,1.2687523265237473e-63,off_on_m2,49
mock,scale1,self,self,without_guess,conditionAC,1.2703619909502282,0.9036695939273972,1.4057814930224286,0.16241666586686215,off_on_m2,49
mock,scale1,self,self,with_guess,intercept,19.9047619047619,0.9231176996672368,21.562539546080767,2.1629309107929015e-42,off_on_m2,49
mock,scale1,self,self,with_guess,conditionAC,-0.46031746031745935,1.6853746244667498,-0.27312471282941214,0.7852430080180541,off_on_m2,49
mock,scale1,self,self,with_guess,guessAC,6.0952380952380985,1.1955779672208808,5.098151908408341,1.34827245628551e-06,off_on_m2,49
mock,scale1,self,self,with_guess,conditionAC:guessAC,0.0874361043852543,1.9290034522416293,0.04532708548740427,0.9639245368693411,off_on_m2,49
