study,scale,guesser,respondent,model_type,component,est,se,t,p,model_name,trial_id
mock,scale1,self,self,without_guess,intercept,25.634615384615387,0.8663780716113957,29.58825508699337,2.0002774899199845e-56,on_on_0,1
mock,scale1,self,self,without_guess,conditionAC,10.085972850678733,1.150915975086862,8.763431100969402,1.649643701718514e-14,on_on_0,1
mock,scale1,self,self,with_guess,intercept,21.249999999999996,1.1455337323865313,18.550304892138893,1.6710994209471573e-36,on_on_0,1
mock,scale1,self,self,with_guess,conditionAC,6.0227272727272725,1.9230580167369304,3.1318489719549456,0.002198975060766203,on_on_0,1
mock,scale1,self,self,with_guess,guessAC,7.125000000000002,1.4602747137294247,4.879218912038353,3.425426151790848e-06,on_on_0,1
mock,scale1,self,self,with_guess,conditionAC:guessAC,2.953149920255183,2.231310057745686,1.3235049562044185,0.18827007118223543,on_on_0,1
