study,scale,guesser,respondent,model_type,component,est,se,t,p,model_name,trial_id
mock,scale1,self,self,without_guess,intercept,22.48076923076923,0.6704149314236227,33.53262013874218,3.6747500438856104e-62,on_on_m3,30
mock,scale1,self,self,without_guess,conditionAC,8.842760180995477,0.8905941641356538,9.929056956686459,2.95516209566249e-17,on_on_m3,30
mock,scale1,self,self,with_guess,intercept,20.0,0.9144289318728916,21.871573944009963,5.734274087752815e-43,on_on_m3,30
mock,scale1,self,self,with_guess,conditionAC,9.444444444444446,1.7773303710018677,5.313837313836417,5.260653798050866e-07,on_on_m3,30
mock,scale1,self,self,with_guess,guessAC,4.7777777777777795,1.2690237442719543,3.7649238632006967,0.00026310778370806963,on_on_m3,30
mock,scale1,self,self,with_guess,conditionAC:guessAC,-2.612052730696801,2.0706177614680743,-1.2614847507368274,0.2096651334852165,on_on_m3,30
