study,scale,guesser,respondent,model_type,component,est,se,t,p,model_name,trial_id
mock,scale1,self,self,without_guess,intercept,19.461538461538456,0.6103452338061677,31.886115240344477,7.780543506594777e-60,on_off_m1,2
mock,scale1,self,self,without_guess,conditionAC,9.082579185520363,0.8107962365657879,11.20204901787726,2.7845898055448976e-20,on_off_m1,2
mock,scale1,self,self,with_guess,intercept,18.931034482758612,0.8204214097168037,23.07476896451703,3.6366241549864524e-45,on_off_m1,2
mock,scale1,self,self,with_guess,conditionAC,10.193965517241383,1.764382955607398,5.777637720226139,6.480569275803903e-08,on_off_m1,2
mock,scale1,self,self,with_guess,guessAC,1.1994002998500763,1.2336010745344526,0.9722756607542002,0.3329364874698706,on_off_m1,2
mock,scale1,self,self,with_guess,conditionAC:guessAC,-1.85773363318341,2.0705204640888977,-0.8972302691057336,0.3714544319481845,on_off_m1,2
