study,scale,guesser,respondent,model_type,component,est,se,t,p,model_name,trial_id
mock,scale1,self,self,without_guess,intercept,19.192307692307686,0.6059124806125147,31.67504929574359,1.570545965525028e-59,on_off_m2,22
mock,scale1,self,self,without_guess,conditionAC,9.234162895927602,0.8049076682474511,11.472325659455343,6.3535949780236764e-21,on_off_m2,22
mock,scale1,self,self,with_guess,intercept,19.199999999999992,0.875585007867628,21.928196380108268,4.501726059037168e-43,on_off_m2,22
mock,scale1,self,self,with_guess,conditionAC,7.4250000000000025,1.7783215576100224,4.175285379759351,5.784136293569555e-05,on_off_m2,22
mock,scale1,self,self,with_guess,guessAC,-0.014814814814812725,1.2151170270135518,-0.012192088897991797,0.9902933054793027,on_off_m2,22
mock,scale1,self,self,with_guess,conditionAC:guessAC,2.0564814814814807,2.0473702579399995,1.0044502080198472,0.3172523412588655,on_off_m2,22
