study,scale,guesser,respondent,model_type,component,est,se,t,p,model_name,trial_id
mock,scale1,self,self,without_guess,intercept,20.192307692307686,0.6192149838480855,32.6095269317022,7.203655653187079e-61,on_off_m1,18
mock,scale1,self,self,without_guess,conditionAC,7.734162895927603,0.8225790105680013,9.4023343612756,5.214109122302906e-16,on_off_m1,18
mock,scale1,self,self,with_guess,intercept,19.33333333333333,0.8589600197140242,22.50783842043082,3.8639349695731657e-44,on_off_m1,18
mock,scale1,self,self,with_guess,conditionAC,8.333333333333336,2.014439806762451,4.136799374872574,6.696316941745744e-05,on_off_m1,18
mock,scale1,self,self,with_guess,guessAC,1.78666666666667,1.2388097578609898,1.4422445862483726,0.1519279613634836,on_off_m1,18
mock,scale1,self,self,with_guess,conditionAC:guessAC,-1.5017204301075295,2.275106678589143,-0.6600659407491116,0.510520024001593,on_off_m1,18
