study,scale,guesser,respondent,model_type,component,est,se,t,p,model_name,trial_id
mock,scale1,self,self,without_guess,intercept,23.711538461538463,0.9118505235444312,26.00375593290218,1.108417745728344e-50,off_on_p2,28
mock,scale1,self,self,without_guess,conditionAC,6.023755656108596,1.2113225955577163,4.9728748379659695,2.2626578044934778e-06,off_on_p2,28
mock,scale1,self,self,with_guess,intercept,19.166666666666664,0.9436388819279747,20.311442262220815,5.2589369582684585e-40,off_on_p2,28
mock,scale1,self,self,with_guess,conditionAC,2.2619047619047605,2.169490083636913,1.0425974190732066,0.2993027843594537,off_on_p2,28
mock,scale1,self,self,with_guess,guessAC,10.742424242424246,1.4507619573753536,7.404677375093916,2.2805188398140515e-11,off_on_p2,28
mock,scale1,self,self,with_guess,conditionAC:guessAC,-1.4824710808317363,2.5216802938045033,-0.5878901796052449,0.5577487680677746,off_on_p2,28
