study,scale,guesser,respondent,model_type,component,est,se,t,p,model_name,trial_id
mock,scale1,self,self,without_guess,intercept,26.211538461538463,0.8521571986032503,30.75904129484694,3.4576165910780396e-58,off_on_p3,6
mock,scale1,self,self,without_guess,conditionAC,2.5825791855203613,1.1320246498547788,2.281380697718611,0.024319183870348416,off_on_p3,6
mock,scale1,self,self,with_guess,intercept,21.46428571428571,0.7683604522526462,27.93517762575838,2.4689116197352647e-53,off_on_p3,6
mock,scale1,self,self,with_guess,conditionAC,-2.664285714285711,1.4978102621581901,-1.7787871946121867,0.07789403871215778,off_on_p3,6
mock,scale1,self,self,with_guess,guessAC,10.285714285714286,1.1309959622398147,9.094386389624722,3.134584165165281e-15,off_on_p3,6
mock,scale1,self,self,with_guess,conditionAC:guessAC,1.4315270935960565,1.7936609569301996,0.7981035033767334,0.42644128697910166,off_on_p3,6
