study,scale,guesser,respondent,model_type,component,est,se,t,p,model_name,trial_id
mock,scale1,self,self,without_guess,intercept,26.096153846153847,0.8253149733461053,31.619629703737516,1.8897832539592958e-59,on_on_p3,13
mock,scale1,self,self,without_guess,conditionAC,16.91855203619909,1.096366838481657,15.43147005397332,4.43419359933275e-30,on_on_p3,13
mock,scale1,self,self,with_guess,intercept,21.68,0.9134431653624555,23.734372123083702,2.4373200289561224e-46,on_on_p3,13
mock,scale1,self,self,with_guess,conditionAC,11.820000000000006,1.8552118389642058,6.371240066363149,3.924614924890439e-09,on_on_p3,13
mock,scale1,self,self,with_guess,guessAC,8.505185185185184,1.2676557198531624,6.709380987268667,7.528282595033247e-10,on_on_p3,13
mock,scale1,self,self,with_guess,conditionAC:guessAC,2.2781481481481487,2.1358935480590047,1.066601914790378,0.2883665077310588,on_on_p3,13
