study,scale,guesser,respondent,model_type,component,est,se,t,p,model_name,trial_id
mock,scale1,self,self,without_guess,intercept,24.40384615384615,0.6931095751390025,35.20921803591009,1.9511875814479304e-64,off_on_0,22
mock,scale1,self,self,without_guess,conditionAC,1.7579185520362006,0.9207422355802077,1.9092407018001563,0.05865935479901492,off_on_0,22
mock,scale1,self,self,with_guess,intercept,20.749999999999996,0.8401886032467502,24.696835829259694,5.157329088414148e-48,off_on_0,22
mock,scale1,self,self,with_guess,conditionAC,-1.1249999999999958,1.6803772064935008,-0.6694925375401698,0.5045117382694746,off_on_0,22
mock,scale1,self,self,with_guess,guessAC,6.7857142857142865,1.144984064601177,5.926470503393337,3.247958065275756e-08,off_on_0,22
mock,scale1,self,self,with_guess,conditionAC:guessAC,0.6226190476190437,1.9264230923860155,0.32319953497229137,0.7471260305823083,off_on_0,22
