study,scale,guesser,respondent,model_type,component,est,se,t,p,model_name,trial_id
mock,scale1,self,self,without_guess,intercept,22.384615384615383,0.6686434354174186,33.477656698508056,4.378907929591012e-62,off_on_m3,12
mock,scale1,self,self,without_guess,conditionAC,2.115384615384616,0.8882408692864999,2.381543890323182,0.01883976659391408,off_on_m3,12
mock,scale1,self,self,with_guess,intercept,19.863636363636356,0.9697762601292855,20.48270016528167,2.4510797507978546e-40,off_on_m3,12
mock,scale1,self,self,with_guess,conditionAC,1.8636363636363649,1.6797017545180546,1.1095043263624413,0.2695075055072573,off_on_m3,12
mock,scale1,self,self,with_guess,guessAC,4.369696969696971,1.2767697746649274,3.422462730873892,0.0008580417236555214,off_on_m3,12
mock,scale1,self,self,with_guess,conditionAC:guessAC,-1.0618819776714528,1.968263173986136,-0.5395020298636815,0.5905745754963483,off_on_m3,12
