study,scale,guesser,respondent,model_type,component,est,se,t,p,model_name,trial_id
mock,scale1,self,self,without_guess,intercept,19.53846153846153,0.5921363470697382,32.99655836894676,2.051934602225634e-61,on_off_p1,28
mock,scale1,self,self,without_guess,conditionAC,10.652714932126699,0.7866071448514446,13.542611457131537,8.750649572042186e-26,on_off_p1,28
mock,scale1,self,self,with_guess,intercept,18.733333333333324,0.7768194508272086,24.11542773984976,5.231089619632004e-47,on_off_p1,28
mock,scale1,self,self,with_guess,conditionAC,10.812121212121216,1.4997389720312524,7.209335366858698,6.167138379451285e-11,on_off_p1,28
mock,scale1,self,self,with_guess,guessAC,1.9030303030303068,1.1942917238708564,1.5934384078810624,0.11378313499253907,on_off_p1,28
mock,scale1,self,self,with_guess,conditionAC:guessAC,-1.1326953748006419,1.8411153410240566,-0.6152223869747451,0.5396129506286438,on_off_p1,28
