study,scale,guesser,respondent,model_type,component,est,se,t,p,model_name,trial_id
mock,scale1,self,self,without_guess,intercept,23.423076923076916,0.7308590367880387,32.04869303664367,4.5408487768614375e-60,off_on_m2,29
mock,scale1,self,self,without_guess,conditionAC,0.9004524886877842,0.9708894633164749,0.9274510875954055,0.35558552195821214,off_on_m2,29
mock,scale1,self,self,with_guess,intercept,20.107142857142854,0.8304092235107656,24.213535071461283,3.529144396740634e-47,off_on_m2,29
mock,scale1,self,self,with_guess,conditionAC,-1.4071428571428546,1.6187655847183873,-0.8692690717091393,0.3864950435265212,off_on_m2,29
mock,scale1,self,self,with_guess,guessAC,7.184523809523808,1.2223292805400128,5.877731904082146,4.076303654225491e-08,off_on_m2,29
mock,scale1,self,self,with_guess,conditionAC:guessAC,-0.5914203612479485,1.9385076341698904,-0.305090550495153,0.7608439305730018,off_on_m2,29
