study,scale,guesser,respondent,model_type,component,est,se,t,p,model_name,trial_id
mock,scale1,self,self,without_guess,intercept,24.269230769230763,0.7628583884465903,31.81354644162757,9.901662335678713e-60,on_on_m1,46
mock,scale1,self,self,without_guess,conditionAC,9.304298642533936,1.013398116551143,9.18128669332728,1.7299163091623376e-15,on_on_m1,46
mock,scale1,self,self,with_guess,intercept,20.54545454545454,0.9710993864139851,21.156901994679973,1.2573712650556828e-41,on_on_m1,46
mock,scale1,self,self,with_guess,conditionAC,7.517045454545457,1.4965646639712382,5.022867127303711,1.8628720533993353e-06,on_on_m1,46
mock,scale1,self,self,with_guess,guessAC,6.454545454545459,1.2785117513639073,5.048483479060552,1.6693341028682226e-06,on_on_m1,46
mock,scale1,self,self,with_guess,conditionAC:guessAC,0.752185314685312,1.8248945186902896,0.4121801599936574,0.680968090253269,on_on_m1,46
