study,scale,guesser,respondent,model_type,component,est,se,t,p,model_name,trial_id
mock,scale1,self,self,without_guess,intercept,20.67307692307692,0.5986419495363019,34.53329145926032,1.57224875522148e-63,on_off_m2,30
mock,scale1,self,self,without_guess,conditionAC,6.679864253393666,0.7952493324271372,8.399710607749164,1.1557122261641258e-13,on_off_m2,30
mock,scale1,self,self,with_guess,intercept,20.42857142857142,0.9350299608653659,21.848039403641003,6.341778819241778e-43,on_off_m2,30
mock,scale1,self,self,with_guess,conditionAC,9.857142857142863,1.8700599217307334,5.271030485493809,6.351996547362149e-07,on_off_m2,30
mock,scale1,self,self,with_guess,guessAC,0.41013824884793015,1.21100615913335,0.3386756093308752,0.7354663828732866,on_off_m2,30
mock,scale1,self,self,with_guess,conditionAC:guessAC,-3.679459091939266,2.0953188286641886,-1.7560378122908396,0.08172124940002415,on_off_m2,30
