study,scale,guesser,respondent,model_type,component,est,se,t,p,model_name,trial_id
mock,scale1,self,self,without_guess,intercept,22.519230769230763,0.697350399122294,32.29256166996411,2.032776613331359e-60,on_on_m2=,19
mock,scale1,self,self,without_guess,conditionAC,9.95135746606335,0.9263758408500454,10.7422463186561,3.45101682619578e-19,on_on_m2=,19
mock,scale1,self,self,with_guess,intercept,19.037037037037035,0.8380109564994784,22.716930953454526,1.6091780953230668e-44,on_on_m2=,19
mock,scale1,self,self,with_guess,conditionAC,10.462962962962967,1.6119462596156031,6.490888204584466,2.1970837314735597e-09,on_on_m2=,19
mock,scale1,self,self,with_guess,guessAC,7.242962962962963,1.2085965892237969,5.992870596809022,2.3799613431167124e-08,on_on_m2=,19
mock,scale1,self,self,with_guess,conditionAC:guessAC,-3.7602043422733105,1.9193043881069176,-1.9591495572946311,0.05249460105165258,on_on_m2=,19
