study,scale,guesser,respondent,model_type,component,est,se,t,p,model_name,trial_id
mock,scale1,self,self,without_guess,intercept,24.115384615384606,0.751095148290109,32.10696363874006,3.7457845444482196e-60,on_on_0,45
mock,scale1,self,self,without_guess,conditionAC,12.781674208144798,0.9977715656739988,12.810220944220559,4.438706647642073e-24,on_on_0,45
mock,scale1,self,self,with_guess,intercept,20.041666666666657,0.9098705188491986,22.026943671078932,2.9545339104218694e-43,on_on_0,45
mock,scale1,self,self,with_guess,conditionAC,10.513888888888893,1.7422693985890945,6.034594246678003,1.955899655661969e-08,on_on_0,45
mock,scale1,self,self,with_guess,guessAC,7.565476190476194,1.2399445087768952,6.10146352270145,1.4261967407382648e-08,on_on_0,45
mock,scale1,self,self,with_guess,conditionAC:guessAC,-0.2566249663707341,2.020361122472789,-0.12701935486495702,0.8991449977946715,on_on_0,45
