study,scale,guesser,respondent,model_type,component,est,se,t,p,model_name,trial_id
mock,scale1,self,self,without_guess,intercept,22.788461538461533,0.6724175881651259,33.89034126939785,1.1807517975180394e-62,on_on_m3,9
mock,scale1,self,self,without_guess,conditionAC,7.490950226244345,0.8932545380670073,8.386131731784623,1.242408981729065e-13,on_on_m3,9
mock,scale1,self,self,with_guess,intercept,20.59090909090908,0.996922142705166,20.654480634801914,1.1439122872365101e-40,on_on_m3,9
mock,scale1,self,self,with_guess,conditionAC,7.409090909090913,1.8502091928899902,4.004461191503464,0.00011004551387813755,on_on_m3,9
mock,scale1,self,self,with_guess,guessAC,3.8090909090909135,1.3125089897853994,2.9021446243303184,0.004436425061994799,on_on_m3,9
mock,scale1,self,self,with_guess,conditionAC:guessAC,-1.1819722650231173,2.1266616289897318,-0.555787648072915,0.5794264293995821,on_on_m3,9
