study,scale,guesser,respondent,model_type,component,est,se,t,p,model_name,trial_id
mock,scale1,self,self,without_guess,intercept,20.519230769230766,0.584485610200093,35.106477235951466,2.673708981754777e-64,on_off_p2,33
mock,scale1,self,self,without_guess,conditionAC,12.142533936651581,0.7764437351657822,15.638652727436806,1.5344142285853266e-30,on_off_p2,33
mock,scale1,self,self,with_guess,intercept,20.77272727272727,0.9055544458366186,22.939236142268484,6.376419664923454e-45,on_off_p2,33
mock,scale1,self,self,with_guess,conditionAC,12.227272727272728,1.7535986439046551,6.972674602465955,2.0327355102419695e-10,on_off_p2,33
mock,scale1,self,self,with_guess,guessAC,-0.4393939393939357,1.192217827237291,-0.3685517271723212,0.7131336390848888,on_off_p2,33
mock,scale1,self,self,with_guess,conditionAC:guessAC,0.05606060606060372,1.9942767971663709,0.02811074477738454,0.9776221293991685,on_off_p2,33
