study,scale,guesser,respondent,model_type,component,est,se,t,p,model_name,trial_id
mock,scale1,self,self,without_guess,intercept,19.576923076923077,0.5524186966705416,35.438559909203455,9.684648374683316e-65,off_off_0,28
mock,scale1,self,self,without_guess,conditionAC,0.7907239819004528,0.7338453312331354,1.0775076821320644,0.2834513886789075,off_off_0,28
mock,scale1,self,self,with_guess,intercept,19.70967741935484,0.7162753064844728,27.51690200809973,1.1316509929106928e-52,off_off_0,28
mock,scale1,self,self,with_guess,conditionAC,-0.931899641577061,1.510040933484072,-0.61713535104437,0.5383549228323357,off_off_0,28
mock,scale1,self,self,with_guess,guessAC,-0.3287250384024572,1.1271247947834881,-0.29164919441382947,0.7710757665923473,off_off_0,28
mock,scale1,self,self,with_guess,conditionAC:guessAC,2.1611167521501033,1.8185577853182384,1.1883684805605002,0.23711555725717212,off_off_0,28
