study,scale,guesser,respondent,model_type,component,est,se,t,p,model_name,trial_id
mock,scale1,self,self,without_guess,intercept,24.19230769230769,0.7854556628628843,30.80034792050497,3.003012107336661e-58,on_on_0,10
mock,scale1,self,self,without_guess,conditionAC,11.895927601809953,1.0434168404446995,11.400935024912922,9.385138521525827e-21,on_on_0,10
mock,scale1,self,self,with_guess,intercept,20.43478260869565,1.0292047762795764,19.854923995363077,4.0967205296297595e-39,on_on_0,10
mock,scale1,self,self,with_guess,conditionAC,10.292490118577074,1.8094430090140388,5.688209060635421,9.77314234692315e-08,on_on_0,10
mock,scale1,self,self,with_guess,guessAC,6.7376311844078005,1.378175311890978,4.888805601344851,3.290035761012503e-06,on_on_0,10
mock,scale1,self,self,with_guess,conditionAC:guessAC,-0.3420968941366661,2.131105445699938,-0.16052555955264247,0.872746303822874,on_on_0,10
