study,scale,guesser,respondent,model_type,component,est,se,t,p,model_name,trial_id
mock,scale1,self,self,without_guess,intercept,25.65384615384616,0.8214567972097362,31.229696121555328,6.998456316483391e-59,off_on_p3,14
mock,scale1,self,self,without_guess,conditionAC,4.096153846153846,1.0912415511555509,3.753663743665457,0.00027192465952117595,off_on_p3,14
mock,scale1,self,self,with_guess,intercept,21.100000000000005,0.8072806679800252,26.137130290505223,1.9424214823735573e-50,off_on_p3,14
mock,scale1,self,self,with_guess,conditionAC,1.4714285714285704,1.855993259112151,0.7927984459019295,0.42951375871774633,off_on_p3,14
mock,scale1,self,self,with_guess,guessAC,10.763636363636367,1.2411231716492332,8.67249650115983,2.996008265067641e-14,off_on_p3,14
mock,scale1,self,self,with_guess,conditionAC:guessAC,-2.761294443261655,2.1572910898450504,-1.2799823149781737,0.20310523306309672,off_on_p3,14
