study,scale,guesser,respondent,model_type,component,est,se,t,p,model_name,trial_id
mock,scale1,self,self,without_guess,intercept,19.26923076923077,0.5710917814908304,33.741040221115775,1.8942275192899215e-62,on_off_m1,10
mock,scale1,self,self,without_guess,conditionAC,10.23076923076923,0.7586510740468364,13.485473863756264,1.1867734811851996e-25,on_off_m1,10
mock,scale1,self,self,with_guess,intercept,19.374999999999996,0.8465165511021314,22.88791633757722,7.891578589146966e-45,on_off_m1,10
mock,scale1,self,self,with_guess,conditionAC,9.424999999999999,1.5608993953440697,6.038185438544835,1.9230837092842914e-08,on_off_m1,10
mock,scale1,self,self,with_guess,guessAC,-0.1964285714285705,1.1536076039208492,-0.17027329809629774,0.8650918310106647,on_off_m1,10
mock,scale1,self,self,with_guess,conditionAC:guessAC,1.0171182266009842,1.8295210485746005,0.5559478134419016,0.5793172883376254,on_off_m1,10
