study,scale,guesser,respondent,model_type,component,est,se,t,p,model_name,trial_id
mock,scale1,self,self,without_guess,intercept,24.19230769230769,0.7347088056034509,32.927749753097636,2.562998429987243e-61,on_on_m1,3
mock,scale1,self,self,without_guess,conditionAC,12.513574660633488,0.9760035821697005,12.82123845571882,4.182804098448779e-24,on_on_m1,3
mock,scale1,self,self,with_guess,intercept,19.318181818181806,0.8718428062872472,22.157872587661195,1.6934615952862575e-43,on_on_m1,3
mock,scale1,self,self,with_guess,conditionAC,10.681818181818185,1.6180717689452844,6.601572554955932,1.2793961822688076e-09,on_on_m1,3
mock,scale1,self,self,with_guess,guessAC,8.448484848484853,1.147834391386533,7.360369154194324,2.860029006549056e-11,on_on_m1,3
mock,scale1,self,self,with_guess,conditionAC:guessAC,-0.7196712891628181,1.8598389615568596,-0.38695355030114315,0.6994995700808866,on_on_m1,3
