study,scale,guesser,respondent,model_type,component,est,se,t,p,model_name,trial_id
mock,scale1,self,self,without_guess,intercept,20.86538461538461,0.6582377286690199,31.698858492318816,1.450641912521313e-59,on_off_m2,35
mock,scale1,self,self,without_guess,conditionAC,7.281674208144798,0.8744176961000796,8.327455220338301,1.6977726046356779e-13,on_off_m2,35
mock,scale1,self,self,with_guess,intercept,20.72727272727272,1.0180591446771847,20.359595840421537,4.24147387885068e-40,on_off_m2,35
mock,scale1,self,self,with_guess,conditionAC,6.372727272727276,1.8211595620907832,3.4992690401114896,0.000662676744187196,on_off_m2,35
mock,scale1,self,self,with_guess,guessAC,0.23939393939394263,1.340337145984345,0.17860725572753672,0.8585576614079657,on_off_m2,35
mock,scale1,self,self,with_guess,conditionAC:guessAC,0.9881922675026099,2.1141938143334533,0.46740855110020246,0.641084457743785,on_off_m2,35
