study,scale,guesser,respondent,model_type,component,est,se,t,p,model_name,trial_id
mock,scale1,self,self,without_guess,intercept,23.769230769230766,0.6767571644070719,35.122244756811305,2.547391936093763e-64,on_on_m1,8
mock,scale1,self,self,without_guess,conditionAC,11.113122171945701,0.8990193280422129,12.361382926156502,5.0233834126016086e-23,on_on_m1,8
mock,scale1,self,self,with_guess,intercept,20.115384615384613,0.8062030547863976,24.950767050509572,1.896875785512686e-48,on_on_m1,8
mock,scale1,self,self,with_guess,conditionAC,11.653846153846153,1.3963846521072758,8.345727759367309,1.6975640120411455e-13,on_on_m1,8
mock,scale1,self,self,with_guess,guessAC,7.3076923076923075,1.1401432941055434,6.409450764191253,3.2625324491231342e-09,on_on_m1,8
mock,scale1,self,self,with_guess,conditionAC:guessAC,-3.458741258741258,1.7050245955279688,-2.028557985505331,0.04479348785021793,on_on_m1,8
