study,scale,guesser,respondent,model_type,component,est,se,t,p,model_name,trial_id
mock,scale1,self,self,without_guess,intercept,24.249999999999996,0.7458615401489711,32.51273687493866,9.880019821793986e-61,off_on_p2,37
mock,scale1,self,self,without_guess,conditionAC,2.808823529411768,0.9908191237616856,2.8348499358267873,0.0053955582891544954,off_on_p2,37
mock,scale1,self,self,with_guess,intercept,19.51851851851852,0.7146397879225753,27.312387091205693,2.397239247941704e-52,off_on_p2,37
mock,scale1,self,self,with_guess,conditionAC,1.0269360269360295,1.3282586346695675,0.7731446272069608,0.44100940689241486,off_on_p2,37
mock,scale1,self,self,with_guess,guessAC,9.841481481481484,1.0306681595366227,9.54864219915953,2.7117251795440234e-16,off_on_p2,37
mock,scale1,self,self,with_guess,conditionAC:guessAC,-2.0711465532518196,1.5992976911372256,-1.2950350423998127,0.19787972760416792,off_on_p2,37
