study,scale,guesser,respondent,model_type,component,est,se,t,p,model_name,trial_id
mock,scale1,self,self,without_guess,intercept,23.519230769230766,0.7300890206769295,32.21419594479592,2.630413813106566e-60,off_on_m2,30
mock,scale1,self,self,without_guess,conditionAC,1.2601809954751153,0.9698665567213189,1.299334415381038,0.19636209387572412,off_on_m2,30
mock,scale1,self,self,with_guess,intercept,20.0,0.7823680423525624,25.56341634285121,1.7476478088845673e-49,off_on_m2,30
mock,scale1,self,self,with_guess,conditionAC,-2.8749999999999973,1.6596532443934229,-1.732289566939487,0.08588000183198144,off_on_m2,30
mock,scale1,self,self,with_guess,guessAC,7.624999999999998,1.1516145765858146,6.621138838486913,1.1623026931389114e-09,off_on_m2,30
mock,scale1,self,self,with_guess,conditionAC:guessAC,1.0500000000000003,1.9375788558559617,0.5419134281046555,0.5889175850542647,off_on_m2,30
