study,scale,guesser,respondent,model_type,df1,df2,f,adjr2,p,model_name,trial_id
mock,scale1,self,self,without_guess,1.0,118.0,3.2762971742063383,0.018769514136274923,0.07283232858979777,off_on_p1,0
mock,scale1,self,self,with_guess,3.0,116.0,22.88841458829037,0.3555907025389182,1.0386071872017447e-11,off_on_p1,0
