study,scale,guesser,respondent,model_type,component,est,se,t,p,model_name,trial_id
mock,scale1,self,self,without_guess,intercept,25.807692307692303,0.8537580387178758,30.228344726860545,2.1431885516895016e-57,on_on_p2,7
mock,scale1,self,self,without_guess,conditionAC,14.780542986425338,1.1341512416071018,13.032250412635607,1.343741837240415e-24,on_on_p2,7
mock,scale1,self,self,with_guess,intercept,21.166666666666668,0.985424436645598,21.479746066292382,3.0928649233093414e-42,on_on_p2,7
mock,scale1,self,self,with_guess,conditionAC,8.333333333333337,2.2034760270289917,3.781903334146732,0.0002476376686469262,on_on_p2,7
mock,scale1,self,self,with_guess,guessAC,8.61904761904762,1.3429071430720652,6.418200739725377,3.127163627703565e-09,on_on_p2,7
mock,scale1,self,self,with_guess,conditionAC:guessAC,3.542242703533025,2.462425548298717,1.438517686750103,0.152979848425889,on_on_p2,7
