study,scale,guesser,respondent,model_type,component,est,se,t,p,model_name,trial_id
mock,scale1,self,self,without_guess,intercept,25.634615384615387,0.9236674101003384,27.753079847031398,1.4907916865354493e-53,on_on_p2,45
mock,scale1,self,self,without_guess,conditionAC,14.835972850678733,1.2270204115096912,12.09105627870116,2.1793174394390843e-22,on_on_p2,45
mock,scale1,self,self,with_guess,intercept,20.319999999999997,1.0380626849718828,19.574925767175987,1.4616976098722735e-38,on_on_p2,45
mock,scale1,self,self,with_guess,conditionAC,11.055000000000001,2.108315279782774,5.243523160890354,7.166817776164208e-07,on_on_p2,45
mock,scale1,self,self,with_guess,guessAC,10.235555555555553,1.4405998644136613,7.105064916635632,1.0448950237400125e-10,on_on_p2,45
mock,scale1,self,self,with_guess,conditionAC:guessAC,0.07277777777777675,2.42728992387005,0.029983141717879542,0.9761320234068503,on_on_p2,45
