study,scale,guesser,respondent,model_type,component,est,se,t,p,model_name,trial_id
mock,scale1,self,self,without_guess,intercept,24.192307692307686,0.9443458739532157,25.618058340249824,4.96851031161693e-50,on_on_p3,9
mock,scale1,self,self,without_guess,conditionAC,17.778280542986426,1.2544901446070076,14.17171798392709,3.117285712406973e-27,on_on_p3,9
mock,scale1,self,self,with_guess,intercept,18.799999999999994,0.8418653335134557,22.33136257260973,8.125548960950812e-44,on_on_p3,9
mock,scale1,self,self,with_guess,conditionAC,15.507692307692308,1.5311057168491025,10.12842688590174,1.1736921989685153e-17,on_on_p3,9
mock,scale1,self,self,with_guess,guessAC,12.745454545454542,1.2942940593959733,9.847417944112829,5.3853726027328223e-17,on_on_p3,9
mock,scale1,self,self,with_guess,conditionAC:guessAC,-3.271328671328669,1.922843867179648,-1.7012970876969464,0.09156624898117162,on_on_p3,9
