study,scale,guesser,respondent,model_type,component,est,se,t,p,model_name,trial_id
mock,scale1,self,self,without_guess,intercept,25.442307692307686,0.8677453505314825,29.320016150734325,5.1568176495297e-56,off_on_p1,7
mock,scale1,self,self,without_guess,conditionAC,2.645927601809956,1.1527322989333333,2.295353053140207,0.02347921013536264,off_on_p1,7
mock,scale1,self,self,with_guess,intercept,20.576923076923077,0.948048038512742,21.704515215498247,1.173649404806706e-42,off_on_p1,7
mock,scale1,self,self,with_guess,conditionAC,-0.5769230769230735,1.86957594468416,-0.3085849914594066,0.7581907339631914,off_on_p1,7
mock,scale1,self,self,with_guess,guessAC,9.73076923076923,1.3407423938459302,7.257747107448763,4.823612142338215e-11,off_on_p1,7
mock,scale1,self,self,with_guess,conditionAC:guessAC,-0.4087353324641474,2.1886499230193603,-0.18675226593583089,0.8521811003450493,off_on_p1,7
