study,scale,guesser,respondent,model_type,component,est,se,t,p,model_name,trial_id
mock,scale1,self,self,without_guess,intercept,20.076923076923073,0.5314768910312991,37.775721608450375,9.466838727608456e-68,on_off_m2,28
mock,scale1,self,self,without_guess,conditionAC,8.276018099547512,0.7060257690268347,11.721977387532093,1.6261705833602404e-21,on_off_m2,28
mock,scale1,self,self,with_guess,intercept,19.666666666666657,0.7772415765568681,25.303158322781403,4.789007584346935e-49,on_off_m2,28
mock,scale1,self,self,with_guess,conditionAC,10.515151515151517,1.3864164529626604,7.584410508604024,9.061745389379306e-12,on_off_m2,28
mock,scale1,self,self,with_guess,guessAC,0.7619047619047654,1.0592017269267235,0.7193197882290411,0.4733905635282374,on_off_m2,28
mock,scale1,self,self,with_guess,conditionAC:guessAC,-2.9437229437229475,1.6414366229555966,-1.793382030445034,0.07551745264424714,on_off_m2,28
