study,scale,guesser,respondent,model_type,component,est,se,t,p,model_name,trial_id
mock,scale1,self,self,without_guess,intercept,24.15384615384615,0.9183281163548657,26.3019782621057,3.512371504628392e-51,off_on_p2,19
mock,scale1,self,self,without_guess,conditionAC,4.669683257918553,1.2199275744807987,3.8278364680017756,0.00020840746206019886,off_on_p2,19
mock,scale1,self,self,with_guess,intercept,19.2,0.816738350278621,23.508140634574264,6.124408834576739e-46,off_on_p2,19
mock,scale1,self,self,with_guess,conditionAC,0.8833333333333344,1.527977540690782,0.5781062285339541,0.5643130060535245,off_on_p2,19
mock,scale1,self,self,with_guess,guessAC,11.709090909090913,1.2556635280784973,9.32502270493511,9.063440445446591e-16,off_on_p2,19
mock,scale1,self,self,with_guess,conditionAC:guessAC,-1.0959956709956722,1.8978143008118737,-0.5775041691522779,0.5647181664090386,off_on_p2,19
