study,scale,guesser,respondent,model_type,component,est,se,t,p,model_name,trial_id
mock,scale1,self,self,without_guess,intercept,25.326923076923073,0.8563477334526403,29.57551247880282,2.0920111412877497e-56,on_on_p1,10
mock,scale1,self,self,without_guess,conditionAC,13.070135746606336,1.13759144991627,11.489305538968612,5.790740349365846e-21,on_on_p1,10
mock,scale1,self,self,with_guess,intercept,19.607142857142858,0.8343827500400836,23.49897916298118,6.358021904664242e-46,on_on_p1,10
mock,scale1,self,self,with_guess,conditionAC,14.392857142857146,1.5710907724777963,9.161060197787238,2.1906983912075013e-15,on_on_p1,10
mock,scale1,self,self,with_guess,guessAC,12.392857142857148,1.228178153223837,10.090439331075233,1.4423052046498297e-17,on_on_p1,10
mock,scale1,self,self,with_guess,conditionAC:guessAC,-7.1472431077694285,1.9032980677485647,-3.7551885481731153,0.000272387163410067,on_on_p1,10
