study,scale,guesser,respondent,model_type,component,est,se,t,p,model_name,trial_id
mock,scale1,self,self,without_guess,intercept,22.769230769230766,0.6403704598426216,35.55634151960502,6.768372354267746e-65,off_on_m1,35
mock,scale1,self,self,without_guess,conditionAC,3.7160633484162906,0.8506824172451725,4.368332144974023,2.7058937986717107e-05,off_on_m1,35
mock,scale1,self,self,with_guess,intercept,19.96428571428571,0.7450916056294015,26.794404289954755,1.634734952775365e-51,off_on_m1,35
mock,scale1,self,self,with_guess,conditionAC,0.5357142857142873,1.7736727914368147,0.30203670502286756,0.7631649362267773,off_on_m1,35
mock,scale1,self,self,with_guess,guessAC,6.077380952380955,1.0967451474045218,5.541288207897019,1.9056593006411928e-07,off_on_m1,35
mock,scale1,self,self,with_guess,conditionAC:guessAC,0.487135176651305,2.0110498963937746,0.24222928407934502,0.8090302418140722,off_on_m1,35
