study,scale,guesser,respondent,model_type,component,est,se,t,p,model_name,trial_id
mock,scale1,self,self,without_guess,intercept,23.26923076923077,0.6939620713263491,33.53098350859,3.6939709796052195e-62,off_on_m2,2
mock,scale1,self,self,without_guess,conditionAC,1.1719457013574657,0.9218747105502784,1.2712635328264041,0.20613511022054007,off_on_m2,2
mock,scale1,self,self,with_guess,intercept,20.079999999999995,0.8665953614723836,23.171137179736565,2.4426143806840484e-45,off_on_m2,2
mock,scale1,self,self,with_guess,conditionAC,-0.07999999999999789,1.5216914453835493,-0.05257307599559616,0.958162498980319,off_on_m2,2
mock,scale1,self,self,with_guess,guessAC,6.142222222222223,1.2026413995147494,5.1072765536763765,1.2962216817716205e-06,off_on_m2,2
mock,scale1,self,self,with_guess,conditionAC:guessAC,-0.7493650793650809,1.8292528409718762,-0.40965637039379726,0.6828135382238965,off_on_m2,2
