study,scale,guesser,respondent,model_type,component,est,se,t,p,model_name,trial_id
mock,scale1,self,self,without_guess,intercept,22.82692307692308,0.7912392219752925,28.84958485745526,2.758369156015801e-55,on_on_p2,12
mock,scale1,self,self,without_guess,conditionAC,18.55542986425339,1.0510998495067243,17.653346514093172,6.626237333490614e-35,on_on_p2,12
mock,scale1,self,self,with_guess,intercept,19.916666666666668,0.7646379096769904,26.047187060186644,2.734863839511001e-50,on_on_p2,12
mock,scale1,self,self,with_guess,conditionAC,14.226190476190476,1.895138845850219,7.506674514820659,1.3518908586490064e-11,on_on_p2,12
mock,scale1,self,self,with_guess,guessAC,9.458333333333334,1.378470595251996,6.861469055568988,3.5422007988103616e-10,on_on_p2,12
mock,scale1,self,self,with_guess,conditionAC:guessAC,-1.3880757220921163,2.291748919549515,-0.6056840303277935,0.5459078567573372,on_on_p2,12
