study,scale,guesser,respondent,model_type,component,est,se,t,p,model_name,trial_id
mock,scale1,self,self,without_guess,intercept,20.846153846153847,0.6097766514416143,34.18653993535181,4.6461175620817573e-63,on_off_m2,18
mock,scale1,self,self,without_guess,conditionAC,6.712669683257919,0.8100409190572317,8.286827893917355,2.1069229009544484e-13,on_off_m2,18
mock,scale1,self,self,with_guess,intercept,21.43478260869565,0.9217816491048076,23.253644319684746,1.738769924531352e-45,on_off_m2,18
mock,scale1,self,self,with_guess,conditionAC,5.981884057971017,1.5742418625570014,3.79985070925175,0.00023222700049502402,on_off_m2,18
mock,scale1,self,self,with_guess,guessAC,-1.0554722638680647,1.234328426207487,-0.8550984012504974,0.3942593518375548,on_off_m2,18
mock,scale1,self,self,with_guess,conditionAC:guessAC,1.2280913114871106,1.8711223877055987,0.6563393819433782,0.5129056525779995,on_off_m2,18
