study,scale,guesser,respondent,model_type,component,est,se,t,p,model_name,trial_id
mock,scale1,self,self,without_guess,intercept,20.211538461538467,0.5857534831888221,34.505195515880736,1.7159513749410547e-63,on_off_p1,41
mock,scale1,self,self,without_guess,conditionAC,10.714932126696832,0.7781280059534714,13.7701407027079,2.608368096028747e-26,on_off_p1,41
mock,scale1,self,self,with_guess,intercept,19.45454545454546,0.9024364366205228,21.557801375351776,2.2076061703064947e-42,on_off_p1,41
mock,scale1,self,self,with_guess,conditionAC,10.878787878787879,1.5190268747011408,7.161682298035848,7.850197211125879e-11,on_off_p1,41
mock,scale1,self,self,with_guess,guessAC,1.3121212121212122,1.1881127773531996,1.1043742960531664,0.2717163451903971,on_off_p1,41
mock,scale1,self,self,with_guess,conditionAC:guessAC,-0.5918831168831169,1.7957178570669277,-0.3296080809988053,0.7422905520550541,on_off_p1,41
