study,scale,guesser,respondent,model_type,component,est,se,t,p,model_name,trial_id
mock,scale1,self,self,without_guess,intercept,25.59615384615385,0.9140471944015914,28.00309874908718,5.941531117739085e-54,off_on_p2,34
mock,scale1,self,self,without_guess,conditionAC,3.403846153846154,1.214240702172316,2.8032713347168836,0.005915923872982246,off_on_p2,34
mock,scale1,self,self,with_guess,intercept,20.041666666666675,0.9266993240781242,21.626935669348875,1.6386507997183336e-42,off_on_p2,34
mock,scale1,self,self,with_guess,conditionAC,-3.2916666666666665,1.8533986481562494,-1.776016546651309,0.07835210024750573,off_on_p2,34
mock,scale1,self,self,with_guess,guessAC,10.31547619047619,1.2628783045210132,8.168226624487513,4.3285073570938343e-13,off_on_p2,34
mock,scale1,self,self,with_guess,conditionAC:guessAC,3.5678571428571435,2.1247788540620336,1.6791663452581493,0.09581131960952988,off_on_p2,34
