study,scale,guesser,respondent,model_type,component,est,se,t,p,model_name,trial_id
mock,scale1,self,self,without_guess,intercept,20.230769230769234,0.579556583625266,34.90732363735893,4.934724194473098e-64,on_off_p1,17
mock,scale1,self,self,without_guess,conditionAC,10.828054298642531,0.7698959062069479,14.064309488264705,5.4937649220890815e-27,on_off_p1,17
mock,scale1,self,self,with_guess,intercept,19.999999999999996,0.7557000848571377,26.465525677135425,5.609092670166298e-51,on_off_p1,17
mock,scale1,self,self,with_guess,conditionAC,10.583333333333332,1.4305171729390582,7.3982567518497,2.3566517658047356e-11,on_off_p1,17
mock,scale1,self,self,with_guess,guessAC,0.5714285714285716,1.1891632942687942,0.4805299441906655,0.6317556265788561,on_off_p1,17
mock,scale1,self,self,with_guess,conditionAC:guessAC,0.005952380952380773,1.7904025036497668,0.0033246049088105833,0.9973530646840219,on_off_p1,17
