study,scale,guesser,respondent,model_type,component,est,se,t,p,model_name,trial_id
mock,scale1,self,self,without_guess,intercept,26.326923076923077,0.8831878054723775,29.80897484521085,9.221303760824709e-57,off_on_p3,19
mock,scale1,self,self,without_guess,conditionAC,4.23190045248869,1.1732464008807415,3.6070005834340124,0.0004553466714576865,off_on_p3,19
mock,scale1,self,self,with_guess,intercept,19.78260869565217,0.943686435271045,20.963116514406842,2.9358185358162356e-41,off_on_p3,19
mock,scale1,self,self,with_guess,conditionAC,0.8840579710144972,2.0746798369596937,0.42611778225503255,0.6708116758372831,off_on_p3,19
mock,scale1,self,self,with_guess,guessAC,11.734632683658173,1.2636604271875904,9.286223127026963,1.1170492533984264e-15,off_on_p3,19
mock,scale1,self,self,with_guess,conditionAC:guessAC,-0.8851703180667762,2.311050225000381,-0.38301647817568757,0.7024085207183731,off_on_p3,19
