study,scale,guesser,respondent,model_type,component,est,se,t,p,model_name,trial_id
mock,scale1,self,self,without_guess,intercept,24.057692307692307,0.7472182844553991,32.19633781476114,2.7897307999023483e-60,off_on_0,45
mock,scale1,self,self,without_guess,conditionAC,2.7364253393665177,0.992621453192152,2.7567662683155807,0.006765945462873765,off_on_0,45
mock,scale1,self,self,with_guess,intercept,20.53846153846153,0.8852811825023212,23.199930083691434,2.1692173816271312e-45,off_on_0,45
mock,scale1,self,self,with_guess,conditionAC,-0.09401709401709088,1.745798035386835,-0.053853362251183035,0.9571446321324876,off_on_0,45
mock,scale1,self,self,with_guess,guessAC,7.038461538461542,1.2519766548084739,5.621879219096365,1.322668508849758e-07,off_on_0,45
mock,scale1,self,self,with_guess,conditionAC:guessAC,0.2798058815007937,2.043747271471362,0.13690825935603676,0.8913406482690934,off_on_0,45
