study,scale,guesser,respondent,model_type,component,est,se,t,p,model_name,trial_id
mock,scale1,self,self,without_guess,intercept,26.288461538461537,0.8966569656919533,29.31830403857359,5.18819337351558e-56,on_on_p3,32
mock,scale1,self,self,without_guess,conditionAC,16.285067873303166,1.1911391340600126,13.67184353837432,4.397606724985124e-26,on_on_p3,32
mock,scale1,self,self,with_guess,intercept,20.720000000000002,0.9051763745858504,22.890566503660814,7.805116923071318e-45,on_on_p3,32
mock,scale1,self,self,with_guess,conditionAC,11.724444444444444,1.7593466321868552,6.664090083186759,9.410979953084956e-10,on_on_p3,32
mock,scale1,self,self,with_guess,guessAC,10.724444444444446,1.2561832549969232,8.537324790618001,6.149868235313424e-14,on_on_p3,32
mock,scale1,self,self,with_guess,conditionAC:guessAC,0.9497551789077193,2.049666423655185,0.46337060896670884,0.6439669713851564,on_on_p3,32
