study,scale,guesser,respondent,model_type,component,est,se,t,p,model_name,trial_id
mock,scale1,self,self,without_guess,intercept,20.09615384615384,0.5874501325293964,34.20912301036584,4.3283703441008996e-63,on_off_m1,29
mock,scale1,self,self,without_guess,conditionAC,9.403846153846153,0.7803818728208028,12.050313418806866,2.7197607110176383e-22,on_off_m1,29
mock,scale1,self,self,with_guess,intercept,19.9655172413793,0.7928701190807977,25.181321329811276,7.696129214956686e-49,on_off_m1,29
mock,scale1,self,self,with_guess,conditionAC,10.03448275862069,1.9149632677326536,5.240039288326233,7.277029554927727e-07,on_off_m1,29
mock,scale1,self,self,with_guess,guessAC,0.29535232383808435,1.1921744353331185,0.24774254092737422,0.8047716101134129,on_off_m1,29
mock,scale1,self,self,with_guess,conditionAC:guessAC,-0.8437394206122777,2.1803127942751503,-0.38698090605517027,0.6994793735302518,on_off_m1,29
