study,scale,guesser,respondent,model_type,component,est,se,t,p,model_name,trial_id
mock,scale1,self,self,without_guess,intercept,21.000000000000004,0.5851030332133135,35.89111456946412,2.4578113873168876e-65,on_off_m2,20
mock,scale1,self,self,without_guess,conditionAC,6.573529411764705,0.777263933682557,8.45726802300003,8.502837705972754e-14,on_off_m2,20
mock,scale1,self,self,with_guess,intercept,21.740740740740744,0.8123448543861268,26.762945100661465,1.83848392744426e-51,on_off_m2,20
mock,scale1,self,self,with_guess,conditionAC,6.370370370370368,1.6246897087722536,3.9209766246284237,0.00014971943661540207,on_off_m2,20
mock,scale1,self,self,with_guess,guessAC,-1.540740740740742,1.1715804103394032,-1.3150960251156762,0.19107139222765845,on_off_m2,20
mock,scale1,self,self,with_guess,conditionAC:guessAC,0.921155053358445,1.9116231808795447,0.48187062312909296,0.6308057554307724,on_off_m2,20
