study,scale,guesser,respondent,model_type,component,est,se,t,p,model_name,trial_id
mock,scale1,self,self,without_guess,intercept,20.096153846153843,0.5958193027809897,33.7286048846604,1.9704380878327316e-62,on_off_m2,49
mock,scale1,self,self,without_guess,conditionAC,7.845022624434389,0.7914996654524485,9.91159310212709,3.250937765827963e-17,on_off_m2,49
mock,scale1,self,self,with_guess,intercept,21.499999999999993,0.8664706488953925,24.813304440732015,3.256940683517786e-48,on_off_m2,49
mock,scale1,self,self,with_guess,conditionAC,6.600000000000001,1.5976929336860979,4.130956494107345,6.846328572466048e-05,on_off_m2,49
mock,scale1,self,self,with_guess,guessAC,-2.607142857142856,1.1808004555121334,-2.207945334855154,0.029215026946510972,on_off_m2,49
mock,scale1,self,self,with_guess,conditionAC:guessAC,2.420935960591131,1.8726465395889902,1.2927885265109773,0.19865321095641134,on_off_m2,49
