study,scale,guesser,respondent,model_type,component,est,se,t,p,model_name,trial_id
mock,scale1,self,self,without_guess,intercept,24.19230769230769,0.8380090464091194,28.86879061266948,2.5748083306783432e-55,off_on_p1,37
mock,scale1,self,self,without_guess,conditionAC,5.292986425339368,1.1132299285757652,4.754621026144226,5.668875593648272e-06,off_on_p1,37
mock,scale1,self,self,with_guess,intercept,18.541666666666664,0.8994326155028637,20.614848013155722,1.3633614225743782e-40,off_on_p1,37
mock,scale1,self,self,with_guess,conditionAC,2.583333333333336,1.7988652310057278,1.436090535747928,0.15366790384150641,off_on_p1,37
mock,scale1,self,self,with_guess,guessAC,10.494047619047619,1.2257200442302238,8.561537088706162,5.40745648772741e-14,off_on_p1,37
mock,scale1,self,self,with_guess,conditionAC:guessAC,-1.0190476190476219,2.0622604899116985,-0.494141076761479,0.622140991231672,off_on_p1,37
