study,scale,guesser,respondent,model_type,component,est,se,t,p,model_name,trial_id
mock,scale1,self,self,without_guess,intercept,23.096153846153836,0.6968065111712366,33.14572047745701,1.2686595501450028e-61,on_on_m2=,15
mock,scale1,self,self,without_guess,conditionAC,10.153846153846153,0.9256533279517619,10.969383296351413,9.949017128968677e-20,on_on_m2=,15
mock,scale1,self,self,with_guess,intercept,20.896551724137918,0.8678564472860275,24.078350503111313,6.071691499669019e-47,on_on_m2=,15
mock,scale1,self,self,with_guess,conditionAC,7.9367816091954015,2.096072456538553,3.786501551717432,0.00024359930167931756,on_on_m2=,15
mock,scale1,self,self,with_guess,guessAC,4.973013493253377,1.3049252898985735,3.8109564829109175,0.00022315223852256317,on_on_m2=,15
mock,scale1,self,self,with_guess,conditionAC:guessAC,-0.12892747174799876,2.3865176276356537,-0.0540232639621139,0.9570095603436054,on_on_m2=,15
