study,scale,guesser,respondent,model_type,component,est,se,t,p,model_name,trial_id
mock,scale1,self,self,without_guess,intercept,20.096153846153847,0.5736264043224618,35.03352302948885,3.345530544188879e-64,on_off_m1,0
mock,scale1,self,self,without_guess,conditionAC,8.71266968325792,0.7620181236102203,11.43367777393512,7.847446550610993e-21,on_off_m1,0
mock,scale1,self,self,with_guess,intercept,19.720000000000002,0.8268214378277366,23.850373366962152,1.5230364492666718e-46,on_off_m1,0
mock,scale1,self,self,with_guess,conditionAC,10.68,1.5468412701956011,6.9043929754017315,2.8598959562291324e-10,on_off_m1,0
mock,scale1,self,self,with_guess,guessAC,0.7244444444444449,1.1474440498371337,0.631354918392118,0.5290506280460722,on_off_m1,0
mock,scale1,self,self,with_guess,conditionAC:guessAC,-2.5899616858237544,1.8221914736446292,-1.4213444214199296,0.1578995019917263,on_off_m1,0
