study,scale,guesser,respondent,model_type,component,est,se,t,p,model_name,trial_id
mock,scale1,self,self,without_guess,intercept,23.88461538461538,0.8005229039285696,29.836267354002647,8.381873489694955e-57,on_on_0,48
mock,scale1,self,self,without_guess,conditionAC,13.159502262443437,1.0634324999023874,12.374553404801292,4.6772827692434806e-23,on_on_0,48
mock,scale1,self,self,with_guess,intercept,20.433333333333326,0.9122105174800141,22.399800201581215,6.087959046196211e-44,on_on_0,48
mock,scale1,self,self,with_guess,conditionAC,12.566666666666666,1.8244210349600283,6.888029915168125,3.1031271305938965e-10,on_on_0,48
mock,scale1,self,self,with_guess,guessAC,8.157575757575763,1.4024436055176253,5.816687191899526,5.4108642613098286e-08,on_on_0,48
mock,scale1,self,self,with_guess,conditionAC:guessAC,-3.416196447230932,2.2121580414451194,-1.5442822724362224,0.12524375136702842,on_on_0,48
