study,scale,guesser,respondent,model_type,component,est,se,t,p,model_name,trial_id
mock,scale1,self,self,without_guess,intercept,20.576923076923073,0.5810070636888198,35.41596025748805,1.037502157481324e-64,on_off_m2,34
mock,scale1,self,self,without_guess,conditionAC,8.496606334841632,0.7718227563101416,11.008494198151679,8.031394929919182e-20,on_off_m2,34
mock,scale1,self,self,with_guess,intercept,21.107142857142854,0.7948405918076746,26.555189901838947,4.0034761135898506e-51,on_off_m2,34
mock,scale1,self,self,with_guess,conditionAC,7.607142857142861,1.3767042889290075,5.525618622907579,2.0452287043922265e-07,on_off_m2,34
mock,scale1,self,self,with_guess,guessAC,-1.148809523809522,1.1699736722826481,-0.9819105771569762,0.32818742647736343,on_off_m2,34
mock,scale1,self,self,with_guess,conditionAC:guessAC,1.601190476190474,1.720455399959284,0.9306782821736428,0.3539528423223318,on_off_m2,34
