study,scale,guesser,respondent,model_type,component,est,se,t,p,model_name,trial_id
mock,scale1,self,self,without_guess,intercept,22.519230769230756,0.7492081938657698,30.057373842957947,3.877932178652041e-57,on_on_m3,3
mock,scale1,self,self,without_guess,conditionAC,8.745475113122174,0.995264893284203,8.787082888318917,1.4526681044798007e-14,on_on_m3,3
mock,scale1,self,self,with_guess,intercept,19.523809523809515,1.0889504208763685,17.929016004325604,3.155741801034408e-35,on_on_m3,3
mock,scale1,self,self,with_guess,conditionAC,6.601190476190479,2.0732998322323577,3.183905373243996,0.0018658666580503246,on_on_m3,3
mock,scale1,self,self,with_guess,guessAC,5.024577572964673,1.410356589484749,3.562629203441607,0.0005338862656217018,on_on_m3,3
mock,scale1,self,self,with_guess,conditionAC:guessAC,0.8004224270353271,2.3488080895222887,0.3407781293865182,0.7338870314400827,on_on_m3,3
