study,scale,guesser,respondent,model_type,component,est,se,t,p,model_name,trial_id
mock,scale1,self,self,without_guess,intercept,24.480769230769226,0.8573443501060385,28.5541850573126,7.990097334384669e-55,on_on_p2,35
mock,scale1,self,self,without_guess,conditionAC,16.85746606334842,1.13891537773141,14.80133326228905,1.1522555553844917e-28,on_on_p2,35
mock,scale1,self,self,with_guess,intercept,19.076923076923073,0.8299246630375853,22.986331081064794,5.244801669833153e-45,on_on_p2,35
mock,scale1,self,self,with_guess,conditionAC,14.339743589743593,1.4768617617571695,9.70960448774987,1.135692565677332e-16,on_on_p2,35
mock,scale1,self,self,with_guess,guessAC,10.807692307692312,1.1736907142156743,9.20829668053957,1.6992254881490452e-15,on_on_p2,35
mock,scale1,self,self,with_guess,conditionAC:guessAC,-1.1886446886446922,1.78596863846819,-0.6655462268722605,0.5070224169004116,on_on_p2,35
