study,scale,guesser,respondent,model_type,component,est,se,t,p,model_name,trial_id
mock,scale1,self,self,without_guess,intercept,21.384615384615376,0.6187361996130061,34.56176541471239,1.438972159484269e-63,on_off_m2,29
mock,scale1,self,self,without_guess,conditionAC,7.056561085972852,0.821942982899679,8.585219696235463,4.29103357523646e-14,on_off_m2,29
mock,scale1,self,self,with_guess,intercept,22.157894736842096,1.0282947715293977,21.54819352420351,2.301068592851435e-42,on_off_m2,29
mock,scale1,self,self,with_guess,conditionAC,6.042105263157902,1.751122896243613,3.450417601254033,0.0007813911847003102,on_off_m2,29
mock,scale1,self,self,with_guess,guessAC,-1.218500797448159,1.2908100244237553,-0.9439815111384213,0.34714109714373287,on_off_m2,29
mock,scale1,self,self,with_guess,conditionAC:guessAC,1.5012594181378127,2.005397268370312,0.7486094859188736,0.4556078287334986,on_off_m2,29
