study,scale,guesser,respondent,model_type,component,est,se,t,p,model_name,trial_id
mock,scale1,self,self,without_guess,intercept,23.115384615384617,0.7476538755829439,30.917227035520423,2.0168778172911576e-58,on_on_m1,2
mock,scale1,self,self,without_guess,conditionAC,11.811085972850679,0.9932001021719964,11.891950017948453,6.4393428736819e-22,on_on_m1,2
mock,scale1,self,self,with_guess,intercept,19.875,0.9903591613515301,20.06847694817792,1.5630720773498227e-39,on_on_m1,2
mock,scale1,self,self,with_guess,conditionAC,10.0,1.9807183227030605,5.048673446082495,1.667974689005506e-06,on_on_m1,2
mock,scale1,self,self,with_guess,guessAC,6.017857142857147,1.3496320392794783,4.458887287582378,1.9143568255301422e-05,on_on_m1,2
mock,scale1,self,self,with_guess,conditionAC:guessAC,-0.2928571428571456,2.270741058389874,-0.1289698540373438,0.8976048516218289,on_on_m1,2
