study,scale,guesser,respondent,model_type,component,est,se,t,p,model_name,trial_id
mock,scale1,self,self,without_guess,intercept,20.76923076923077,0.5686082763480871,36.526430643292976,3.672754258533563e-66,on_off_m3,13
mock,scale1,self,self,without_guess,conditionAC,4.804298642533937,0.755351930362743,6.36034469419674,3.965620398571627e-09,on_off_m3,13
mock,scale1,self,self,with_guess,intercept,20.461538461538467,0.8028451353824364,25.48628316940799,2.3543814287536642e-49,on_off_m3,13
mock,scale1,self,self,with_guess,conditionAC,6.838461538461539,1.523291541716842,4.4892664018564545,1.6959133318561057e-05,on_off_m3,13
mock,scale1,self,self,with_guess,guessAC,0.6153846153846151,1.1353944789431052,0.5420007114685398,0.5888576491433059,on_off_m3,13
mock,scale1,self,self,with_guess,conditionAC:guessAC,-2.639522546419097,1.8038620406574444,-1.463261871987219,0.146100142779468,on_off_m3,13
