study,scale,guesser,respondent,model_type,component,est,se,t,p,model_name,trial_id
mock,scale1,self,self,without_guess,intercept,21.78846153846154,0.6419461748164083,33.94125924138869,1.005356760671148e-62,on_on_m3,31
mock,scale1,self,self,without_guess,conditionAC,9.18212669683258,0.8527756321994032,10.767341783853336,3.0078701466741634e-19,on_on_m3,31
mock,scale1,self,self,with_guess,intercept,18.962962962962965,0.7497770572550041,25.291468683221574,5.011673774016132e-49,on_on_m3,31
mock,scale1,self,self,with_guess,conditionAC,8.099537037037038,1.229154239970438,6.589520479733965,1.3572396532917988e-09,on_on_m3,31
mock,scale1,self,self,with_guess,guessAC,5.877037037037037,1.0813438500397667,5.434938236177981,3.0723969483853667e-07,on_on_m3,31
mock,scale1,self,self,with_guess,conditionAC:guessAC,-0.7664601139601147,1.5523700356134702,-0.4937354473330985,0.6224265887640608,on_on_m3,31
