study,scale,guesser,respondent,model_type,component,est,se,t,p,model_name,trial_id
mock,scale1,self,self,without_guess,intercept,19.826923076923073,0.4984014559958314,39.78102960656059,3.2884084672558224e-70,on_off_p2,40
mock,scale1,self,self,without_guess,conditionAC,11.614253393665157,0.6620876226071477,17.541867567212506,1.1404580707542277e-34,on_off_p2,40
mock,scale1,self,self,with_guess,intercept,19.799999999999994,0.6615641295233572,29.92907129693605,2.1831179375545514e-56,on_off_p2,40
mock,scale1,self,self,with_guess,conditionAC,11.927272727272728,1.2772253661871857,9.338424559229047,8.431911704194644e-16,on_off_p2,40
mock,scale1,self,self,with_guess,guessAC,0.06363636363636604,1.0170967833751092,0.0625666747516364,0.9502192476783371,on_off_p2,40
mock,scale1,self,self,with_guess,conditionAC:guessAC,-0.40494417862839105,1.5679523300293978,-0.2582630676155816,0.7966615505207221,on_off_p2,40
