study,scale,guesser,respondent,model_type,component,est,se,t,p,model_name,trial_id
mock,scale1,self,self,without_guess,intercept,19.15384615384615,0.5350279951063854,35.79970829383906,3.238383020836223e-65,on_off_m2,17
mock,scale1,self,self,without_guess,conditionAC,9.125565610859729,0.7107431349703324,12.839470635535081,3.791400385655244e-24,on_off_m2,17
mock,scale1,self,self,with_guess,intercept,19.333333333333332,0.7417357734880781,26.064987053835388,2.555641808801848e-50,on_off_m2,17
mock,scale1,self,self,with_guess,conditionAC,10.416666666666666,1.3371831820786042,7.790007237807407,3.127193064892088e-12,on_off_m2,17
mock,scale1,self,self,with_guess,guessAC,-0.37333333333333185,1.0697465456628836,-0.34899232425377036,0.7277277514905645,on_off_m2,17
mock,scale1,self,self,with_guess,conditionAC:guessAC,-1.4123809523809543,1.6271158705855622,-0.8680272732344934,0.38717163967134416,on_off_m2,17
