study,scale,guesser,respondent,model_type,component,est,se,t,p,model_name,trial_id
mock,scale1,self,self,without_guess,intercept,26.17307692307692,0.788708998221145,33.18470688442467,1.1191581194840243e-61,on_on_0,15
mock,scale1,self,self,without_guess,conditionAC,10.47398190045249,1.047738643776094,9.996750585340461,2.0415152304099473e-17,on_on_0,15
mock,scale1,self,self,with_guess,intercept,19.549999999999997,0.9559716920632494,20.450396347830896,2.8299174185875863e-40,on_on_0,15
mock,scale1,self,self,with_guess,conditionAC,12.783333333333333,1.5610952360666726,8.188695371041009,3.886563739437981e-13,on_on_0,15
mock,scale1,self,self,with_guess,guessAC,10.7625,1.2186295780682055,8.831641865332791,1.2813097802788393e-14,on_on_0,15
mock,scale1,self,self,with_guess,conditionAC:guessAC,-5.524404761904759,1.8260834846418104,-3.025275026233744,0.0030597012484732513,on_on_0,15
