study,scale,guesser,respondent,model_type,component,est,se,t,p,model_name,trial_id
mock,scale1,self,self,without_guess,intercept,22.749999999999996,0.656084324493956,34.67542075105557,1.0110226875180426e-63,off_on_m2,6
mock,scale1,self,self,without_guess,conditionAC,2.3382352941176485,0.8715570659120485,2.682825239527812,0.008348344759958796,off_on_m2,6
mock,scale1,self,self,with_guess,intercept,19.851851851851848,0.8079196114843592,24.571568222460666,8.469151935496764e-48,off_on_m2,6
mock,scale1,self,self,with_guess,conditionAC,2.1481481481481506,1.5016323163205199,1.4305420340258803,0.1552497574985224,off_on_m2,6
mock,scale1,self,self,with_guess,guessAC,6.028148148148152,1.1651982342639209,5.173495780274894,9.729153303166846e-07,off_on_m2,6
mock,scale1,self,self,with_guess,conditionAC:guessAC,-2.3439376218323615,1.8080493013515322,-1.2963903252418219,0.19741417956771157,off_on_m2,6
