study,scale,guesser,respondent,model_type,component,est,se,t,p,model_name,trial_id
mock,scale1,self,self,without_guess,intercept,24.94230769230769,0.7789754441955119,32.01937606398735,5.003115583766144e-60,on_on_0,17
mock,scale1,self,self,without_guess,conditionAC,12.366515837104073,1.0348083732746298,11.950537081537606,4.680591513488344e-22,on_on_0,17
mock,scale1,self,self,with_guess,intercept,21.241379310344822,0.768101706875623,27.654383684092494,6.848051176184127e-53,on_on_0,17
mock,scale1,self,self,with_guess,conditionAC,8.835543766578251,1.3806121760464507,6.39972898970071,3.419718210179129e-09,on_on_0,17
mock,scale1,self,self,with_guess,guessAC,8.36731634182909,1.1549321845228155,7.244855112671591,5.15007361698572e-11,on_on_0,17
mock,scale1,self,self,with_guess,conditionAC:guessAC,0.573942399429653,1.7207726710429367,0.3335376073132277,0.7393306567005296,on_on_0,17
