study,scale,guesser,respondent,model_type,component,est,se,t,p,model_name,trial_id
mock,scale1,self,self,without_guess,intercept,25.980769230769234,0.9524947619490661,27.276548143535653,8.755555958189052e-53,on_on_p2,41
mock,scale1,self,self,without_guess,conditionAC,13.842760180995475,1.2653153093715939,10.940166516969073,1.1674839237746687e-19,on_on_p2,41
mock,scale1,self,self,with_guess,intercept,19.999999999999993,0.9816004788564561,20.374888185975188,3.961754221462504e-40,on_on_p2,41
mock,scale1,self,self,with_guess,conditionAC,11.333333333333332,1.7236337948110116,6.575255931655702,1.4554319787999317e-09,on_on_p2,41
mock,scale1,self,self,with_guess,guessAC,11.51851851851852,1.3622428945967728,8.455554119023708,9.491197978881028e-14,on_on_p2,41
mock,scale1,self,self,with_guess,conditionAC:guessAC,-1.2089947089947097,2.0720113959492363,-0.5834884457480705,0.5606973141902138,on_on_p2,41
