study,scale,guesser,respondent,model_type,component,est,se,t,p,model_name,trial_id
mock,scale1,self,self,without_guess,intercept,23.019230769230774,0.7438645369385326,30.945460666762383,1.832295385327747e-58,off_on_m1,36
mock,scale1,self,self,without_guess,conditionAC,2.5837104072398187,0.9881662601072319,2.6146515131567485,0.010096841676343966,off_on_m1,36
mock,scale1,self,self,with_guess,intercept,19.66666666666667,0.8041614858014997,24.45611610840216,1.3397974368752347e-47,off_on_m1,36
mock,scale1,self,self,with_guess,conditionAC,0.7878787878787881,1.5525259039005816,0.5074818950842066,0.6127802383414815,off_on_m1,36
mock,scale1,self,self,with_guess,guessAC,7.924242424242426,1.2363277028217063,6.409500010520429,3.2617546351148572e-09,off_on_m1,36
mock,scale1,self,self,with_guess,conditionAC:guessAC,-1.7822966507177038,1.9059178379136212,-0.9351382390485187,0.3516597057838279,off_on_m1,36
