study,scale,guesser,respondent,model_type,component,est,se,t,p,model_name,trial_id
mock,scale1,self,self,without_guess,intercept,19.403846153846157,0.5505330797843596,35.24555901608405,1.7457599901918844e-64,on_off_p1,15
mock,scale1,self,self,without_guess,conditionAC,11.757918552036196,0.7313404356588928,16.077216544772387,1.6503554040361994e-31,on_off_p1,15
mock,scale1,self,self,with_guess,intercept,19.576923076923084,0.7841282064701309,24.966482413700557,1.783427797365357e-48,on_off_p1,15
mock,scale1,self,self,with_guess,conditionAC,12.280219780219777,1.7025309922921954,7.212919961995144,6.056068929098924e-11,on_off_p1,15
mock,scale1,self,self,with_guess,guessAC,-0.3461538461538461,1.10892474422935,-0.3121526938190982,0.7554848859766304,on_off_p1,15
mock,scale1,self,self,with_guess,conditionAC:guessAC,-0.42902179787425726,1.9430746355841617,-0.22079532613798805,0.8256399605724157,on_off_p1,15
