study,scale,guesser,respondent,model_type,component,est,se,t,p,model_name,trial_id
mock,scale1,self,self,without_guess,intercept,19.961538461538463,0.5551121651965427,35.95946857779795,2.000519906655455e-65,on_off_m3,7
mock,scale1,self,self,without_guess,conditionAC,7.361990950226244,0.737423394963676,9.98339759832122,2.1960558704649953e-17,on_off_m3,7
mock,scale1,self,self,with_guess,intercept,18.840000000000003,0.7876349752788635,23.91970975302318,1.150718712203675e-46,on_off_m3,7
mock,scale1,self,self,with_guess,conditionAC,10.659999999999998,1.790318150625684,5.954248967578483,2.852361411860876e-08,on_off_m3,7
mock,scale1,self,self,with_guess,guessAC,2.1599999999999997,1.0930619653522389,1.9761002289599752,0.05051715243057041,on_off_m3,7
mock,scale1,self,self,with_guess,conditionAC:guessAC,-4.547096774193547,2.0074370271175317,-2.2651254872600908,0.025361283517158897,on_off_m3,7
