study,scale,guesser,respondent,model_type,component,est,se,t,p,model_name,trial_id
mock,scale1,self,self,without_guess,intercept,20.730769230769226,0.6367391900303562,32.55770895738473,8.53035137074803e-61,on_off_p1,13
mock,scale1,self,self,without_guess,conditionAC,9.622171945701357,0.8458585573464404,11.375627594153876,1.0777437674274438e-20,on_off_p1,13
mock,scale1,self,self,with_guess,intercept,20.85714285714285,0.8727174555127265,23.899078361952963,1.250746468683537e-46,on_off_p1,13
mock,scale1,self,self,with_guess,conditionAC,8.442857142857143,1.7012395120015027,4.962768077802372,2.4065840482983306e-06,on_off_p1,13
mock,scale1,self,self,with_guess,guessAC,-0.27380952380952195,1.2846053118264187,-0.21314680959883828,0.8315866017585904,on_off_p1,13
mock,scale1,self,self,with_guess,conditionAC:guessAC,1.5082922824302119,2.0372719884207897,0.7403490015093068,0.46058413277955457,on_off_p1,13
