study,scale,guesser,respondent,model_type,component,est,se,t,p,model_name,trial_id
mock,scale1,self,self,without_guess,intercept,20.11538461538461,0.5576561087447692,36.07130685013462,1.429440224787891e-65,off_off_0,20
mock,scale1,self,self,without_guess,conditionAC,-0.07126696832579026,0.7408028263751006,-0.09620234398202025,0.9235230642299093,off_off_0,20
mock,scale1,self,self,with_guess,intercept,19.78260869565217,0.8444668726376674,23.426151263769263,8.564651608278879e-46,off_off_0,20
mock,scale1,self,self,with_guess,conditionAC,0.5923913043478293,1.6623347011227811,0.35636102882753623,0.7222175538326859,off_off_0,20
mock,scale1,self,self,with_guess,guessAC,0.5967016491754165,1.1307986733078197,0.5276815964330245,0.5987282412033001,off_off_0,20
mock,scale1,self,self,with_guess,conditionAC:guessAC,-0.971701649175416,1.89797321207102,-0.5119680525496564,0.6096466892544486,off_off_0,20
