study,scale,guesser,respondent,model_type,component,est,se,t,p,model_name,trial_id
mock,scale1,self,self,without_guess,intercept,25.615384615384613,0.834892626166888,30.681052643845383,4.5137487362397555e-58,on_on_p2,36
mock,scale1,self,self,without_guess,conditionAC,14.943438914027148,1.1090900063415872,13.473603430364639,1.2643720526170738e-25,on_on_p2,36
mock,scale1,self,self,with_guess,intercept,20.500000000000004,0.9189330500728917,22.308480469141795,8.950092794192773e-44,on_on_p2,36
mock,scale1,self,self,with_guess,conditionAC,11.5,1.7596228247059982,6.535491492002809,1.7677106893711418e-09,on_on_p2,36
mock,scale1,self,self,with_guess,guessAC,9.499999999999998,1.252294657060246,7.586074049298581,8.984378492659192e-12,on_on_p2,36
mock,scale1,self,self,with_guess,conditionAC:guessAC,0.3644067796610166,2.0404844096617207,0.17858836751486346,0.8585724596396862,on_on_p2,36
