study,scale,guesser,respondent,model_type,component,est,se,t,p,model_name,trial_id
mock,scale1,self,self,without_guess,intercept,22.903846153846153,0.7764038303901608,29.499913907349534,2.7304152115478275e-56,on_on_m1,13
mock,scale1,self,self,without_guess,conditionAC,12.199095022624432,1.031392184075811,11.8277947137592,9.133362592582664e-22,on_on_m1,13
mock,scale1,self,self,with_guess,intercept,19.962962962962973,0.9261221926132344,21.55543093793442,2.2303039409218456e-42,on_on_m1,13
mock,scale1,self,self,with_guess,conditionAC,8.437037037037035,1.7814316062952735,4.736099330011881,6.21931800063103e-06,on_on_m1,13
mock,scale1,self,self,with_guess,guessAC,6.117037037037036,1.3356724211248618,4.579743461263846,1.1786266401625788e-05,on_on_m1,13
mock,scale1,self,self,with_guess,conditionAC:guessAC,1.7415836526181343,2.1211063822253107,0.8210732225467123,0.41328879153279874,on_on_m1,13
