study,scale,guesser,respondent,model_type,component,est,se,t,p,model_name,trial_id
mock,scale1,self,self,without_guess,intercept,22.596153846153843,0.868730907844006,26.01053288438004,1.0797339202238954e-50,on_on_0,2
mock,scale1,self,self,without_guess,conditionAC,14.800904977375566,1.1540415352731188,12.82527926854274,4.092701646656953e-24,on_on_0,2
mock,scale1,self,self,with_guess,intercept,19.249999999999996,0.9076016765955739,21.20974486539845,9.985928792026259e-42,on_on_0,2
mock,scale1,self,self,with_guess,conditionAC,10.750000000000002,1.860029939035446,5.77947686453618,6.425828506606694e-08,on_on_0,2
mock,scale1,self,self,with_guess,guessAC,8.700000000000005,1.463463729900284,5.944800559281915,2.981291523956907e-08,on_on_0,2
mock,scale1,self,self,with_guess,conditionAC:guessAC,-0.02758620689655461,2.2873946629505535,-0.012060099353808338,0.9903983833871772,on_on_0,2
