study,scale,guesser,respondent,model_type,component,est,se,t,p,model_name,trial_id
mock,scale1,self,self,without_guess,intercept,20.403846153846153,0.6008981291802472,33.9555827568998,9.609253772651992e-63,on_off_m3,20
mock,scale1,self,self,without_guess,conditionAC,6.7138009049773775,0.7982464918428331,8.410686390212485,1.0900558328914381e-13,on_off_m3,20
mock,scale1,self,self,with_guess,intercept,20.699999999999996,0.7821544199984831,26.465362172395754,5.61254719092098e-51,on_off_m3,20
mock,scale1,self,self,with_guess,conditionAC,3.633333333333335,1.628184262442996,2.231524660410198,0.02756797786159051,on_off_m3,20
mock,scale1,self,self,with_guess,guessAC,-0.6999999999999984,1.2024937707191616,-0.5821235976809738,0.5616131221131146,on_off_m3,20
mock,scale1,self,self,with_guess,conditionAC:guessAC,3.909039548022599,1.9484036918526133,2.0062780441078623,0.0471530063327679,on_off_m3,20
