study,scale,guesser,respondent,model_type,component,est,se,t,p,model_name,trial_id
mock,scale1,self,self,without_guess,intercept,22.519230769230766,0.6497850255169798,34.656432335162066,1.0723648111730096e-63,off_on_m3,1
mock,scale1,self,self,without_guess,conditionAC,1.5395927601809969,0.8631889364983321,1.783610395224258,0.07705756525427701,off_on_m3,1
mock,scale1,self,self,with_guess,intercept,20.035714285714285,0.7808858675666926,25.657673058096556,1.2152639044788102e-49,off_on_m3,1
mock,scale1,self,self,with_guess,conditionAC,-0.2175324675324659,1.4703594733153482,-0.14794509198623138,0.8826429591788583,off_on_m3,1
mock,scale1,self,self,with_guess,guessAC,5.380952380952382,1.149432874373998,4.681397670901788,7.789667205059816e-06,off_on_m3,1
mock,scale1,self,self,with_guess,conditionAC:guessAC,-0.32194121667806036,1.7812671256691823,-0.1807371909797719,0.856889258272655,off_on_m3,1
