study,scale,guesser,respondent,model_type,component,est,se,t,p,model_name,trial_id
mock,scale1,self,self,without_guess,intercept,20.461538461538467,0.5511845229006911,37.12284654484955,6.32226836434944e-67,on_off_p1,39
mock,scale1,self,self,without_guess,conditionAC,10.70022624434389,0.7322058272402515,14.613686269985024,3.0655515928706894e-28,on_off_p1,39
mock,scale1,self,self,with_guess,intercept,20.130434782608695,0.8348442702988893,24.112802230051404,5.286554781909638e-47,on_off_p1,39
mock,scale1,self,self,with_guess,conditionAC,11.155279503105591,1.7282918350426884,6.454511487540563,2.6221694786611656e-09,on_off_p1,39
mock,scale1,self,self,with_guess,guessAC,0.5937031484257901,1.1179133532188599,0.5310815428729901,0.5963776828306744,on_off_p1,39
mock,scale1,self,self,with_guess,conditionAC:guessAC,-0.7318764505335191,1.9500123184161655,-0.3753188857432255,0.7081087142479079,on_off_p1,39
