study,scale,guesser,respondent,model_type,component,est,se,t,p,model_name,trial_id
mock,scale1,self,self,without_guess,intercept,24.173076923076927,0.850412120618146,28.425132164750952,1.2748838918413104e-54,off_on_p2,36
mock,scale1,self,self,without_guess,conditionAC,5.121040723981901,1.1297064492947237,4.533072044670515,1.4034695161015545e-05,off_on_p2,36
mock,scale1,self,self,with_guess,intercept,19.49999999999999,0.8214937510764428,23.73724690473689,2.4090397349219094e-46,off_on_p2,36
mock,scale1,self,self,with_guess,conditionAC,-0.5999999999999943,1.5586748021981756,-0.38494238769615274,0.7009849856004626,off_on_p2,36
mock,scale1,self,self,with_guess,guessAC,9.346153846153848,1.161767604177053,8.044770582817437,8.276183663397856e-13,off_on_p2,36
mock,scale1,self,self,with_guess,conditionAC:guessAC,2.8400530503978736,1.8457624377311628,1.5386882907254884,0.1266038054073282,off_on_p2,36
