study,scale,guesser,respondent,model_type,component,est,se,t,p,model_name,trial_id
mock,scale1,self,self,without_guess,intercept,23.75,0.7852981533543701,30.24329026950186,2.0351709475112826e-57,on_on_p2,6
mock,scale1,self,self,without_guess,conditionAC,16.647058823529413,1.0432076012966682,15.957570480542644,3.0253704235007736e-31,on_on_p2,6
mock,scale1,self,self,with_guess,intercept,20.161290322580648,0.7778125807251298,25.920499130760934,4.434578976861507e-50,on_on_p2,6
mock,scale1,self,self,with_guess,conditionAC,12.505376344086025,1.639772898549995,7.62628553938425,7.301291917523094e-12,on_on_p2,6
mock,scale1,self,self,with_guess,guessAC,8.886328725038402,1.2239593316886626,7.260313717105438,4.761108910647085e-11,on_on_p2,6
mock,scale1,self,self,with_guess,conditionAC:guessAC,0.023275794735607255,1.9747953215623224,0.011786434007344642,0.9906162510441321,on_on_p2,6
