study,scale,guesser,respondent,model_type,component,est,se,t,p,model_name,trial_id
mock,scale1,self,self,without_guess,intercept,23.826923076923073,0.767922280388711,31.027779354002117,1.3855748305411583e-58,on_on_0,6
mock,scale1,self,self,without_guess,conditionAC,12.658371040723983,1.020125103675206,12.408645758367925,3.888334576581103e-23,on_on_0,6
mock,scale1,self,self,with_guess,intercept,20.678571428571427,0.8603599571143292,24.03479062173921,7.234822735910998e-47,on_on_0,6
mock,scale1,self,self,with_guess,conditionAC,9.321428571428573,1.5707951869523182,5.934210041421222,3.1326195419735733e-08,on_on_0,6
mock,scale1,self,self,with_guess,guessAC,6.821428571428575,1.2664155666996395,5.3864061298659305,3.8143596353913343e-07,on_on_0,6
mock,scale1,self,self,with_guess,conditionAC:guessAC,1.0535714285714264,1.923823349226444,0.5476445792151655,0.5849881771197074,on_on_0,6
