study,scale,guesser,respondent,model_type,component,est,se,t,p,model_name,trial_id
mock,scale1,self,self,without_guess,intercept,26.51923076923077,0.7998186908497696,33.156552944587155,1.2252080101042455e-61,off_on_p2,29
mock,scale1,self,self,without_guess,conditionAC,1.8778280542986445,1.0624970075246214,1.7673725582282445,0.07975089012034355,off_on_p2,29
mock,scale1,self,self,with_guess,intercept,20.95454545454545,0.9124189587226391,22.965925087616792,5.70794072673932e-45,off_on_p2,29
mock,scale1,self,self,with_guess,conditionAC,-0.2878787878787816,1.69337792078213,-0.17000268182652184,0.8653041646736543,off_on_p2,29
mock,scale1,self,self,with_guess,guessAC,9.645454545454548,1.201255378403475,8.029478759357408,8.966475057079642e-13,off_on_p2,29
mock,scale1,self,self,with_guess,conditionAC:guessAC,-0.7358500256805389,1.946397121657741,-0.3780574978726939,0.7060788079688044,off_on_p2,29
