study,scale,guesser,respondent,model_type,component,est,se,t,p,model_name,trial_id
mock,scale1,self,self,without_guess,intercept,19.557692307692307,0.6094836162798567,32.08895495348639,3.975254265126193e-60,on_off_0,41
mock,scale1,self,self,without_guess,conditionAC,10.751131221719456,0.8096516446053731,13.278712262678837,3.583045855177525e-25,on_off_0,41
mock,scale1,self,self,with_guess,intercept,19.75,0.8337169678539392,23.689094454726327,2.9295188302093066e-46,on_off_0,41
mock,scale1,self,self,with_guess,conditionAC,9.34090909090909,1.5698371460706335,5.950240835038059,2.906371897326972e-08,on_off_0,41
mock,scale1,self,self,with_guess,guessAC,-0.4166666666666657,1.227198148380989,-0.3395268051996031,0.7348268525709808,on_off_0,41
mock,scale1,self,self,with_guess,conditionAC:guessAC,1.8696172248803822,1.9017793619167758,0.9830883972765495,0.3276099457330077,on_off_0,41
