study,scale,guesser,respondent,model_type,component,est,se,t,p,model_name,trial_id
mock,scale1,self,self,without_guess,intercept,19.0,0.5791083634898174,32.80905819681549,3.764741815610131e-61,on_off_m1,19
mock,scale1,self,self,without_guess,conditionAC,10.632352941176471,0.76930048057102,13.82080631651824,1.993412625227e-26,on_off_m1,19
mock,scale1,self,self,with_guess,intercept,18.700000000000003,0.7658732944930708,24.416571428277148,1.5682513503773392e-47,on_off_m1,19
mock,scale1,self,self,with_guess,conditionAC,9.999999999999998,1.5317465889861417,6.5284950342987,1.8291206001986799e-09,on_off_m1,19
mock,scale1,self,self,with_guess,guessAC,0.7090909090909108,1.1774629692559502,0.6022192863857043,0.5482035376680707,on_off_m1,19
mock,scale1,self,self,with_guess,conditionAC:guessAC,0.38401253918495315,1.8572826498659964,0.20676041916003457,0.836559461415355,on_off_m1,19
