study,scale,guesser,respondent,model_type,component,est,se,t,p,model_name,trial_id
mock,scale1,self,self,without_guess,intercept,23.63461538461538,0.6433580098281358,36.73633501653153,1.9718631182419631e-66,off_on_m2,8
mock,scale1,self,self,without_guess,conditionAC,1.0859728506787347,0.8546511453528721,1.2706621369241289,0.20634833572266686,off_on_m2,8
mock,scale1,self,self,with_guess,intercept,21.034482758620687,0.7510230323786212,28.007773199712403,1.8988741446617973e-53,off_on_m2,8
mock,scale1,self,self,with_guess,conditionAC,-0.4344827586206875,1.4831516514289431,-0.292945605530011,0.7700871197407537,off_on_m2,8
mock,scale1,self,self,with_guess,guessAC,5.878560719640184,1.129252368075317,5.205710331747655,8.455335411058711e-07,off_on_m2,8
mock,scale1,self,self,with_guess,conditionAC:guessAC,-1.0475262368815623,1.7868777054847718,-0.5862327531795878,0.5588581145177312,off_on_m2,8
