study,scale,guesser,respondent,model_type,component,est,se,t,p,model_name,trial_id
mock,scale1,self,self,without_guess,intercept,20.67307692307692,0.6088262696626587,33.955625690283625,9.607952169184113e-63,on_off_m2,16
mock,scale1,self,self,without_guess,conditionAC,8.312217194570136,0.8087784106816481,10.27749638812008,4.396582318851199e-18,on_off_m2,16
mock,scale1,self,self,with_guess,intercept,19.862068965517246,0.8100558360575042,24.5193825924208,1.0418404315582452e-47,on_off_m2,16
mock,scale1,self,self,with_guess,conditionAC,7.7742946708463965,1.544715869761782,5.0328314889684584,1.7851243606067195e-06,on_off_m2,16
mock,scale1,self,self,with_guess,guessAC,1.8335832083958026,1.218015202867974,1.5053861430287523,0.13494298517674572,on_off_m2,16
mock,scale1,self,self,with_guess,conditionAC:guessAC,-0.22433280967171967,1.8834460386724667,-0.11910763837430619,0.9053961048751736,on_off_m2,16
