study,scale,guesser,respondent,model_type,component,est,se,t,p,model_name,trial_id
mock,scale1,self,self,without_guess,intercept,25.269230769230766,0.960064826746479,26.320338028489743,3.273445759402122e-51,off_on_p3,35
mock,scale1,self,self,without_guess,conditionAC,3.6425339366515836,1.2753715524752316,2.856057067904785,0.005069960642801998,off_on_p3,35
mock,scale1,self,self,with_guess,intercept,19.08,0.8960165828623144,21.294248750451874,6.912906450266006e-42,off_on_p3,35
mock,scale1,self,self,with_guess,conditionAC,1.0533333333333348,1.4631889527232493,0.7198887958885269,0.47304145552001386,off_on_p3,35
mock,scale1,self,self,with_guess,guessAC,11.92,1.2434715036682058,9.5860660777801,2.2152167339409415e-16,off_on_p3,35
mock,scale1,self,self,with_guess,conditionAC:guessAC,-0.6571069182389946,1.8063771435767313,-0.36377061156668805,0.7166914687781433,off_on_p3,35
