study,scale,guesser,respondent,model_type,component,est,se,t,p,model_name,trial_id
mock,scale1,self,self,without_guess,intercept,19.92307692307692,0.611295365151952,32.59157202692771,7.63801060390448e-61,on_off_p1,33
mock,scale1,self,self,without_guess,conditionAC,10.73868778280543,0.8120584122603552,13.224033666389117,4.802017688920016e-25,on_off_p1,33
mock,scale1,self,self,with_guess,intercept,19.925925925925924,0.8463356243575223,23.543763670650478,5.295261945998647e-46,on_off_p1,33
mock,scale1,self,self,with_guess,conditionAC,8.216931216931217,1.8652328704835326,4.405311179617538,2.367414160376467e-05,on_off_p1,33
mock,scale1,self,self,with_guess,guessAC,-0.005925925925924015,1.2206025959491507,-0.004854918337541275,0.9961346902515713,on_off_p1,33
mock,scale1,self,self,with_guess,conditionAC:guessAC,2.8138884551999293,2.1376913018896206,1.3163212353030493,0.19066130701554024,on_off_p1,33
