study,scale,guesser,respondent,model_type,component,est,se,t,p,model_name,trial_id
mock,scale1,self,self,without_guess,intercept,23.75,0.7931647151492386,29.943339064864098,5.767716834211776e-57,off_on_0,10
mock,scale1,self,self,without_guess,conditionAC,2.8382352941176476,1.0536577176320028,2.693697627438554,0.008096369111440174,off_on_0,10
mock,scale1,self,self,with_guess,intercept,19.999999999999996,0.8369970548436495,23.89494668381597,1.2718072108157534e-46,off_on_0,10
mock,scale1,self,self,with_guess,conditionAC,-1.1666666666666656,1.5089178993255616,-0.7731810108344056,0.44098796215056646,off_on_0,10
mock,scale1,self,self,with_guess,guessAC,7.8000000000000025,1.2071343194604494,6.461584161973255,2.5336133892558376e-09,off_on_0,10
mock,scale1,self,self,with_guess,conditionAC:guessAC,1.6166666666666647,1.8360867039822855,0.8804958192662029,0.3804113589010655,off_on_0,10
