study,scale,guesser,respondent,model_type,component,est,se,t,p,model_name,trial_id
mock,scale1,self,self,without_guess,intercept,19.576923076923073,0.6292926763267014,31.10940872726697,1.050823263532358e-58,on_off_m3,35
mock,scale1,self,self,without_guess,conditionAC,7.261312217194571,0.835966442274438,8.686128832442735,2.4985242425966143e-14,on_off_m3,35
mock,scale1,self,self,with_guess,intercept,20.031249999999993,0.8041892423524417,24.90862715522518,2.2382800608677108e-48,on_off_m3,35
mock,scale1,self,self,with_guess,conditionAC,7.718750000000003,1.5399051607885181,5.012484013007378,1.9473908917182766e-06,on_off_m3,35
mock,scale1,self,self,with_guess,guessAC,-1.1812499999999977,1.2967161900508626,-0.9109549252667727,0.3642082352672068,on_off_m3,35
mock,scale1,self,self,with_guess,conditionAC:guessAC,0.0741071428571402,1.9430941621105158,0.03813872961084285,0.9696426306415216,on_off_m3,35
