study,scale,guesser,respondent,model_type,component,est,se,t,p,model_name,trial_id
mock,scale1,self,self,without_guess,intercept,25.288461538461537,0.8299128235944951,30.47122639813283,9.271061789825549e-58,on_on_p1,34
mock,scale1,self,self,without_guess,conditionAC,13.358597285067873,1.1024747254138443,12.116919306293715,1.8935100497216945e-22,on_on_p1,34
mock,scale1,self,self,with_guess,intercept,19.95652173913043,0.9884369398709774,20.189979688269638,9.057318817242063e-40,on_on_p1,34
mock,scale1,self,self,with_guess,conditionAC,11.668478260869565,1.945740061877054,5.9969358135191975,2.334956717176275e-08,on_on_p1,34
mock,scale1,self,self,with_guess,guessAC,9.56071964017991,1.3235844015566491,7.223354724440452,5.743900282008663e-11,on_on_p1,34
mock,scale1,self,self,with_guess,conditionAC:guessAC,-1.6023863068465785,2.221551720361574,-0.7212914703537843,0.47218147424422974,on_on_p1,34
