study,scale,guesser,respondent,model_type,component,est,se,t,p,model_name,trial_id
mock,scale1,self,self,without_guess,intercept,19.519230769230766,0.6135643591672796,31.812849748512082,9.924626679109723e-60,on_off_m2,4
mock,scale1,self,self,without_guess,conditionAC,8.495475113122172,0.8150725945731184,10.422967438343997,1.9828322494615054e-18,on_off_m2,4
mock,scale1,self,self,with_guess,intercept,18.999999999999996,0.855898999157318,22.19888096458413,1.4231491951179674e-43,on_off_m2,4
mock,scale1,self,self,with_guess,conditionAC,8.857142857142858,1.4647058936157615,6.04704527765515,1.8444212833082723e-08,on_off_m2,4
mock,scale1,self,self,with_guess,guessAC,1.0800000000000016,1.2343950912320083,0.8749224682367214,0.3834240292836679,on_off_m2,4
mock,scale1,self,self,with_guess,conditionAC:guessAC,-0.8815873015873027,1.8173643134141202,-0.48509112624267575,0.6285265544297731,on_off_m2,4
