study,scale,guesser,respondent,model_type,component,est,se,t,p,model_name,trial_id
mock,scale1,self,self,without_guess,intercept,24.038461538461537,0.8109009914032965,29.644138795368864,1.6434719131219323e-56,on_on_0,18
mock,scale1,self,self,without_guess,conditionAC,11.505656108597284,1.0772189830289707,10.68088874208769,4.829305222396442e-19,on_on_0,18
mock,scale1,self,self,with_guess,intercept,19.77777777777778,0.879496638656462,22.487610422241907,4.2067950648640347e-44,on_on_0,18
mock,scale1,self,self,with_guess,conditionAC,9.388888888888888,1.5855351136370488,5.92159000966669,3.3228239925373124e-08,on_on_0,18
mock,scale1,self,self,with_guess,guessAC,8.862222222222224,1.268428090909639,6.9867754315238955,1.8940604480291156e-10,on_on_0,18
mock,scale1,self,self,with_guess,conditionAC:guessAC,-1.1181746031746045,1.9293163280435819,-0.5795703830011569,0.5633282843062515,on_on_0,18
