study,scale,guesser,respondent,model_type,component,est,se,t,p,model_name,trial_id
mock,scale1,self,self,without_guess,intercept,23.980769230769226,0.9435492227314424,25.41549359910262,1.0993873599299332e-49,on_on_0,30
mock,scale1,self,self,without_guess,conditionAC,12.3868778280543,1.2534318553361283,9.88237037005299,3.813451894226066e-17,on_on_0,30
mock,scale1,self,self,with_guess,intercept,19.319999999999997,1.042353030066217,18.53498713269214,1.7955967396939168e-36,on_on_0,30
mock,scale1,self,self,with_guess,conditionAC,7.225454545454548,1.885687581719827,3.8317347027680095,0.00020707196973058028,on_on_0,30
mock,scale1,self,self,with_guess,guessAC,8.976296296296297,1.446553908086229,6.2052967719480385,8.705612644003257e-09,on_on_0,30
mock,scale1,self,self,with_guess,conditionAC:guessAC,2.7414070529859993,2.244631605140444,1.221317140286133,0.22444237741128548,on_on_0,30
