study,scale,guesser,respondent,model_type,component,est,se,t,p,model_name,trial_id
mock,scale1,self,self,without_guess,intercept,21.73076923076923,0.6222775900519509,34.92134310823411,4.7259193487787664e-64,off_on_m3,38
mock,scale1,self,self,without_guess,conditionAC,2.1368778280543004,0.8266474450320374,2.58499296271518,0.01095573815039059,off_on_m3,38
mock,scale1,self,self,with_guess,intercept,18.42307692307692,0.7598587007426084,24.24539839455952,3.106399505668461e-47,off_on_m3,38
mock,scale1,self,self,with_guess,conditionAC,3.076923076923081,1.4417305165457528,2.1341873821850506,0.034932843375207565,off_on_m3,38
mock,scale1,self,self,with_guess,guessAC,6.615384615384617,1.0746024800773961,6.156122601641639,1.1003610485168071e-08,off_on_m3,38
mock,scale1,self,self,with_guess,conditionAC:guessAC,-3.8395225464191007,1.7072785349567459,-2.2489139691060287,0.026405849847684456,off_on_m3,38
