study,scale,guesser,respondent,model_type,component,est,se,t,p,model_name,trial_id
mock,scale1,self,self,without_guess,intercept,23.307692307692307,0.6832309040522453,34.113931570504626,5.836065098406798e-63,on_on_m1,39
mock,scale1,self,self,without_guess,conditionAC,11.427601809954753,0.9076191883345277,12.590745057874207,1.4513708360064808e-23,on_on_m1,39
mock,scale1,self,self,with_guess,intercept,21.04166666666666,0.9106467034928395,23.106289833324052,3.192361806204653e-45,on_on_m1,39
mock,scale1,self,self,with_guess,conditionAC,8.958333333333336,1.5772863581947085,5.679585882925307,1.0166318128454673e-07,on_on_m1,39
mock,scale1,self,self,with_guess,guessAC,4.208333333333336,1.2410022701470476,3.391076257124563,0.0009524967010696877,on_on_m1,39
mock,scale1,self,self,with_guess,conditionAC:guessAC,1.541666666666665,1.8852177804271717,0.8177658213669821,0.4151674801718702,on_on_m1,39
