study,scale,guesser,respondent,model_type,component,est,se,t,p,model_name,trial_id
mock,scale1,self,self,without_guess,intercept,22.923076923076923,0.6733673351546217,34.04245458062385,7.307611445322722e-63,on_on_m2=,16
mock,scale1,self,self,without_guess,conditionAC,9.385746606334841,0.894516203174099,10.49253951245431,1.3547114762357798e-18,on_on_m2=,16
mock,scale1,self,self,with_guess,intercept,20.61290322580644,0.7461724912555606,27.624850108212602,7.627127496035031e-53,on_on_m2=,16
mock,scale1,self,self,with_guess,conditionAC,5.720430107526883,1.573069733153097,3.6364758579778416,0.0004136256751097859,on_on_m2=,16
mock,scale1,self,self,with_guess,guessAC,5.720430107526884,1.1741707531526353,4.871889452336974,3.5325731850874527e-06,on_on_m2=,16
mock,scale1,self,self,with_guess,conditionAC:guessAC,1.1665755421906305,1.8944640152724865,0.6157813148131179,0.539245227250922,on_on_m2=,16
