study,scale,guesser,respondent,model_type,component,est,se,t,p,model_name,trial_id
mock,scale1,self,self,without_guess,intercept,20.346153846153847,0.5991666385402932,33.95742108693122,9.553680210730528e-63,on_off_p3,11
mock,scale1,self,self,without_guess,conditionAC,12.771493212669684,0.7959463410154581,16.045671114432132,1.9359761960878897e-31,on_off_p3,11
mock,scale1,self,self,with_guess,intercept,20.560000000000002,0.8707163952095918,23.612740167883214,3.997031112556616e-46,on_off_p3,11
mock,scale1,self,self,with_guess,conditionAC,12.167272727272726,1.575185226393285,7.724344111030189,4.396616724556237e-12,on_off_p3,11
mock,scale1,self,self,with_guess,guessAC,-0.4118518518518515,1.208360476723682,-0.34083525552617894,0.7338441358355331,on_off_p3,11
mock,scale1,self,self,with_guess,conditionAC:guessAC,0.877561580719475,1.875024567902152,0.4680267105520243,0.6406436622649994,on_off_p3,11
