study,scale,guesser,respondent,model_type,component,est,se,t,p,model_name,trial_id
mock,scale1,self,self,without_guess,intercept,22.32692307692307,0.6518681763382117,34.250671972271725,3.7998292858562894e-63,on_on_m3,2
mock,scale1,self,self,without_guess,conditionAC,9.70248868778281,0.8659562405624941,11.204363723368308,2.7495506290502367e-20,on_on_m3,2
mock,scale1,self,self,with_guess,intercept,20.03846153846154,0.8740150154626948,22.92690764340402,6.711302553840501e-45,on_on_m3,2
mock,scale1,self,self,with_guess,conditionAC,10.361538461538462,1.6583268948296406,6.248188155088023,7.0918732931729484e-09,on_on_m3,2
mock,scale1,self,self,with_guess,guessAC,4.576923076923078,1.2360438885850735,3.7028807141810978,0.00032780332822889414,on_on_m3,2
mock,scale1,self,self,with_guess,conditionAC:guessAC,-2.666578249336872,1.963769150331549,-1.3578878397629708,0.1771347450433171,on_on_m3,2
