study,scale,guesser,respondent,model_type,component,est,se,t,p,model_name,trial_id
mock,scale1,self,self,without_guess,intercept,23.65384615384615,0.7077645371396938,33.420502035096334,5.2558969099084035e-62,off_on_m1,41
mock,scale1,self,self,without_guess,conditionAC,2.3167420814479645,0.9402102143224628,2.4640681904497947,0.01517827155271091,off_on_m1,41
mock,scale1,self,self,with_guess,intercept,20.34782608695651,0.8970914673019794,22.681997130295983,1.8621218839972335e-44,off_on_m1,41
mock,scale1,self,self,with_guess,conditionAC,-0.7478260869565169,1.629647579180806,-0.4588882262092736,0.6471731156706182,off_on_m1,41
mock,scale1,self,self,with_guess,guessAC,5.928035982009002,1.2012665907098306,4.934821319309409,2.7092759075703352e-06,off_on_m1,41
mock,scale1,self,self,with_guess,conditionAC:guessAC,1.540929535232379,1.9008297436131054,0.8106615231637598,0.4192201466705706,off_on_m1,41
