study,scale,guesser,respondent,model_type,component,est,se,t,p,model_name,trial_id
mock,scale1,self,self,without_guess,intercept,21.865384615384617,0.7278553945885768,30.04083610281423,4.1074430153712827e-57,on_on_m2=,17
mock,scale1,self,self,without_guess,conditionAC,12.70814479638009,0.9668993579524552,13.143192920606925,7.406965156072399e-25,on_on_m2=,17
mock,scale1,self,self,with_guess,intercept,19.166666666666668,0.8800586468377614,21.77885159760272,8.529930432788358e-43,on_on_m2=,17
mock,scale1,self,self,with_guess,conditionAC,13.333333333333332,1.9180433529774759,6.95152865686551,2.2597300706430136e-10,on_on_m2=,17
mock,scale1,self,self,with_guess,guessAC,6.37878787878788,1.3530129263886213,4.71450623595574,6.798628258996827e-06,on_on_m2=,17
mock,scale1,self,self,with_guess,conditionAC:guessAC,-4.028787878787878,2.2632460475915606,-1.780092749118075,0.07767896284525445,on_on_m2=,17
