study,scale,guesser,respondent,model_type,component,est,se,t,p,model_name,trial_id
mock,scale1,self,self,without_guess,intercept,20.0576923076923,0.536271677443823,37.40211007096014,2.7966371116298435e-67,on_off_m1,24
mock,scale1,self,self,without_guess,conditionAC,9.309954751131222,0.7123952703567094,13.068524088417316,1.10584035619072e-24,on_off_m1,24
mock,scale1,self,self,with_guess,intercept,19.59374999999999,0.6859634859681939,28.563838164570313,2.5849748925795318e-54,on_off_m1,24
mock,scale1,self,self,with_guess,conditionAC,9.850694444444446,1.464103140998957,6.728142416061836,6.862184661821097e-10,on_off_m1,24
mock,scale1,self,self,with_guess,guessAC,1.2062500000000034,1.1060828859593912,1.0905602241135206,0.2777265934049181,on_off_m1,24
mock,scale1,self,self,with_guess,conditionAC:guessAC,-1.2947622410546173,1.7752979445210373,-0.7293210951156343,0.4672753332741646,on_off_m1,24
