study,scale,guesser,respondent,model_type,component,est,se,t,p,model_name,trial_id
mock,scale1,self,self,without_guess,intercept,23.63461538461538,0.7414801039457651,31.874915131025702,8.075259244286815e-60,off_on_m1,23
mock,scale1,self,self,without_guess,conditionAC,3.4536199095022635,0.9849987260792803,3.5062176407569177,0.0006436131848918422,off_on_m1,23
mock,scale1,self,self,with_guess,intercept,19.52,0.8794808358347935,22.19491227625424,1.4472906192069724e-43,off_on_m1,23
mock,scale1,self,self,with_guess,conditionAC,0.6466666666666695,1.9990865730219842,0.3234810715021285,0.7469133876607468,off_on_m1,23
mock,scale1,self,self,with_guess,guessAC,7.924444444444444,1.2205235687595637,6.492659910286022,2.1782149022236207e-09,off_on_m1,23
mock,scale1,self,self,with_guess,conditionAC:guessAC,-0.33304659498208145,2.241523611708534,-0.14858045359969538,0.8821426815671001,off_on_m1,23
