study,scale,guesser,respondent,model_type,component,est,se,t,p,model_name,trial_id
mock,scale1,self,self,without_guess,intercept,24.423076923076913,0.7635482792066993,31.986290308258777,5.582045982039767e-60,off_on_0,44
mock,scale1,self,self,without_guess,conditionAC,2.0033936651583732,1.0143145828409668,1.9751206371766057,0.05058929355511446,off_on_0,44
mock,scale1,self,self,with_guess,intercept,20.499999999999993,0.8747427386123728,23.435461759327865,8.244299982863399e-46,off_on_0,44
mock,scale1,self,self,with_guess,conditionAC,-0.39999999999999536,1.6597076524250494,-0.2410062997634211,0.8099756993230828,off_on_0,44
mock,scale1,self,self,with_guess,guessAC,7.846153846153851,1.2370730445330012,6.342514599948945,4.507978755952432e-09,off_on_0,44
mock,scale1,self,self,with_guess,conditionAC:guessAC,-0.42891246684350637,1.9654042255259536,-0.2182311716200401,0.8276324530469599,off_on_0,44
