study,scale,guesser,respondent,model_type,component,est,se,t,p,model_name,trial_id
mock,scale1,self,self,without_guess,intercept,24.826923076923073,0.9093822011219054,27.300867606924882,7.99481016762157e-53,on_on_p3,22
mock,scale1,self,self,without_guess,conditionAC,17.49660633484163,1.2080436209381642,14.48342264433614,6.059981209994124e-28,on_on_p3,22
mock,scale1,self,self,with_guess,intercept,20.230769230769226,0.967345815577479,20.91368867780961,3.647380022470239e-41,on_on_p3,22
mock,scale1,self,self,with_guess,conditionAC,11.547008547008549,1.9076316742679773,6.053059771844858,1.7928334664145998e-08,on_on_p3,22
mock,scale1,self,self,with_guess,guessAC,9.192307692307699,1.3680335718945336,6.719358268070606,7.166472346682195e-10,on_on_p3,22
mock,scale1,self,self,with_guess,conditionAC:guessAC,2.962117919745037,2.233200490681985,1.3264003532618123,0.18731264663263128,on_on_p3,22
