study,scale,guesser,respondent,model_type,component,est,se,t,p,model_name,trial_id
mock,scale1,self,self,without_guess,intercept,22.38461538461538,0.7110224103522683,31.482292342269727,2.9925358951131527e-59,off_on_m2,28
mock,scale1,self,self,without_guess,conditionAC,2.6742081447963817,0.9445380458408502,2.8312339101340678,0.0054529471225809745,off_on_m2,28
mock,scale1,self,self,with_guess,intercept,19.580645161290317,0.7609518232964744,25.731780333301735,9.139088910477661e-50,off_on_m2,28
mock,scale1,self,self,with_guess,conditionAC,-0.4806451612903184,1.5408100068635127,-0.3119431721946849,0.755643709612951,off_on_m2,28
mock,scale1,self,self,with_guess,guessAC,6.943164362519206,1.1974273856832345,5.798401177001258,5.888265697099446e-08,off_on_m2,28
mock,scale1,self,self,with_guess,conditionAC:guessAC,0.04304253403251844,1.881055858775787,0.02288211369785213,0.9817836228746295,off_on_m2,28
