study,scale,guesser,respondent,model_type,component,est,se,t,p,model_name,trial_id
mock,scale1,self,self,without_guess,intercept,23.288461538461537,0.7327563843057383,31.781997451344704,1.0997255400542488e-59,off_on_m2,1
mock,scale1,self,self,without_guess,conditionAC,2.7409502262443444,0.9734099421235509,2.815823126138203,0.005703836589551011,off_on_m2,1
mock,scale1,self,self,with_guess,intercept,19.359999999999996,0.8877037529087605,21.80907756282725,7.493328232248515e-43,off_on_m2,1
mock,scale1,self,self,with_guess,conditionAC,2.7828571428571456,1.481618327664614,1.8782550748029665,0.06285698280292737,off_on_m2,1
mock,scale1,self,self,with_guess,guessAC,7.565925925925931,1.2319351466857682,6.141496933730866,1.1795657774966717e-08,off_on_m2,1
mock,scale1,self,self,with_guess,conditionAC:guessAC,-2.6717460317460358,1.8137426079625436,-1.4730568825018258,0.1434440118104135,off_on_m2,1
