study,scale,guesser,respondent,model_type,component,est,se,t,p,model_name,trial_id
mock,scale1,self,self,without_guess,intercept,20.634615384615383,0.5754735157461576,35.85675938163825,2.7260767003490176e-65,off_off_0,26
mock,scale1,self,self,without_guess,conditionAC,-0.6346153846153836,0.7644718676683344,-0.8301356942682304,0.40813842477985063,off_off_0,26
mock,scale1,self,self,with_guess,intercept,20.913043478260867,0.8715930901538027,23.994044600067355,8.525358018668868e-47,off_off_0,26
mock,scale1,self,self,with_guess,conditionAC,-1.3574879227053125,1.643491691954912,-0.8259779646896773,0.4105121803317866,off_off_0,26
mock,scale1,self,self,with_guess,guessAC,-0.4992503748125922,1.1671225265849703,-0.42776175032231734,0.6696176699228208,off_off_0,26
mock,scale1,self,self,with_guess,conditionAC:guessAC,1.0114914294265287,1.8972900993691537,0.5331242859290987,0.5949674797351431,off_off_0,26
