study,scale,guesser,respondent,model_type,component,est,se,t,p,model_name,trial_id
mock,scale1,self,self,without_guess,intercept,23.846153846153847,0.7188589273843804,33.17223023565943,1.1649636739730568e-61,off_on_0,13
mock,scale1,self,self,without_guess,conditionAC,2.5361990950226256,0.9549482500424907,2.6558497750111347,0.009004480646789888,off_on_0,13
mock,scale1,self,self,with_guess,intercept,20.454545454545446,0.9166050302778067,22.315550077601078,8.686727617031519e-44,off_on_0,13
mock,scale1,self,self,with_guess,conditionAC,-1.1545454545454499,1.6396729249755433,-0.704131559995522,0.4827619919737006,off_on_0,13
mock,scale1,self,self,with_guess,guessAC,5.878787878787883,1.2067665976980266,4.871520217747154,3.5380561567043996e-06,off_on_0,13
mock,scale1,self,self,with_guess,conditionAC:guessAC,2.4246603970741862,1.9035050127807136,1.2737872402721697,0.20528515473186562,off_on_0,13
