study,scale,guesser,respondent,model_type,component,est,se,t,p,model_name,trial_id
mock,scale1,self,self,without_guess,intercept,22.249999999999996,0.7620777651473055,29.196495446497106,7.993566679889091e-56,on_on_m2=,11
mock,scale1,self,self,without_guess,conditionAC,10.61764705882353,1.012361119130374,10.488003596922184,1.3887806938417036e-18,on_on_m2=,11
mock,scale1,self,self,with_guess,intercept,20.074074074074073,0.9537657604403177,21.047174166544444,2.0311520964983215e-41,on_on_m2=,11
mock,scale1,self,self,with_guess,conditionAC,5.211640211640212,2.1019973588675174,2.4793752426254527,0.014598394927198076,on_on_m2=,11
mock,scale1,self,self,with_guess,guessAC,4.525925925925924,1.3755405416197874,3.290289009291108,0.0013259703979266774,on_on_m2=,11
mock,scale1,self,self,with_guess,conditionAC:guessAC,3.9260647063925753,2.4090404698268033,1.6297213581782781,0.10587298884578285,on_on_m2=,11
