study,scale,guesser,respondent,model_type,component,est,se,t,p,model_name,trial_id
mock,scale1,self,self,without_guess,intercept,22.403846153846153,0.7008807096124706,31.965277181381747,5.984323653515554e-60,off_on_m3,36
mock,scale1,self,self,without_guess,conditionAC,2.3167420814479645,0.9310655841310636,2.4882694849150853,0.014232192028221288,off_on_m3,36
mock,scale1,self,self,with_guess,intercept,19.259259259259263,0.8456968341378222,22.77324270569589,1.2721265815585647e-44,off_on_m3,36
mock,scale1,self,self,with_guess,conditionAC,1.1407407407407422,1.6267303404380584,0.7012475961034542,0.48455291807794576,off_on_m3,36
mock,scale1,self,self,with_guess,guessAC,6.54074074074074,1.219681319592593,5.362663702126328,4.238518644254568e-07,off_on_m3,36
mock,scale1,self,self,with_guess,conditionAC:guessAC,-1.4752234993614313,1.936907426066404,-0.7616386201571904,0.44782142601745367,off_on_m3,36
