study,scale,guesser,respondent,model_type,component,est,se,t,p,model_name,trial_id
mock,scale1,self,self,without_guess,intercept,22.788461538461547,0.7359400756571965,30.965104758171226,1.7139988577037766e-58,on_on_m2=,2
mock,scale1,self,self,without_guess,conditionAC,10.285067873303165,0.9776392288012759,10.52031012085523,1.163600280549673e-18,on_on_m2=,2
mock,scale1,self,self,with_guess,intercept,20.571428571428584,0.9115881133417831,22.566582725630283,3.019425222198732e-44,on_on_m2=,2
mock,scale1,self,self,with_guess,conditionAC,7.228571428571424,1.7770123735829537,4.067822788423585,8.686708498719425e-05,on_on_m2=,2
mock,scale1,self,self,with_guess,guessAC,4.803571428571426,1.3418213709369327,3.579888897743007,0.0005031322975955815,on_on_m2=,2
mock,scale1,self,self,with_guess,conditionAC:guessAC,1.3791871921182293,2.128011668103376,0.6481107283342349,0.5181941509468314,on_on_m2=,2
