study,scale,guesser,respondent,model_type,component,est,se,t,p,model_name,trial_id
mock,scale1,self,self,without_guess,intercept,20.596153846153847,0.6295082586446858,32.71784533930787,5.062824090007069e-61,on_off_m2,46
mock,scale1,self,self,without_guess,conditionAC,7.286199095022624,0.8362528266392374,8.712914160547188,2.1639458467621036e-14,on_off_m2,46
mock,scale1,self,self,with_guess,intercept,20.181818181818183,0.9735111506513787,20.730957388946678,8.157500333952318e-41,on_off_m2,46
mock,scale1,self,self,with_guess,conditionAC,7.0,1.6861707746630272,4.151418174946672,6.334666847542975e-05,on_off_m2,46
mock,scale1,self,self,with_guess,guessAC,0.7181818181818196,1.28168698652744,0.5603410393731448,0.5763274421500086,on_off_m2,46
mock,scale1,self,self,with_guess,conditionAC:guessAC,0.11754385964912227,1.9758435281108342,0.05949046975471263,0.9526638232851257,on_off_m2,46
