study,scale,guesser,respondent,model_type,component,est,se,t,p,model_name,trial_id
mock,scale1,self,self,without_guess,intercept,20.557692307692303,0.5689064870089329,36.13545068852328,1.1792686034275827e-65,on_off_m3,15
mock,scale1,self,self,without_guess,conditionAC,6.648190045248868,0.7557480800631509,8.796833522479265,1.3784529571569279e-14,on_off_m3,15
mock,scale1,self,self,with_guess,intercept,20.068965517241374,0.7617338881793818,26.346426000828394,8.789808171158472e-51,on_off_m3,15
mock,scale1,self,self,with_guess,conditionAC,6.014367816091956,1.408006249170437,4.271549092651737,3.994852840703203e-05,on_off_m3,15
mock,scale1,self,self,with_guess,guessAC,1.1049475262368835,1.1453574124689812,0.9647185360725188,0.3366926959941785,on_off_m3,15
mock,scale1,self,self,with_guess,conditionAC:guessAC,0.2581477118583538,1.7362509449612373,0.14868110661510225,0.8820634327173715,on_off_m3,15
