study,scale,guesser,respondent,model_type,component,est,se,t,p,model_name,trial_id
mock,scale1,self,self,without_guess,intercept,19.63461538461538,0.5537811340731924,35.45555125758456,9.196241190481752e-65,on_off_p2,49
mock,scale1,self,self,without_guess,conditionAC,12.585972850678735,0.7356552234997418,17.10852101450912,9.553672635497214e-34,on_off_p2,49
mock,scale1,self,self,with_guess,intercept,20.04347826086956,0.8375631794029873,23.930706069429288,1.1007365599804185e-46,on_off_p2,49
mock,scale1,self,self,with_guess,conditionAC,12.734299516908218,1.579324276874713,8.06313162114358,7.516803057265406e-13,on_off_p2,49
mock,scale1,self,self,with_guess,guessAC,-0.7331334332833536,1.1215541577398889,-0.653676354569212,0.5146140386694107,on_off_p2,49
mock,scale1,self,self,with_guess,conditionAC:guessAC,0.09094887584455834,1.8232135452072282,0.0498838307139831,0.9603007544899993,on_off_p2,49
