study,scale,guesser,respondent,model_type,component,est,se,t,p,model_name,trial_id
mock,scale1,self,self,without_guess,intercept,21.384615384615387,0.6193556447557724,34.5271986550601,1.6023454126785997e-63,on_off_m2,41
mock,scale1,self,self,without_guess,conditionAC,6.5271493212669665,0.8227658676584931,7.933179508093306,1.3646090944533948e-12,on_off_m2,41
mock,scale1,self,self,with_guess,intercept,21.551724137931036,0.8292839927915404,25.98835178933516,3.422417653816608e-50,on_off_m2,41
mock,scale1,self,self,with_guess,conditionAC,4.548275862068965,1.6377046646850253,2.7772259309914835,0.006395156418562894,on_off_m2,41
mock,scale1,self,self,with_guess,guessAC,-0.3778110944527715,1.2469270212670232,-0.302993750242794,0.7624373226472198,on_off_m2,41
mock,scale1,self,self,with_guess,conditionAC:guessAC,2.5019490254872543,1.973080737006675,1.2680418892958814,0.20732217968538966,on_off_m2,41
