study,scale,guesser,respondent,model_type,component,est,se,t,p,model_name,trial_id
mock,scale1,self,self,without_guess,intercept,19.53846153846153,0.6319675837846739,30.91687301657349,2.019307468802305e-58,on_off_m2,24
mock,scale1,self,self,without_guess,conditionAC,8.182126696832581,0.8395198490677719,9.746198027263157,8.018161726757548e-17,on_off_m2,24
mock,scale1,self,self,with_guess,intercept,19.88461538461538,0.8989294801200041,22.120328484455587,1.9860783678968996e-43,on_off_m2,24
mock,scale1,self,self,with_guess,conditionAC,8.670940170940172,1.7727128412567346,4.891339403167552,3.2551290740641015e-06,on_off_m2,24
mock,scale1,self,self,with_guess,guessAC,-0.6923076923076902,1.2712782624027053,-0.5445760482046114,0.5870904970221298,on_off_m2,24
mock,scale1,self,self,with_guess,conditionAC:guessAC,-0.2700275242648145,2.075255532990628,-0.1301177228404643,0.8966986577989721,on_off_m2,24
