study,scale,guesser,respondent,model_type,component,est,se,t,p,model_name,trial_id
mock,scale1,self,self,without_guess,intercept,22.596153846153843,0.6398848881605348,35.31284183177163,1.4211580997666557e-64,on_on_m3,25
mock,scale1,self,self,without_guess,conditionAC,9.58031674208145,0.8500373729806932,11.270465330821457,1.9152869631646842e-20,on_on_m3,25
mock,scale1,self,self,with_guess,intercept,20.724137931034477,0.8096492127242807,25.59644053911025,1.5386003694291012e-49,on_on_m3,25
mock,scale1,self,self,with_guess,conditionAC,8.720306513409962,1.663670981470122,5.2416052275577725,7.227288194828227e-07,on_on_m3,25
mock,scale1,self,self,with_guess,guessAC,4.232383808095954,1.2174037963702224,3.4765653111277564,0.0007155646933507122,on_on_m3,25
mock,scale1,self,self,with_guess,conditionAC:guessAC,-1.0836079135573493,1.9790280087782073,-0.5475455166631706,0.5850559917148869,on_on_m3,25
