study,scale,guesser,respondent,model_type,component,est,se,t,p,model_name,trial_id
mock,scale1,self,self,without_guess,intercept,23.15384615384615,0.6984846792189928,33.14868148537704,1.2566303282796129e-61,on_on_m1,27
mock,scale1,self,self,without_guess,conditionAC,12.302036199095024,0.9278826438570579,13.2581811725214,3.999362717304627e-25,on_on_m1,27
mock,scale1,self,self,with_guess,intercept,20.419354838709676,0.7192108344456268,28.39133375187412,4.783651211974511e-54,on_on_m1,27
mock,scale1,self,self,with_guess,conditionAC,7.691756272401435,1.51622956981231,5.072949654552362,1.5028400146553408e-06,on_on_m1,27
mock,scale1,self,self,with_guess,guessAC,6.771121351766514,1.1317441168805131,5.982908371929618,2.4938861260472248e-08,on_on_m1,27
mock,scale1,self,self,with_guess,conditionAC:guessAC,1.6940387235630523,1.826010823527775,0.9277265510892437,0.35547575933747144,on_on_m1,27
