study,scale,guesser,respondent,model_type,component,est,se,t,p,model_name,trial_id
mock,scale1,self,self,without_guess,intercept,20.519230769230766,0.6071876839582073,33.79388500680311,1.6021072200828377e-62,on_off_p2,4
mock,scale1,self,self,without_guess,conditionAC,11.642533936651581,0.8066016768450052,14.434056202549632,7.849378791685412e-28,on_off_p2,4
mock,scale1,self,self,with_guess,intercept,21.439999999999994,0.8668116504994418,24.734323757239117,4.44738013646994e-48,on_off_p2,4
mock,scale1,self,self,with_guess,conditionAC,8.923636363636362,1.5681212774265434,5.690654474302533,9.664382904448281e-08,on_off_p2,4
mock,scale1,self,self,with_guess,guessAC,-1.77333333333333,1.2029415605238725,-1.474164158532403,0.1431461254602323,on_off_p2,4
mock,scale1,self,self,with_guess,conditionAC:guessAC,3.9184688995215278,1.8666159835419656,2.09923676539301,0.037964643912487155,on_off_p2,4
