study,scale,guesser,respondent,model_type,component,est,se,t,p,model_name,trial_id
mock,scale1,self,self,without_guess,intercept,22.288461538461544,0.6942695050185531,32.103471890020465,3.789209404836099e-60,on_on_m3,23
mock,scale1,self,self,without_guess,conditionAC,8.240950226244342,0.9222831123314769,8.935380162618081,6.5358543735818915e-15,on_on_m3,23
mock,scale1,self,self,with_guess,intercept,20.68181818181817,0.9605663217205104,21.53085915480995,2.4798853239663802e-42,on_on_m3,23
mock,scale1,self,self,with_guess,conditionAC,2.8737373737373777,1.782735644736725,1.6119817776806566,0.1096834473712625,on_on_m3,23
mock,scale1,self,self,with_guess,guessAC,2.784848484848491,1.26464432731145,2.2020803989758084,0.029637785983664428,on_on_m3,23
mock,scale1,self,self,with_guess,conditionAC:guessAC,5.252816298579006,2.0491063955703113,2.5634668409284975,0.011641882188472388,on_on_m3,23
