study,scale,guesser,respondent,model_type,component,est,se,t,p,model_name,trial_id
mock,scale1,self,self,without_guess,intercept,24.17307692307692,0.7910150449116903,30.559566570286442,6.844154594928843e-58,on_on_p2,5
mock,scale1,self,self,without_guess,conditionAC,15.00339366515837,1.05080204768994,14.278039996345171,1.7810116647644145e-27,on_on_p2,5
mock,scale1,self,self,with_guess,intercept,20.677419354838708,0.8176007747440499,25.29036174325028,5.033291995222841e-49,on_on_p2,5
mock,scale1,self,self,with_guess,conditionAC,12.655913978494624,1.5476932877422518,8.17727522547885,4.1272903483336544e-13,on_on_p2,5
mock,scale1,self,self,with_guess,guessAC,8.655913978494628,1.2865696989767512,6.727901321925228,6.870363369404747e-10,on_on_p2,5
mock,scale1,self,self,with_guess,conditionAC:guessAC,-1.5606758832565293,1.9370574430522505,-0.8056941671266852,0.42206773865616354,on_on_p2,5
