study,scale,guesser,respondent,model_type,component,est,se,t,p,model_name,trial_id
mock,scale1,self,self,without_guess,intercept,22.71153846153846,0.750466035561637,30.26324628341308,1.899438694821644e-57,on_on_m2=,32
mock,scale1,self,self,without_guess,conditionAC,11.082579185520363,0.9969358382784725,11.116642375559461,4.4433798271937586e-20,on_on_m2=,32
mock,scale1,self,self,with_guess,intercept,20.555555555555554,0.9598290471516877,21.415850683571815,4.0782491107135245e-42,on_on_m2=,32
mock,scale1,self,self,with_guess,conditionAC,7.777777777777779,1.9196580943033754,4.051647426621695,9.22950443908629e-05,on_on_m2=,32
mock,scale1,self,self,with_guess,guessAC,4.484444444444445,1.3842851380740613,3.2395380988367735,0.001562174055087158,on_on_m2=,32
mock,scale1,self,self,with_guess,conditionAC:guessAC,1.809340866290018,2.2586853924288572,0.8010592676407932,0.42473507627170626,on_on_m2=,32
