study,scale,guesser,respondent,model_type,component,est,se,t,p,model_name,trial_id
mock,scale1,self,self,without_guess,intercept,19.90384615384615,0.6130653747540022,32.4661071616265,1.1507332562909288e-60,on_off_p1,38
mock,scale1,self,self,without_guess,conditionAC,11.816742081447963,0.8144097325370421,14.50957866703846,5.2842312084355785e-28,on_off_p1,38
mock,scale1,self,self,with_guess,intercept,20.222222222222214,0.8566675611605865,23.605682226166913,4.1136333600836676e-46,on_off_p1,38
mock,scale1,self,self,with_guess,conditionAC,11.027777777777777,1.7918487611287457,6.1544132613240246,1.1093407038146732e-08,on_off_p1,38
mock,scale1,self,self,with_guess,guessAC,-0.6622222222222197,1.2355035271164714,-0.5359937933708478,0.5929891310940927,on_off_p1,38
mock,scale1,self,self,with_guess,conditionAC:guessAC,1.1955555555555555,2.081719800450149,0.5743114684776643,0.5668690839917265,on_off_p1,38
