study,scale,guesser,respondent,model_type,component,est,se,t,p,model_name,trial_id
mock,scale1,self,self,without_guess,intercept,23.346153846153843,0.6939424121861109,33.64278279606371,2.587794326809223e-62,off_on_p1,28
mock,scale1,self,self,without_guess,conditionAC,4.771493212669684,0.9218485949094304,5.176005299588782,9.419475349128508e-07,off_on_p1,28
mock,scale1,self,self,with_guess,intercept,20.299999999999994,0.7049939276458699,28.794574256527525,1.1397673581282796e-54,off_on_p1,28
mock,scale1,self,self,with_guess,conditionAC,-1.4666666666666632,1.7268753944929844,-0.8493181797273107,0.39745368074744836,off_on_p1,28
mock,scale1,self,self,with_guess,guessAC,7.2,1.0838662861364867,6.642885835728758,1.0445471138781232e-09,off_on_p1,28
mock,scale1,self,self,with_guess,conditionAC:guessAC,2.982795698924731,1.9749278825208416,1.5103314532768783,0.13367811737852378,off_on_p1,28
