study,scale,guesser,respondent,model_type,component,est,se,t,p,model_name,trial_id
mock,scale1,self,self,without_guess,intercept,22.096153846153843,0.7090349277910912,31.1637029151605,8.745489920883365e-59,off_on_m2,10
mock,scale1,self,self,without_guess,conditionAC,3.1391402714932144,0.9418978296294556,3.332782147643506,0.001148901462846399,off_on_m2,10
mock,scale1,self,self,with_guess,intercept,19.499999999999993,0.9364746139740168,20.822774807797444,5.441034534453776e-41,off_on_m2,10
mock,scale1,self,self,with_guess,conditionAC,1.6875000000000033,1.4806963755424205,1.1396664622629504,0.25677311945457704,off_on_m2,10
mock,scale1,self,self,with_guess,guessAC,4.821428571428574,1.276199779145166,3.77795753471929,0.0002511536830821941,off_on_m2,10
mock,scale1,self,self,with_guess,conditionAC:guessAC,0.4718406593406569,1.8300068580898337,0.2578354596076025,0.7969907580373795,off_on_m2,10
