study,scale,guesser,respondent,model_type,component,est,se,t,p,model_name,trial_id
mock,scale1,self,self,without_guess,intercept,21.88461538461538,0.7546366554821013,29.000201919206194,1.6088340209102529e-55,on_on_m3,22
mock,scale1,self,self,without_guess,conditionAC,8.615384615384619,1.0024761829037125,8.59410404188338,4.0917097030240373e-14,on_on_m3,22
mock,scale1,self,self,with_guess,intercept,18.68965517241379,0.8701972518270041,21.477492756009426,3.123152172219255e-42,on_on_m3,22
mock,scale1,self,self,with_guess,conditionAC,8.310344827586214,1.4314367489470654,5.805596952641552,5.695661810480769e-08,on_on_m3,22
mock,scale1,self,self,with_guess,guessAC,7.22338830584708,1.3084449676676122,5.520590077795352,2.092102980169947e-07,on_on_m3,22
mock,scale1,self,self,with_guess,conditionAC:guessAC,-2.5567216391804144,1.8532094985762397,-1.3796182466929185,0.17035788279992722,on_on_m3,22
