study,scale,guesser,respondent,model_type,component,est,se,t,p,model_name,trial_id
mock,scale1,self,self,without_guess,intercept,22.634615384615383,0.6641803543277361,34.079019707720015,6.513246139106756e-63,off_on_0,7
mock,scale1,self,self,without_guess,conditionAC,3.6153846153846163,0.8823120127139071,4.097625968237744,7.691007927249946e-05,off_on_0,7
mock,scale1,self,self,with_guess,intercept,19.5,0.7261746613260837,26.85304381784765,1.313640279974585e-51,off_on_0,7
mock,scale1,self,self,with_guess,conditionAC,0.12500000000000144,1.540449082048555,0.08114516828675122,0.9354663444945246,off_on_0,7
mock,scale1,self,self,with_guess,guessAC,6.79166666666667,1.068900159336431,6.353883108112651,4.267535806821696e-09,off_on_0,7
mock,scale1,self,self,with_guess,conditionAC:guessAC,0.7166666666666648,1.7984127587994334,0.3984995453129959,0.6909945447339259,off_on_0,7
