study,scale,guesser,respondent,model_type,component,est,se,t,p,model_name,trial_id
mock,scale1,self,self,without_guess,intercept,21.346153846153843,0.7294151268558863,29.264753444537895,6.2729541870987075e-56,off_on_m2,32
mock,scale1,self,self,without_guess,conditionAC,1.6097285067873313,0.9689713411225348,1.6612756626243368,0.09931280061785375,off_on_m2,32
mock,scale1,self,self,with_guess,intercept,19.137931034482754,0.8684722891413322,22.036317420564597,2.838926565321919e-43,off_on_m2,32
mock,scale1,self,self,with_guess,conditionAC,-1.4712643678160886,1.6053039379211498,-0.9165020611120902,0.3613050907865998,off_on_m2,32
mock,scale1,self,self,with_guess,guessAC,4.992503748125939,1.3058512813042695,3.8231794229580895,0.00021355466958434524,off_on_m2,32
mock,scale1,self,self,with_guess,conditionAC:guessAC,1.430115299493107,1.9795441112621115,0.7224467953792142,0.471473798965125,off_on_m2,32
