study,scale,guesser,respondent,model_type,component,est,se,t,p,model_name,trial_id
mock,scale1,self,self,without_guess,intercept,24.05769230769231,0.8833155461854316,27.23567179541291,1.0202166568572556e-52,off_on_p3,48
mock,scale1,self,self,without_guess,conditionAC,5.383484162895925,1.1734160944961969,4.587873123733922,1.1243423302640504e-05,off_on_p3,48
mock,scale1,self,self,with_guess,intercept,19.911764705882355,0.6976847834454278,28.53977208382076,2.816272943939466e-54,off_on_p3,48
mock,scale1,self,self,with_guess,conditionAC,-1.1339869281045756,1.5250083589281158,-0.7435939098075647,0.45862566314175546,off_on_p3,48
mock,scale1,self,self,with_guess,guessAC,11.977124183006536,1.1858361083749978,10.100151360224057,1.3682831621564165e-17,off_on_p3,48
mock,scale1,self,self,with_guess,conditionAC:guessAC,0.31289464938517647,1.877658598986759,0.1666408630163246,0.867942765255826,off_on_p3,48
