study,scale,guesser,respondent,model_type,component,est,se,t,p,model_name,trial_id
mock,scale1,self,self,without_guess,intercept,24.961538461538456,0.8549369978999707,29.196933251049927,7.981137964117893e-56,off_on_p2,44
mock,scale1,self,self,without_guess,conditionAC,4.05316742081448,1.1357173973087629,3.568816882103781,0.0005195478313634513,off_on_p2,44
mock,scale1,self,self,with_guess,intercept,20.08,0.878392747377978,22.859933736861155,8.865513683457158e-45,off_on_p2,44
mock,scale1,self,self,with_guess,conditionAC,-2.079999999999998,1.7840241035130968,-1.1659035300610938,0.24604506992960426,off_on_p2,44
mock,scale1,self,self,with_guess,guessAC,9.401481481481483,1.2190135442629206,7.712368353680689,4.678057507363799e-12,off_on_p2,44
mock,scale1,self,self,with_guess,conditionAC:guessAC,3.0818518518518503,2.0539355626378644,1.5004618002201762,0.136211780664757,off_on_p2,44
