study,scale,guesser,respondent,model_type,component,est,se,t,p,model_name,trial_id
mock,scale1,self,self,without_guess,intercept,21.115384615384617,0.5656103516371672,37.332033535570616,3.430167862330699e-67,on_off_m3,24
mock,scale1,self,self,without_guess,conditionAC,5.164027149321267,0.7513694202381644,6.872820493126278,3.171693147810391e-10,on_off_m3,24
mock,scale1,self,self,with_guess,intercept,21.741935483870968,0.7310798374393481,29.739481750753008,4.193908373138146e-56,on_off_m3,24
mock,scale1,self,self,with_guess,conditionAC,5.633064516129034,1.61418057461454,3.4897362815025748,0.0006844183935103184,on_off_m3,24
mock,scale1,self,self,with_guess,guessAC,-1.5514592933947753,1.1504210801130472,-1.3486012384633284,0.1800921563847131,on_off_m3,24
mock,scale1,self,self,with_guess,conditionAC:guessAC,0.30979262672810914,1.9159114506733856,0.1616946475366731,0.871827618162085,on_off_m3,24
