study,scale,guesser,respondent,model_type,component,est,se,t,p,model_name,trial_id
mock,scale1,self,self,without_guess,intercept,23.5,0.719305028416462,32.67042363339911,5.907395323132827e-61,off_on_m1,32
mock,scale1,self,self,without_guess,conditionAC,2.441176470588236,0.9555408606141902,2.554758850416013,0.011898440727459568,off_on_m1,32
mock,scale1,self,self,with_guess,intercept,20.46428571428571,0.7781581003243517,26.29836495405727,1.0541030022212846e-50,off_on_m1,32
mock,scale1,self,self,with_guess,conditionAC,-1.5551948051948046,1.4652232574195823,-1.0614046680733638,0.2907108841125274,off_on_m1,32
mock,scale1,self,self,with_guess,guessAC,6.577380952380955,1.145417709710105,5.742342637644071,7.624286179485367e-08,off_on_m1,32
mock,scale1,self,self,with_guess,conditionAC:guessAC,1.8117737525632251,1.7750448564272,1.0206918129437883,0.30952447754916035,off_on_m1,32
