study,scale,guesser,respondent,model_type,component,est,se,t,p,model_name,trial_id
mock,scale1,self,self,without_guess,intercept,20.03846153846154,0.6048327458000428,33.13058308699152,1.33199301897099e-61,on_off_p3,14
mock,scale1,self,self,without_guess,conditionAC,12.520361990950224,0.8034733244139097,15.582797350594246,2.041637106310255e-30,on_off_p3,14
mock,scale1,self,self,with_guess,intercept,20.047619047619037,0.9593143055098636,20.897863122101548,3.9100800287263635e-41,on_off_p3,14
mock,scale1,self,self,with_guess,conditionAC,12.043290043290046,1.6362119771591037,7.360470532797578,2.858549133832227e-11,on_off_p3,14
mock,scale1,self,self,with_guess,guessAC,-0.01536098310291467,1.2424580827784346,-0.012363381361376654,0.9901569384647894,on_off_p3,14
mock,scale1,self,self,with_guess,conditionAC:guessAC,0.5735746992113672,1.9077892340623024,0.30064888142283963,0.764220434505265,on_off_p3,14
