study,scale,guesser,respondent,model_type,component,est,se,t,p,model_name,trial_id
mock,scale1,self,self,without_guess,intercept,26.769230769230766,0.9153826456936315,29.24376040464081,6.7581528633292515e-56,off_on_p3,31
mock,scale1,self,self,without_guess,conditionAC,2.1278280542986447,1.2160147454870327,1.7498373783670005,0.08274594021117855,off_on_p3,31
mock,scale1,self,self,with_guess,intercept,20.791666666666664,0.9773416944788713,21.273692490683104,7.559289113503749e-42,off_on_p3,31
mock,scale1,self,self,with_guess,conditionAC,0.2916666666666692,1.6928054711928637,0.17229780481577803,0.8635036561813578,off_on_p3,31
mock,scale1,self,self,with_guess,guessAC,11.101190476190478,1.3318922222037985,8.334901496625632,1.7975368315286606e-13,off_on_p3,31
mock,scale1,self,self,with_guess,conditionAC:guessAC,-1.6130952380952392,2.0232895292074997,-0.7972636712685757,0.4269268165365784,off_on_p3,31
