study,scale,guesser,respondent,model_type,component,est,se,t,p,model_name,trial_id
mock,scale1,self,self,without_guess,intercept,23.90384615384615,0.6808520985759928,35.10872068080751,2.6553581714437033e-64,off_on_m1,48
mock,scale1,self,self,without_guess,conditionAC,0.919683257918553,0.9044591300251674,1.0168323005296678,0.31131356099462937,off_on_m1,48
mock,scale1,self,self,with_guess,intercept,20.43333333333333,0.7026136705510934,29.081889792019695,4.1397330185638174e-55,off_on_m1,48
mock,scale1,self,self,with_guess,conditionAC,0.0666666666666697,1.3144698152329257,0.05071753333100029,0.9596378345254997,off_on_m1,48
mock,scale1,self,self,with_guess,guessAC,8.203030303030303,1.0802068497694524,7.593943979137949,8.627161344617187e-12,off_on_m1,48
mock,scale1,self,self,with_guess,conditionAC:guessAC,-2.953030303030304,1.6326284561792688,-1.8087583196614638,0.07307879295037353,off_on_m1,48
