study,scale,guesser,respondent,model_type,component,est,se,t,p,model_name,trial_id
mock,scale1,self,self,without_guess,intercept,26.057692307692296,0.9614524656689829,27.102423924370758,1.6814146271693985e-52,on_on_p2,49
mock,scale1,self,self,without_guess,conditionAC,14.677601809954753,1.2772149230035181,11.491880924346452,5.709844128222156e-21,on_on_p2,49
mock,scale1,self,self,with_guess,intercept,19.99999999999999,0.9792290769865065,20.42423011125065,3.179600093099613e-40,on_on_p2,49
mock,scale1,self,self,with_guess,conditionAC,13.000000000000004,1.742550913608221,7.46032721252402,1.7149629884150534e-11,on_on_p2,49
mock,scale1,self,self,with_guess,guessAC,12.115384615384622,1.3848390413444054,8.748586841993546,1.9967399871962596e-14,on_on_p2,49
mock,scale1,self,self,with_guess,conditionAC:guessAC,-2.7225274725274775,2.107266477625875,-1.2919711395944469,0.19893519500509416,on_on_p2,49
