study,scale,guesser,respondent,model_type,component,est,se,t,p,model_name,trial_id
mock,scale1,self,self,without_guess,intercept,23.32692307692308,0.6495551702155723,35.91215057095368,2.3068468801930224e-65,off_on_m2,25
mock,scale1,self,self,without_guess,conditionAC,1.5848416289592757,0.8628835915836619,1.8366806883540276,0.06877382770314773,off_on_m2,25
mock,scale1,self,self,with_guess,intercept,21.041666666666668,0.8779501783130961,23.96681176954298,9.5148352916575e-47,off_on_m2,25
mock,scale1,self,self,with_guess,conditionAC,-0.1325757575757569,1.566056949098012,-0.08465577043805168,0.9326809909837408,off_on_m2,25
mock,scale1,self,self,with_guess,guessAC,4.244047619047619,1.1964444171198,3.54721670168708,0.0005628404820002538,off_on_m2,25
mock,scale1,self,self,with_guess,conditionAC:guessAC,0.5310719981772614,1.8541205453747007,0.28642797767495565,0.7750612807737434,off_on_m2,25
