study,scale,guesser,respondent,model_type,component,est,se,t,p,model_name,trial_id
mock,scale1,self,self,without_guess,intercept,22.519230769230766,0.7905356007993891,28.48604255957522,1.0223777093685418e-54,on_on_m2=,9
mock,scale1,self,self,without_guess,conditionAC,11.20135746606335,1.0501651434259822,10.666281904502046,5.23150702599826e-19,on_on_m2=,9
mock,scale1,self,self,with_guess,intercept,19.384615384615376,1.0320456041147057,18.782712030679694,5.637794325045687e-37,on_on_m2=,9
mock,scale1,self,self,with_guess,conditionAC,11.059829059829065,2.03522137791328,5.434214272635416,3.0823506358169574e-07,on_on_m2=,9
mock,scale1,self,self,with_guess,guessAC,6.269230769230773,1.459532890326551,4.295367929549101,3.6422184562023906e-05,on_on_m2=,9
mock,scale1,self,self,with_guess,conditionAC:guessAC,-2.49333623062437,2.382565482168613,-1.0464922157585081,0.2975095393739498,on_on_m2=,9
