study,scale,guesser,respondent,model_type,component,est,se,t,p,model_name,trial_id
mock,scale1,self,self,without_guess,intercept,23.519230769230766,0.6583938538601198,35.72212989434677,4.094375876335872e-65,off_on_m2,35
mock,scale1,self,self,without_guess,conditionAC,1.4366515837104077,0.8746250962899486,1.642591311185222,0.10312980446169323,off_on_m2,35
mock,scale1,self,self,with_guess,intercept,20.645161290322573,0.6569875815498343,31.42397492753306,1.4157987912815967e-58,off_on_m2,35
mock,scale1,self,self,with_guess,conditionAC,-2.0451612903225787,1.330298461802415,-1.5373702586648108,0.1269259454101834,off_on_m2,35
mock,scale1,self,self,with_guess,guessAC,7.116743471582184,1.0338301297361698,6.883861542513134,3.1682898519079366e-10,off_on_m2,35
mock,scale1,self,self,with_guess,conditionAC:guessAC,0.33498066634885,1.6240585823995848,0.20626144277006817,0.8369482785023042,off_on_m2,35
