study,scale,guesser,respondent,model_type,component,est,se,t,p,model_name,trial_id
mock,scale1,self,self,without_guess,intercept,23.942307692307686,0.6946602738357731,34.466211174137136,1.9375420223522275e-63,off_on_m3,34
mock,scale1,self,self,without_guess,conditionAC,0.3518099547511332,0.9228022183534792,0.38124090704815844,0.7037100653466735,off_on_m3,34
mock,scale1,self,self,with_guess,intercept,21.076923076923073,0.8755226963582387,24.073531348294143,6.190508635069867e-47,off_on_m3,34
mock,scale1,self,self,with_guess,conditionAC,-1.4102564102564061,1.7265540411899467,-0.8168040945213929,0.4157147235469545,off_on_m3,34
mock,scale1,self,self,with_guess,guessAC,5.730769230769234,1.2381760713552823,4.628396044268931,9.673787613246714e-06,off_on_m3,34
mock,scale1,self,self,with_guess,conditionAC:guessAC,-0.39743589743590146,2.02121897218651,-0.19663178651344446,0.8444597815917234,off_on_m3,34
