study,scale,guesser,respondent,model_type,component,est,se,t,p,model_name,trial_id
mock,scale1,self,self,without_guess,intercept,18.75,0.6120240152142873,30.63605272651774,5.265459680598239e-58,on_off_p3,25
mock,scale1,self,self,without_guess,conditionAC,13.823529411764705,0.8130263672726861,17.0025597793784,1.612249772587273e-33,on_off_p3,25
mock,scale1,self,self,with_guess,intercept,18.23809523809524,0.9680873714119396,18.839307046734096,4.331571288137591e-37,on_off_p3,25
mock,scale1,self,self,with_guess,conditionAC,13.51190476190476,1.843183441831384,7.330743351556671,3.326693150979088e-11,on_off_p3,25
mock,scale1,self,self,with_guess,guessAC,0.8586789554531488,1.2538205388349912,0.6848499676444963,0.49480474539474917,on_off_p3,25
mock,scale1,self,self,with_guess,conditionAC:guessAC,0.07465437788018528,2.0881129257535678,0.035752078807348826,0.971541494897502,on_off_p3,25
