study,scale,guesser,respondent,model_type,component,est,se,t,p,model_name,trial_id
mock,scale1,self,self,without_guess,intercept,20.057692307692307,0.6093735026789361,32.91526825422242,2.6686136881809678e-61,on_off_p2,19
mock,scale1,self,self,without_guess,conditionAC,12.662895927601811,0.8095053672392595,15.642757219494918,1.5025680577775844e-30,on_off_p2,19
mock,scale1,self,self,with_guess,intercept,19.038461538461544,0.8549361944153304,22.268868323537845,1.0581703990335055e-43,on_off_p2,19
mock,scale1,self,self,with_guess,conditionAC,15.072649572649572,1.6859569118735531,8.940115531125757,7.170582484967336e-15,on_off_p2,19
mock,scale1,self,self,with_guess,guessAC,2.0384615384615374,1.2090623611058013,1.685985441311044,0.09448660864909719,on_off_p2,19
mock,scale1,self,self,with_guess,conditionAC:guessAC,-3.6410980733014626,1.973693273000141,-1.8448145530570506,0.06761549905197478,on_off_p2,19
