study,scale,guesser,respondent,model_type,component,est,se,t,p,model_name,trial_id
mock,scale1,self,self,without_guess,intercept,19.865384615384613,0.6153706846628606,32.281980780849416,2.104700468665576e-60,on_off_m1,12
mock,scale1,self,self,without_guess,conditionAC,8.487556561085974,0.8174721576936441,10.382685796947682,2.4720782751518215e-18,on_off_m1,12
mock,scale1,self,self,with_guess,intercept,19.11538461538461,0.8713414060746165,21.937881618066573,4.319351904602964e-43,on_off_m1,12
mock,scale1,self,self,with_guess,conditionAC,9.741758241758244,1.4728357933301808,6.614286728958069,1.2020523660014761e-09,on_off_m1,12
mock,scale1,self,self,with_guess,guessAC,1.5000000000000029,1.2322628339279653,1.217272775499199,0.22597104110396593,on_off_m1,12
mock,scale1,self,self,with_guess,conditionAC:guessAC,-2.134920634920638,1.814948792652761,-1.1762980000114496,0.24188415113000725,on_off_m1,12
