study,scale,guesser,respondent,model_type,component,est,se,t,p,model_name,trial_id
mock,scale1,self,self,without_guess,intercept,23.576923076923073,0.7438087712168584,31.69755989614324,1.4569372997013847e-59,on_on_m3,48
mock,scale1,self,self,without_guess,conditionAC,6.8054298642533935,0.9880921796774056,6.887444313621877,2.947688315845712e-10,on_on_m3,48
mock,scale1,self,self,with_guess,intercept,20.20833333333333,0.9492921886559204,21.287790603171207,7.109751343897742e-42,on_on_m3,48
mock,scale1,self,self,with_guess,conditionAC,4.791666666666667,1.6933143423075827,2.829756145652656,0.005491222926348167,on_on_m3,48
mock,scale1,self,self,with_guess,guessAC,6.255952380952382,1.293667189082533,4.835828282380026,4.108949895168841e-06,on_on_m3,48
mock,scale1,self,self,with_guess,conditionAC:guessAC,0.16510025062656455,2.0047859138573667,0.08235305799256072,0.9345078983778721,on_on_m3,48
