study,scale,guesser,respondent,model_type,component,est,se,t,p,model_name,trial_id
mock,scale1,self,self,without_guess,intercept,23.038461538461533,0.7797911649569874,29.544399287637884,2.334206825922224e-56,on_on_m2=,38
mock,scale1,self,self,without_guess,conditionAC,9.79977375565611,1.03589199494784,9.460227324325984,3.806354414434279e-16,on_on_m2=,38
mock,scale1,self,self,with_guess,intercept,19.761904761904756,1.1425932334288424,17.295660593578575,6.63444383161506e-34,on_on_m2=,38
mock,scale1,self,self,with_guess,conditionAC,9.238095238095243,2.011742980835243,4.592085234595791,1.1211640092659466e-05,on_on_m2=,38
mock,scale1,self,self,with_guess,guessAC,5.496159754224275,1.4798321989445358,3.7140425503272017,0.00031514872578125363,on_on_m2=,38
mock,scale1,self,self,with_guess,conditionAC:guessAC,-0.9961597542242729,2.324689631381169,-0.4285130112755844,0.6690723140241182,on_on_m2=,38
