study,scale,guesser,respondent,model_type,component,est,se,t,p,model_name,trial_id
mock,scale1,self,self,without_guess,intercept,24.807692307692303,0.8205064668528128,30.23460912239519,2.0972272148756038e-57,off_on_0,39
mock,scale1,self,self,without_guess,conditionAC,3.6481900452488696,1.0899791110901427,3.347027487159944,0.0010963489457288004,off_on_0,39
mock,scale1,self,self,with_guess,intercept,19.49999999999999,0.8547381721186428,22.814003909133092,1.0733583961070993e-44,off_on_0,39
mock,scale1,self,self,with_guess,conditionAC,2.277777777777781,1.6855664066382072,1.3513426518274736,0.17921528524706806,off_on_0,39
mock,scale1,self,self,with_guess,guessAC,10.61538461538462,1.2087823152881736,8.781882793225606,1.6715588909918294e-14,off_on_0,39
mock,scale1,self,self,with_guess,conditionAC:guessAC,-2.918586121975956,1.9732361216040135,-1.4790861012636856,0.14182780890534458,off_on_0,39
