study,scale,guesser,respondent,model_type,component,est,se,t,p,model_name,trial_id
mock,scale1,self,self,without_guess,intercept,26.326923076923077,0.8155519616874808,32.28111060201403,2.1107284296421764e-60,off_on_p3,2
mock,scale1,self,self,without_guess,conditionAC,3.7319004524886883,1.0833974358027878,3.444627363109258,0.000792519577665548,off_on_p3,2
mock,scale1,self,self,with_guess,intercept,21.499999999999996,0.8609487383228169,24.972450789443478,1.7421550314352012e-48,off_on_p3,2
mock,scale1,self,self,with_guess,conditionAC,-2.6428571428571415,1.8117952671554878,-1.4586952459625409,0.1473514431384749,off_on_p3,2
mock,scale1,self,self,with_guess,guessAC,8.964285714285715,1.1732753598522785,7.640393739637016,6.788255867539603e-12,off_on_p3,2
mock,scale1,self,self,with_guess,conditionAC:guessAC,3.522833723653395,2.051725366519554,1.717010366562537,0.08864611818341188,off_on_p3,2
