study,scale,guesser,respondent,model_type,component,est,se,t,p,model_name,trial_id
mock,scale1,self,self,without_guess,intercept,23.403846153846157,0.7021055273901022,33.333801317366024,6.936209094183592e-62,on_on_m3,4
mock,scale1,self,self,without_guess,conditionAC,9.360859728506787,0.9326926594149805,10.036381903528936,1.6439155901526396e-17,on_on_m3,4
mock,scale1,self,self,with_guess,intercept,20.75999999999999,0.8940465429411845,23.22026762913808,1.9948719796513403e-45,on_on_m3,4
mock,scale1,self,self,with_guess,conditionAC,5.615000000000006,1.815817112596548,3.092271771781451,0.0024883037403833,on_on_m3,4
mock,scale1,self,self,with_guess,guessAC,5.0918518518518585,1.2407375269206007,4.103891227090856,7.584230389568867e-05,on_on_m3,4
mock,scale1,self,self,with_guess,conditionAC:guessAC,2.149814814814808,2.0905386510553243,1.0283544931013644,0.30592262650488866,on_on_m3,4
