study,scale,guesser,respondent,model_type,component,est,se,t,p,model_name,trial_id
mock,scale1,self,self,without_guess,intercept,23.346153846153843,0.6725236844126111,34.71424782094419,8.963714191940646e-64,off_on_m3,32
mock,scale1,self,self,without_guess,conditionAC,0.7420814479638022,0.8933954786911168,0.830630404634463,0.4078599340820246,off_on_m3,32
mock,scale1,self,self,with_guess,intercept,20.28,0.8438200054062233,24.0335615060904,7.270713589064842e-47,off_on_m3,32
mock,scale1,self,self,with_guess,conditionAC,-0.8799999999999971,1.5786426781679115,-0.5574409029795635,0.5783003268860555,off_on_m3,32
mock,scale1,self,self,with_guess,guessAC,5.905185185185187,1.1710342766156423,5.042709084700337,1.711174522986221e-06,off_on_m3,32
mock,scale1,self,self,with_guess,conditionAC:guessAC,-0.40863346104725634,1.859653788345937,-0.21973630984868106,0.8264627387695764,off_on_m3,32
