study,scale,guesser,respondent,model_type,component,est,se,t,p,model_name,trial_id
mock,scale1,self,self,without_guess,intercept,19.826923076923077,0.5334258992182108,37.169029674002374,5.5225053070702016e-67,on_off_m3,38
mock,scale1,self,self,without_guess,conditionAC,7.364253393665158,0.7086148750203873,10.392462327936997,2.3432455180596466e-18,on_off_m3,38
mock,scale1,self,self,with_guess,intercept,19.21428571428571,0.7279289422714308,26.395826018854834,7.294321524792329e-51,on_off_m3,38
mock,scale1,self,self,with_guess,conditionAC,8.500000000000002,1.6276985977084397,5.222097022118684,7.871345581855952e-07,on_off_m3,38
mock,scale1,self,self,with_guess,guessAC,1.3273809523809543,1.0714823909700408,1.238826660678242,0.21791060432192624,on_off_m3,38
mock,scale1,self,self,with_guess,conditionAC:guessAC,-1.910519125683062,1.8737183755474442,-1.0196404916639972,0.31002085745287933,on_off_m3,38
