study,scale,guesser,respondent,model_type,component,est,se,t,p,model_name,trial_id
mock,scale1,self,self,without_guess,intercept,25.115384615384617,0.9537133659850106,26.334311241874065,3.1026295283584395e-51,off_on_p3,42
mock,scale1,self,self,without_guess,conditionAC,4.016968325791856,1.2669341301823114,3.17062128969074,0.0019383990193096706,off_on_p3,42
mock,scale1,self,self,with_guess,intercept,19.142857142857142,0.8424028709913131,22.72411194459776,1.5616312404157453e-44,off_on_p3,42
mock,scale1,self,self,with_guess,conditionAC,-0.3650793650793595,1.7080455396938685,-0.2137410019786664,0.8311242686644398,off_on_p3,42
mock,scale1,self,self,with_guess,guessAC,12.94047619047619,1.2399834516172177,10.436007168965759,2.210222234462084e-18,off_on_p3,42
mock,scale1,self,self,with_guess,conditionAC:guessAC,-1.0063895614743106,2.020424575796732,-0.49810795885684184,0.6193510118021556,off_on_p3,42
