study,scale,guesser,respondent,model_type,component,est,se,t,p,model_name,trial_id
mock,scale1,self,self,without_guess,intercept,20.269230769230766,0.6580242743206112,30.8031657193165,2.974289334941155e-58,on_off_p1,30
mock,scale1,self,self,without_guess,conditionAC,10.657239819004527,0.8741341385775786,12.19176708547999,1.2608702544676206e-22,on_off_p1,30
mock,scale1,self,self,with_guess,intercept,20.099999999999994,1.063044629363435,18.907954985893806,3.148046020261425e-37,on_off_p1,30
mock,scale1,self,self,with_guess,conditionAC,9.011111111111115,1.9082235088204373,4.722251386935961,6.5850655969903806e-06,on_off_p1,30
mock,scale1,self,self,with_guess,guessAC,0.27500000000000435,1.355121327236041,0.20293385874230555,0.8395422571560511,on_off_p1,30
mock,scale1,self,self,with_guess,conditionAC:guessAC,1.8172787193973583,2.175012503454545,0.8355256425013637,0.4051394696695636,on_off_p1,30
