study,scale,guesser,respondent,model_type,component,est,se,t,p,model_name,trial_id
mock,scale1,self,self,without_guess,intercept,23.153846153846146,0.9695090115093585,23.882032945521154,5.192782885969681e-47,on_on_p3,26
mock,scale1,self,self,without_guess,conditionAC,20.096153846153847,1.2879174183869273,15.603604361002894,1.8355016219256475e-30,on_on_p3,26
mock,scale1,self,self,with_guess,intercept,17.866666666666664,0.8224160202442776,21.724609232879278,1.076580589974777e-42,on_on_p3,26
mock,scale1,self,self,with_guess,conditionAC,14.33333333333333,1.6448320404885557,8.714162285576572,2.399287508753146e-14,on_on_p3,26
mock,scale1,self,self,with_guess,guessAC,12.4969696969697,1.2643924473191692,9.883774395731663,4.4225635256645834e-17,on_on_p3,26
mock,scale1,self,self,with_guess,conditionAC:guessAC,0.4582027168234073,1.9944017063325852,0.22974444685267317,0.8186949798802798,on_on_p3,26
