study,scale,guesser,respondent,model_type,component,est,se,t,p,model_name,trial_id
mock,scale1,self,self,without_guess,intercept,22.519230769230763,0.7610387569742738,29.59012345016747,1.9871721047287232e-56,off_on_m1,15
mock,scale1,self,self,without_guess,conditionAC,4.436651583710408,1.0109808774740219,4.388462415625079,2.4993733165416052e-05,off_on_m1,15
mock,scale1,self,self,with_guess,intercept,18.708333333333325,0.9530999208981392,19.628931786820225,1.1428085454233609e-38,off_on_m1,15
mock,scale1,self,self,with_guess,conditionAC,1.29166666666667,2.0057197936934985,0.6439915838333968,0.5208521836404578,off_on_m1,15
mock,scale1,self,self,with_guess,guessAC,7.077380952380954,1.298856253445893,5.448933193033882,2.886044559766392e-07,off_on_m1,15
mock,scale1,self,self,with_guess,conditionAC:guessAC,0.6767174082747823,2.271330681480444,0.2979387430427791,0.7662828870930299,off_on_m1,15
