study,scale,guesser,respondent,model_type,component,est,se,t,p,model_name,trial_id
mock,scale1,self,self,without_guess,intercept,20.519230769230766,0.6349261475717194,32.31750786718541,1.8728501353874475e-60,on_off_p3,3
mock,scale1,self,self,without_guess,conditionAC,12.554298642533933,0.8434500712622129,14.884459756754273,7.478639152096994e-29,on_off_p3,3
mock,scale1,self,self,with_guess,intercept,20.75,1.0321995687793437,20.102701674772533,1.3401270755163538e-39,on_off_p3,3
mock,scale1,self,self,with_guess,conditionAC,12.249999999999996,1.7327989560622894,7.069487176883804,1.250066631745272e-10,on_off_p3,3
mock,scale1,self,self,with_guess,guessAC,-0.37499999999999967,1.3158014357819832,-0.28499740903317716,0.7761543310272124,on_off_p3,3
mock,scale1,self,self,with_guess,conditionAC:guessAC,0.4627192982456139,2.010553870482591,0.23014518787031948,0.8183843165673581,on_off_p3,3
