study,scale,guesser,respondent,model_type,component,est,se,t,p,model_name,trial_id
mock,scale1,self,self,without_guess,intercept,22.55769230769231,0.7381243867832666,30.560827838243288,6.81459511118446e-58,on_on_m2=,36
mock,scale1,self,self,without_guess,conditionAC,10.67760180995475,0.9805409164731238,10.889501529788959,1.540743370237396e-19,on_on_m2=,36
mock,scale1,self,self,with_guess,intercept,20.290322580645157,0.8641837353318464,23.479176650846913,6.8940996256251745e-46,on_on_m2=,36
mock,scale1,self,self,with_guess,conditionAC,8.209677419354842,1.7498386972774442,4.691676685472891,7.467896082922966e-06,on_on_m2=,36
mock,scale1,self,self,with_guess,guessAC,5.614439324116747,1.3598722537592476,4.12865201756718,6.906375491056876e-05,on_on_m2=,36
mock,scale1,self,self,with_guess,conditionAC:guessAC,-0.06271518618571202,2.136242832512898,-0.029357704672525037,0.9766297546222822,on_on_m2=,36
