study,scale,guesser,respondent,model_type,component,est,se,t,p,model_name,trial_id
mock,scale1,self,self,without_guess,intercept,19.038461538461544,0.5774002934643098,32.97272577440827,2.2161456759956565e-61,on_off_m1,32
mock,scale1,self,self,without_guess,conditionAC,10.020361990950226,0.7670314422108183,13.063821689067256,1.134123039441436e-24,on_off_m1,32
mock,scale1,self,self,with_guess,intercept,18.896551724137932,0.7795624666951456,24.23994552257938,3.1749484732373744e-47,on_off_m1,32
mock,scale1,self,self,with_guess,conditionAC,10.180371352785146,1.401212136197482,7.2654033531367865,4.639527518058482e-11,on_off_m1,32
mock,scale1,self,self,with_guess,guessAC,0.3208395802098957,1.172164798714618,0.2737154200174963,0.784790102029478,on_off_m1,32
mock,scale1,self,self,with_guess,conditionAC:guessAC,-0.3432172025875186,1.7464481279652255,-0.196522986907947,0.8445447327563148,on_off_m1,32
