study,scale,guesser,respondent,model_type,component,est,se,t,p,model_name,trial_id
mock,scale1,self,self,without_guess,intercept,20.576923076923073,0.5893070978490637,34.917147870825985,4.787451918405704e-64,on_off_p2,36
mock,scale1,self,self,without_guess,conditionAC,11.187782805429865,0.7828487070143465,14.291117434552827,1.6626429047072304e-27,on_off_p2,36
mock,scale1,self,self,with_guess,intercept,20.466666666666665,0.7822269776278314,26.164613663330226,1.749894021081973e-50,on_off_p2,36
mock,scale1,self,self,with_guess,conditionAC,11.533333333333335,1.5101788222133785,7.637064673195205,6.90599292570478e-12,on_off_p2,36
mock,scale1,self,self,with_guess,guessAC,0.2606060606060623,1.2026053217058703,0.2167012368084303,0.8288218349680576,on_off_p2,36
mock,scale1,self,self,with_guess,conditionAC:guessAC,-0.541307814992028,1.8539315501689535,-0.2919783176151769,0.7708247405413111,on_off_p2,36
