study,scale,guesser,respondent,model_type,component,est,se,t,p,model_name,trial_id
mock,scale1,self,self,without_guess,intercept,19.82692307692308,0.6520666823190072,30.406281465586762,1.1593678502499355e-57,on_off_m3,16
mock,scale1,self,self,without_guess,conditionAC,7.820135746606335,0.8662199403396859,9.027887009319699,3.966697829652497e-15,on_off_m3,16
mock,scale1,self,self,with_guess,intercept,19.636363636363647,1.010829882697153,19.425982524348015,2.887085970237208e-38,on_off_m3,16
mock,scale1,self,self,with_guess,conditionAC,7.963636363636363,2.3489563809209226,3.390287034838072,0.0009549930384976524,on_off_m3,16
mock,scale1,self,self,with_guess,guessAC,0.3303030303030294,1.3308193803215635,0.2481952360982441,0.8044221912534113,on_off_m3,16
mock,scale1,self,self,with_guess,conditionAC:guessAC,-0.2795093795093787,2.573656986605,-0.10860397518555462,0.9137042461947138,on_off_m3,16
