study,scale,guesser,respondent,model_type,component,est,se,t,p,model_name,trial_id
mock,scale1,self,self,without_guess,intercept,22.82692307692307,0.6888429108723193,33.13806778967369,1.3002891475691137e-61,on_on_m3,21
mock,scale1,self,self,without_guess,conditionAC,7.467194570135749,0.9150743035009428,8.160205724898335,4.1227383174984303e-13,on_on_m3,21
mock,scale1,self,self,with_guess,intercept,20.36,0.9358100596259827,21.756551760233616,9.386225886934631e-43,on_on_m3,21
mock,scale1,self,self,with_guess,conditionAC,7.340000000000001,1.750740311108461,4.192512135253666,5.4156159832745646e-05,on_on_m3,21
mock,scale1,self,self,with_guess,guessAC,4.75111111111111,1.2986959887211884,3.658370513479045,0.0003832180205084753,on_on_m3,21
mock,scale1,self,self,with_guess,conditionAC:guessAC,-1.7097318007662845,2.0623861859235095,-0.82900661982503,0.4088032561289343,on_on_m3,21
