study,scale,guesser,respondent,model_type,component,est,se,t,p,model_name,trial_id
mock,scale1,self,self,without_guess,intercept,24.500000000000004,0.7353116609610529,33.31920504018457,7.268243183888919e-62,off_on_p1,40
mock,scale1,self,self,without_guess,conditionAC,2.926470588235295,0.9768044286874805,2.995963677363293,0.0033350689553348824,off_on_p1,40
mock,scale1,self,self,with_guess,intercept,20.730769230769226,0.8128151311597922,25.504900728396677,2.1908520237352483e-49,off_on_p1,40
mock,scale1,self,self,with_guess,conditionAC,0.35256410256410436,1.4464151266380327,0.24375028722465372,0.8078547877047235,off_on_p1,40
mock,scale1,self,self,with_guess,guessAC,7.53846153846154,1.1494941821882445,6.558068457650549,1.583094745655505e-09,off_on_p1,40
mock,scale1,self,self,with_guess,conditionAC:guessAC,0.1639194139194126,1.7491495285977001,0.09371377989097789,0.9254981975722705,off_on_p1,40
