study,scale,guesser,respondent,model_type,component,est,se,t,p,model_name,trial_id
mock,scale1,self,self,without_guess,intercept,24.44230769230769,0.7941132907316433,30.779371126993947,3.225806916105042e-58,on_on_m1,17
mock,scale1,self,self,without_guess,conditionAC,10.631221719457013,1.0549178266157593,10.07777236409268,1.3110124568151125e-17,on_on_m1,17
mock,scale1,self,self,with_guess,intercept,21.57142857142857,0.9388365214615942,22.976767603635462,5.4569490493042427e-45,on_on_m1,17
mock,scale1,self,self,with_guess,conditionAC,6.928571428571429,1.8301292996163976,3.7858371154560966,0.00024417894766922684,on_on_m1,17
mock,scale1,self,self,with_guess,guessAC,6.220238095238097,1.381929941687312,4.501124049489293,1.617352530950777e-05,on_on_m1,17
mock,scale1,self,self,with_guess,conditionAC:guessAC,1.4866584564860414,2.1916203632668467,0.6783375813637799,0.49890865024181685,on_on_m1,17
