study,scale,guesser,respondent,model_type,component,est,se,t,p,model_name,trial_id
mock,scale1,self,self,without_guess,intercept,22.211538461538463,0.737605565930774,30.113029900350654,3.1962409907944314e-57,off_on_m3,5
mock,scale1,self,self,without_guess,conditionAC,2.5090497737556547,0.9798517032682795,2.5606423557633873,0.011709475756599145,off_on_m3,5
mock,scale1,self,self,with_guess,intercept,19.481481481481485,0.8544902036694352,22.798952402054706,1.1428284645630187e-44,off_on_m3,5
mock,scale1,self,self,with_guess,conditionAC,-3.7671957671957683,1.8832046879750763,-2.0004175813976235,0.04779096110552303,off_on_m3,5
mock,scale1,self,self,with_guess,guessAC,5.678518518518517,1.2323632974847267,4.607828332853197,1.051786397176514e-05,off_on_m3,5
mock,scale1,self,self,with_guess,conditionAC:guessAC,4.361294127851505,2.1582883000118236,2.020718978010312,0.04561190065376882,off_on_m3,5
