study,scale,guesser,respondent,model_type,component,est,se,t,p,model_name,trial_id
mock,scale1,self,self,without_guess,intercept,21.61538461538461,0.7589230725777103,28.481654328899445,1.0387530964522027e-54,on_on_m3,6
mock,scale1,self,self,without_guess,conditionAC,8.516968325791858,1.0081703550819696,8.447945610441385,8.936459865123921e-14,on_on_m3,6
mock,scale1,self,self,with_guess,intercept,19.333333333333325,0.9626572597827577,20.0832987409208,1.4622702613206244e-39,on_on_m3,6
mock,scale1,self,self,with_guess,conditionAC,6.205128205128209,1.6886125390731959,3.674690351721495,0.0003619426053406867,on_on_m3,6
mock,scale1,self,self,with_guess,guessAC,4.746666666666671,1.3883640443377565,3.4188919585070425,0.0008683263286558375,on_on_m3,6
mock,scale1,self,self,with_guess,conditionAC:guessAC,0.9330536130536087,2.07537656813116,0.44958280216770835,0.6538502321140864,on_on_m3,6
