study,scale,guesser,respondent,model_type,component,est,se,t,p,model_name,trial_id
mock,scale1,self,self,without_guess,intercept,25.538461538461533,0.9330307924893081,27.37150986231163,6.141667608915816e-53,off_on_p3,39
mock,scale1,self,self,without_guess,conditionAC,4.7115384615384635,1.2394589377437046,3.8012864469034273,0.0002293215759359673,off_on_p3,39
mock,scale1,self,self,with_guess,intercept,19.666666666666664,0.8720596158553551,22.5519750130577,3.2102681115786673e-44,off_on_p3,39
mock,scale1,self,self,with_guess,conditionAC,-0.04166666666665908,1.8240435533520931,-0.02284302180728478,0.9818147383390475,off_on_p3,39
mock,scale1,self,self,with_guess,guessAC,12.213333333333333,1.2577022640911648,9.710830362668448,1.1281840038533695e-16,off_on_p3,39
mock,scale1,self,self,with_guess,conditionAC:guessAC,-0.1716666666666715,2.11912281006604,-0.08100836150280583,0.9355749050502173,off_on_p3,39
