study,scale,guesser,respondent,model_type,component,est,se,t,p,model_name,trial_id
mock,scale1,self,self,without_guess,intercept,23.711538461538456,0.6715187995554691,35.31031220158688,1.4321840613220554e-64,off_on_m1,4
mock,scale1,self,self,without_guess,conditionAC,2.8914027149321284,0.8920605672095085,3.2412627810428214,0.0015469100382888231,off_on_m1,4
mock,scale1,self,self,with_guess,intercept,20.33333333333333,0.7600816743375108,26.7515110807742,1.9187189847868598e-51,off_on_m1,4
mock,scale1,self,self,with_guess,conditionAC,-0.6666666666666644,1.7825495320328202,-0.3739961525256454,0.7090899007585463,off_on_m1,4
mock,scale1,self,self,with_guess,guessAC,7.026666666666668,1.096205380145767,6.409991041762907,3.254009107131606e-09,off_on_m1,4
mock,scale1,self,self,with_guess,conditionAC:guessAC,0.5808602150537614,2.013209991000767,0.28852440512925115,0.7734602856992974,off_on_m1,4
