study,scale,guesser,respondent,model_type,component,est,se,t,p,model_name,trial_id
mock,scale1,self,self,without_guess,intercept,24.01923076923077,0.6775959523256675,35.44771878697203,9.418219595825878e-65,off_on_0,48
mock,scale1,self,self,without_guess,conditionAC,2.58371040723982,0.9001335926419919,2.8703632753626533,0.004860582470136625,off_on_0,48
mock,scale1,self,self,with_guess,intercept,20.520000000000003,0.7857680982390606,26.114575083903492,2.1162742469028614e-50,off_on_0,48
mock,scale1,self,self,with_guess,conditionAC,-0.4088888888888854,1.5272586604453464,-0.2677273336067736,0.7893846700461422,off_on_0,48
mock,scale1,self,self,with_guess,guessAC,6.739259259259261,1.0904711557129443,6.180135278179979,9.815265160552932e-09,off_on_0,48
mock,scale1,self,self,with_guess,conditionAC:guessAC,0.7428499686126777,1.7792802960383047,0.41750025011050057,0.6770842706466169,off_on_0,48
