study,scale,guesser,respondent,model_type,component,est,se,t,p,model_name,trial_id
mock,scale1,self,self,without_guess,intercept,22.01923076923077,0.7597906540081931,28.98065493839745,1.7252259151018304e-55,on_on_m3,33
mock,scale1,self,self,without_guess,conditionAC,9.819004524886878,1.0093228696258503,9.728308770539126,8.839910039939358e-17,on_on_m3,33
mock,scale1,self,self,with_guess,intercept,19.25,0.9986392630316053,19.276229878607094,5.739750585657741e-38,on_on_m3,33
mock,scale1,self,self,with_guess,conditionAC,5.750000000000001,1.997278526063211,2.878917449402358,0.004752668997831248,on_on_m3,33
mock,scale1,self,self,with_guess,guessAC,5.142857142857143,1.3609159158285384,3.778967593105209,0.0002502491533469426,on_on_m3,33
mock,scale1,self,self,with_guess,conditionAC:guessAC,2.6071428571428563,2.289726056546433,1.1386265399255575,0.25720500794911977,on_on_m3,33
