study,scale,guesser,respondent,model_type,component,est,se,t,p,model_name,trial_id
mock,scale1,self,self,without_guess,intercept,26.115384615384613,0.7919141660144549,32.97754445638737,2.181908813004926e-61,off_on_p1,10
mock,scale1,self,self,without_guess,conditionAC,1.6346153846153857,1.0519964602387073,1.553822133816379,0.12290487878388939,off_on_p1,10
mock,scale1,self,self,with_guess,intercept,21.68,0.881463833249422,24.59545041125397,7.703950633142271e-48,off_on_p1,10
mock,scale1,self,self,with_guess,conditionAC,-0.5966666666666662,1.5477996237963727,-0.38549348216223833,0.7005778397390112,off_on_p1,10
mock,scale1,self,self,with_guess,guessAC,8.542222222222222,1.2232755276229377,6.983072929466203,1.929539455986048e-10,off_on_p1,10
mock,scale1,self,self,with_guess,conditionAC:guessAC,-0.4469841269841269,1.8606379550034664,-0.2402316505379974,0.8105747060168509,off_on_p1,10
