study,scale,guesser,respondent,model_type,component,est,se,t,p,model_name,trial_id
mock,scale1,self,self,without_guess,intercept,25.826923076923073,0.865131171824522,29.85318749115845,7.90055886591193e-57,off_on_p3,7
mock,scale1,self,self,without_guess,conditionAC,4.055429864253395,1.149259565568814,3.5287327473721763,0.0005960831162823467,off_on_p3,7
mock,scale1,self,self,with_guess,intercept,19.74999999999999,0.8623474988468371,22.902600200511298,7.424357361718341e-45,off_on_p3,7
mock,scale1,self,self,with_guess,conditionAC,-0.46428571428571097,1.8147388427535436,-0.25584161387169074,0.7985262652414483,off_on_p3,7
mock,scale1,self,self,with_guess,guessAC,11.285714285714286,1.175181549134075,9.603379404680148,2.0173102720794312e-16,off_on_p3,7
mock,scale1,self,self,with_guess,conditionAC:guessAC,0.5269320843091317,2.055058750170721,0.25640730916590954,0.7980905295721836,off_on_p3,7
