study,scale,guesser,respondent,model_type,component,est,se,t,p,model_name,trial_id
mock,scale1,self,self,without_guess,intercept,22.692307692307693,0.7327031699369895,30.970669465315908,1.681908595422433e-58,on_on_m2=,46
mock,scale1,self,self,without_guess,conditionAC,11.425339366515836,0.973339250967918,11.738290996848358,1.4877431306333646e-21,on_on_m2=,46
mock,scale1,self,self,with_guess,intercept,19.93103448275862,0.8692233449865556,22.929704543389704,6.63380897352602e-45,on_on_m2=,46
mock,scale1,self,self,with_guess,conditionAC,8.49753694581281,1.9712132610909674,4.310815634991138,3.429732935969826e-05,on_on_m2=,46
mock,scale1,self,self,with_guess,guessAC,6.2428785607196415,1.306980583010356,4.776565652062311,5.259826097193295e-06,on_on_m2=,46
mock,scale1,self,self,with_guess,conditionAC:guessAC,0.09904181398761933,2.279808385383851,0.04344304311826788,0.9654230592117805,on_on_m2=,46
