study,scale,guesser,respondent,model_type,component,est,se,t,p,model_name,trial_id
mock,scale1,self,self,without_guess,intercept,25.75,0.8588153183627598,29.98316337567155,5.0203972394164634e-57,off_on_p3,11
mock,scale1,self,self,without_guess,conditionAC,4.279411764705881,1.1408694448078742,3.751009183549961,0.00027450800552203944,off_on_p3,11
mock,scale1,self,self,with_guess,intercept,20.43999999999999,0.7750159370844185,26.37365120115403,7.931009739463913e-51,off_on_p3,11
mock,scale1,self,self,with_guess,conditionAC,-1.439999999999997,1.4499220529297216,-0.9931568370108752,0.3227007100790473,off_on_p3,11
mock,scale1,self,self,with_guess,guessAC,10.226666666666668,1.0755495501820116,9.508317552581417,3.371666318878765e-16,off_on_p3,11
mock,scale1,self,self,with_guess,conditionAC:guessAC,2.704367816091951,1.7080198551747745,1.5833351163328393,0.1160677543627526,off_on_p3,11
