study,scale,guesser,respondent,model_type,component,est,se,t,p,model_name,trial_id
mock,scale1,self,self,without_guess,intercept,22.846153846153847,0.6630054612815295,34.458470073525945,1.9848639109505156e-63,on_on_m2=,0
mock,scale1,self,self,without_guess,conditionAC,9.565610859728507,0.8807512585579498,10.860740494870527,1.8035479603568174e-19,on_on_m2=,0
mock,scale1,self,self,with_guess,intercept,20.39285714285713,0.7460505935704288,27.3344158138948,2.210606063866824e-52,on_on_m2=,0
mock,scale1,self,self,with_guess,conditionAC,5.698051948051949,1.4047668211067106,4.056226173937452,9.072648927748208e-05,on_on_m2=,0
mock,scale1,self,self,with_guess,guessAC,5.315476190476192,1.0981567394326628,4.840362035406994,4.03175613305902e-06,on_on_m2=,0
mock,scale1,self,self,with_guess,conditionAC:guessAC,2.2251936659831366,1.7018049008288492,1.3075492172453937,0.19361186259747482,on_on_m2=,0
