study,scale,guesser,respondent,model_type,component,est,se,t,p,model_name,trial_id
mock,scale1,self,self,without_guess,intercept,25.11538461538461,0.7997336318453677,31.404687279977725,3.8828154254727473e-59,off_on_p2,0
mock,scale1,self,self,without_guess,conditionAC,4.090497737556563,1.0623840132439504,3.8503005378124806,0.00019214133860601622,off_on_p2,0
mock,scale1,self,self,with_guess,intercept,20.26923076923076,0.7725099483810133,26.23814853350429,1.324001231370406e-50,off_on_p2,0
mock,scale1,self,self,with_guess,conditionAC,0.6398601398601445,1.4168001704501254,0.45162342100569997,0.652383555226969,off_on_p2,0
mock,scale1,self,self,with_guess,guessAC,9.692307692307697,1.0924940460685686,8.871725870897217,1.034085028950041e-14,off_on_p2,0
mock,scale1,self,self,with_guess,conditionAC:guessAC,0.2056189424610426,1.6959675585441079,0.12123990310142183,0.9037107851101402,off_on_p2,0
