study,scale,guesser,respondent,model_type,component,est,se,t,p,model_name,trial_id
mock,scale1,self,self,without_guess,intercept,25.442307692307683,0.8060474396715323,31.56428076078938,2.2739564741521807e-59,off_on_p1,34
mock,scale1,self,self,without_guess,conditionAC,1.4253393665158391,1.0707714165368865,1.3311331853867603,0.1857113386875539,off_on_p1,34
mock,scale1,self,self,with_guess,intercept,20.652173913043484,0.9422817529138513,21.91719605009864,4.718285218255694e-43,off_on_p1,34
mock,scale1,self,self,with_guess,conditionAC,-1.3521739130434742,1.7117398097215362,-0.7899412664027743,0.43117390428403624,off_on_p1,34
mock,scale1,self,self,with_guess,guessAC,8.589205397301352,1.26177946181476,6.807216044670667,4.638758131452691e-10,off_on_p1,34
mock,scale1,self,self,with_guess,conditionAC:guessAC,0.2832083958020951,1.9965825649745212,0.14184657362552355,0.8874472569415994,off_on_p1,34
