study,scale,guesser,respondent,model_type,component,est,se,t,p,model_name,trial_id
mock,scale1,self,self,without_guess,intercept,25.13461538461538,0.8098853522418411,31.034782040495397,1.3530607940504362e-58,off_on_p1,44
mock,scale1,self,self,without_guess,conditionAC,3.291855203619911,1.0758697852893868,3.059715263529285,0.0027427189922739383,off_on_p1,44
mock,scale1,self,self,with_guess,intercept,20.136363636363637,0.9092579196120949,22.145931536075217,1.7814903255877825e-43,off_on_p1,44
mock,scale1,self,self,with_guess,conditionAC,-2.0113636363636327,1.7607703900324225,-1.1423202296845734,0.2556732996485946,off_on_p1,44
mock,scale1,self,self,with_guess,guessAC,8.663636363636366,1.1970936770308938,7.2372250642276015,5.353501705625924e-11,off_on_p1,44
mock,scale1,self,self,with_guess,conditionAC:guessAC,3.0113636363636327,2.0024328521151404,1.5038524928228048,0.13533714629184188,off_on_p1,44
