study,scale,guesser,respondent,model_type,component,est,se,t,p,model_name,trial_id
mock,scale1,self,self,without_guess,intercept,22.769230769230774,0.8720247207674364,26.110762948546256,7.330828304897891e-51,on_on_p2,30
mock,scale1,self,self,without_guess,conditionAC,18.48076923076923,1.1584171099058802,15.95346708256991,3.089004091945153e-31,on_on_p2,30
mock,scale1,self,self,with_guess,intercept,18.999999999999996,0.8200859767711924,23.16830251726287,2.471339640942805e-45,on_on_p2,30
mock,scale1,self,self,with_guess,conditionAC,11.166666666666668,2.090817199190055,5.340814429397478,4.669366351295174e-07,on_on_p2,30
mock,scale1,self,self,with_guess,guessAC,10.315789473684209,1.3567013495090057,7.603581641175137,8.208852011198755e-12,on_on_p2,30
mock,scale1,self,self,with_guess,conditionAC:guessAC,1.840124504810413,2.428493252782013,0.7577227166278591,0.4501535420069054,on_on_p2,30
