study,scale,guesser,respondent,model_type,component,est,se,t,p,model_name,trial_id
mock,scale1,self,self,without_guess,intercept,24.92307692307692,0.7752666740016857,32.14774703836002,3.274215868178975e-60,on_on_m1,48
mock,scale1,self,self,without_guess,conditionAC,10.473981900452491,1.0298815601385798,10.170083926003223,7.913224385257158e-18,on_on_m1,48
mock,scale1,self,self,with_guess,intercept,18.388888888888882,0.9566240435846677,19.222691518375306,7.343191528749494e-38,on_on_m1,48
mock,scale1,self,self,with_guess,conditionAC,8.861111111111118,1.7245785202431085,5.1381314373914355,1.1343127384279172e-06,on_on_m1,48
mock,scale1,self,self,with_guess,guessAC,9.993464052287587,1.1830511047554186,8.447195570941641,9.921182225864357e-14,on_on_m1,48
mock,scale1,self,self,with_guess,conditionAC:guessAC,-0.7601307189542538,1.9321465514841083,-0.3934125588819269,0.694736937535382,on_on_m1,48
