study,scale,guesser,respondent,model_type,component,est,se,t,p,model_name,trial_id
mock,scale1,self,self,without_guess,intercept,23.634615384615383,0.7133158559878647,33.13345019070692,1.3197574625593363e-61,off_on_m2,34
mock,scale1,self,self,without_guess,conditionAC,1.7477375565610869,0.9475847102319419,1.8444129983200026,0.0676311174180595,off_on_m2,34
mock,scale1,self,self,with_guess,intercept,20.359999999999992,0.8866818271738918,22.96201340326679,5.801317596743904e-45,off_on_m2,34
mock,scale1,self,self,with_guess,conditionAC,-0.5822222222222182,1.7233996934281661,-0.33783354171548485,0.7360992376503277,off_on_m2,34
mock,scale1,self,self,with_guess,guessAC,6.30666666666667,1.2305169413149306,5.1252172602576,1.1995272855855356e-06,off_on_m2,34
mock,scale1,self,self,with_guess,conditionAC:guessAC,0.1528436911487718,2.007787676136686,0.07612542549462611,0.9394504499945544,off_on_m2,34
