study,scale,guesser,respondent,model_type,component,est,se,t,p,model_name,trial_id
mock,scale1,self,self,without_guess,intercept,19.192307692307693,0.6001356968481146,31.97994685719383,5.700527878709672e-60,on_off_p1,24
mock,scale1,self,self,without_guess,conditionAC,12.631221719457017,0.7972336597090026,15.843813875178734,5.391502218121784e-31,on_off_p1,24
mock,scale1,self,self,with_guess,intercept,18.68,0.8688945002242178,21.498582388517406,2.85097117894526e-42,on_off_p1,24
mock,scale1,self,self,with_guess,conditionAC,13.757500000000004,1.390909858539448,9.891007613136294,4.252582929580261e-17,on_off_p1,24
mock,scale1,self,self,with_guess,guessAC,0.9866666666666684,1.205832092159915,0.818245486317525,0.4148947016839031,on_off_p1,24
mock,scale1,self,self,with_guess,conditionAC:guessAC,-1.7895512820512849,1.7310845276285736,-1.0337746386670126,0.30339194483753995,on_off_p1,24
