study,scale,guesser,respondent,model_type,component,est,se,t,p,model_name,trial_id
mock,scale1,self,self,without_guess,intercept,19.673076923076923,0.6351306743726968,30.97484929775679,1.6582032043271566e-58,on_off_m2,8
mock,scale1,self,self,without_guess,conditionAC,8.268099547511312,0.8437217692313692,9.799556973673386,5.99303719046485e-17,on_off_m2,8
mock,scale1,self,self,with_guess,intercept,19.689655172413797,0.8575305461664476,22.960879073562488,5.828682038340476e-45,on_off_m2,8
mock,scale1,self,self,with_guess,conditionAC,8.583072100313478,1.635246589810096,5.248793762236339,7.003172673978557e-07,on_off_m2,8
mock,scale1,self,self,with_guess,guessAC,-0.03748125937031475,1.2893990706095777,-0.02906878112809176,0.9768596869907178,on_off_m2,8
mock,scale1,self,self,with_guess,conditionAC:guessAC,-0.3580530309008176,1.993828620602863,-0.17958064559859466,0.8577951138967765,on_off_m2,8
