study,scale,guesser,respondent,model_type,component,est,se,t,p,model_name,trial_id
mock,scale1,self,self,without_guess,intercept,22.44230769230768,0.8615308392821258,26.04933760816714,9.293019129114255e-51,on_on_0,9
mock,scale1,self,self,without_guess,conditionAC,15.9106334841629,1.1444768034301531,13.902102197682435,1.295540517610411e-26,on_on_0,9
mock,scale1,self,self,with_guess,intercept,18.620689655172402,0.9778037072021913,19.043382141035384,1.680216211813601e-37,on_on_0,9
mock,scale1,self,self,with_guess,conditionAC,13.25431034482759,2.102846384168341,6.303033091059366,5.4513765059212686e-09,on_on_0,9
mock,scale1,self,self,with_guess,guessAC,8.640179910044985,1.4702440594581294,5.876697718628698,4.095958938086542e-08,on_on_0,9
mock,scale1,self,self,with_guess,conditionAC:guessAC,-1.2985132433783169,2.46771057123311,-0.5262015969439449,0.5997527691230622,on_on_0,9
