study,scale,guesser,respondent,model_type,component,est,se,t,p,model_name,trial_id
mock,scale1,self,self,without_guess,intercept,22.307692307692307,0.6659053089418288,33.49979645475545,4.080229232635791e-62,off_on_m3,35
mock,scale1,self,self,without_guess,conditionAC,1.3246606334841637,0.8846034809385893,1.497462605594386,0.13694314843135852,off_on_m3,35
mock,scale1,self,self,with_guess,intercept,19.392857142857142,0.7603760205295524,25.504298688103393,2.1959567334592277e-49,off_on_m3,35
mock,scale1,self,self,with_guess,conditionAC,-0.7564935064935057,1.4317407082181142,-0.5283732607107375,0.5982497132515177,off_on_m3,35
mock,scale1,self,self,with_guess,guessAC,6.3154761904761925,1.1192431969678338,5.642630848760651,1.2034328378184177e-07,off_on_m3,35
mock,scale1,self,self,with_guess,conditionAC:guessAC,-0.3553485987696531,1.73448241896985,-0.20487298970761722,0.8380304140431717,off_on_m3,35
