study,scale,guesser,respondent,model_type,component,est,se,t,p,model_name,trial_id
mock,scale1,self,self,without_guess,intercept,19.596153846153847,0.5319912371318215,36.83548238840283,1.471430907532896e-66,on_off_p2,42
mock,scale1,self,self,without_guess,conditionAC,12.786199095022626,0.7067090378712478,18.092593146307102,7.920393706553191e-36,on_off_p2,42
mock,scale1,self,self,with_guess,intercept,20.0,0.7814188779027329,25.594467404829576,1.5503515029850024e-49,on_off_p2,42
mock,scale1,self,self,with_guess,conditionAC,10.800000000000004,1.4408652169184342,7.495496367868377,1.4317837065817048e-11,on_off_p2,42
mock,scale1,self,self,with_guess,guessAC,-0.7499999999999982,1.0648944290837985,-0.7042951672169743,0.48266050206800915,on_off_p2,42
mock,scale1,self,self,with_guess,conditionAC:guessAC,2.6051724137931025,1.6888296903531108,1.54259036815512,0.12565387846699086,on_off_p2,42
