study,scale,guesser,respondent,model_type,component,est,se,t,p,model_name,trial_id
mock,scale1,self,self,without_guess,intercept,23.730769230769234,0.7943191864149117,29.875608743477454,7.305358591373567e-57,off_on_m1,45
mock,scale1,self,self,without_guess,conditionAC,3.004524886877828,1.0551913430387156,2.8473744659669653,0.0052010283822686515,off_on_m1,45
mock,scale1,self,self,with_guess,intercept,20.59259259259259,0.8871871015317234,23.211104576520103,2.0716054781982073e-45,off_on_m1,45
mock,scale1,self,self,with_guess,conditionAC,-1.5092592592592569,1.5993992927514529,-0.9436413196499995,0.34731422816684043,off_on_m1,45
mock,scale1,self,self,with_guess,guessAC,6.5274074074074075,1.2795194342011624,5.101452336660005,1.3292146034287463e-06,off_on_m1,45
mock,scale1,self,self,with_guess,conditionAC:guessAC,2.7642592592592563,1.946186586488368,1.4203464757441322,0.15818907502853213,off_on_m1,45
