study,scale,guesser,respondent,model_type,component,est,se,t,p,model_name,trial_id
mock,scale1,self,self,without_guess,intercept,20.230769230769234,0.599467331018387,33.747909492250066,1.8534094999413277e-62,on_off_0,27
mock,scale1,self,self,without_guess,conditionAC,8.636877828054299,0.7963457876173129,10.84563761415259,1.9590496325176794e-19,on_off_0,27
mock,scale1,self,self,with_guess,intercept,19.962962962962965,0.8378132056779073,23.82746276577266,1.6710465807915818e-46,on_off_0,27
mock,scale1,self,self,with_guess,conditionAC,8.437037037037037,1.6115658783154598,5.23530384364809,7.429489969962367e-07,on_off_0,27
mock,scale1,self,self,with_guess,guessAC,0.5570370370370371,1.208311388933021,0.46100454083191195,0.6456585336363838,on_off_0,27
mock,scale1,self,self,with_guess,conditionAC:guessAC,-0.008761174968071895,1.9188514775373722,-0.004565843198722117,0.9963648397196061,on_off_0,27
