study,scale,guesser,respondent,model_type,component,est,se,t,p,model_name,trial_id
mock,scale1,self,self,without_guess,intercept,26.19230769230769,0.8681816265756591,30.16915687978467,2.630810846470785e-57,off_on_p2,32
mock,scale1,self,self,without_guess,conditionAC,2.3518099547511326,1.1533118577717243,2.0391795496622978,0.043665917513048755,off_on_p2,32
mock,scale1,self,self,with_guess,intercept,20.541666666666664,0.9110131263387969,22.548156632188213,3.262125432319785e-44,off_on_p2,32
mock,scale1,self,self,with_guess,conditionAC,-2.6845238095238044,1.9171516225606775,-1.4002668218480145,0.16410249324006912,off_on_p2,32
mock,scale1,self,self,with_guess,guessAC,10.494047619047617,1.241501620314267,8.452705536051745,9.635611248690171e-14,off_on_p2,32
mock,scale1,self,self,with_guess,conditionAC:guessAC,1.4193013270882093,2.1710337182011714,0.653744488254279,0.5145702922137083,off_on_p2,32
