study,scale,guesser,respondent,model_type,component,est,se,t,p,model_name,trial_id
mock,scale1,self,self,without_guess,intercept,22.884615384615383,0.6459845230342867,35.42594995484241,1.0063941829845918e-64,off_on_m3,43
mock,scale1,self,self,without_guess,conditionAC,1.2771493212669698,0.8581402641415242,1.488275722086783,0.13934581461522744,off_on_m3,43
mock,scale1,self,self,with_guess,intercept,20.296296296296294,0.8111507760189884,25.021607445051835,1.4368086015854892e-48,off_on_m3,43
mock,scale1,self,self,with_guess,conditionAC,0.9537037037037049,1.4623228575344343,0.652184091078018,0.5155726640942234,off_on_m3,43
mock,scale1,self,self,with_guess,guessAC,5.3837037037037065,1.1698582860275475,4.602013566946631,1.07691344141327e-05,off_on_m3,43
mock,scale1,self,self,with_guess,conditionAC:guessAC,-1.8479894179894194,1.779388763860807,-1.0385529320640234,0.3011726668297917,off_on_m3,43
