study,scale,guesser,respondent,model_type,component,est,se,t,p,model_name,trial_id
mock,scale1,self,self,without_guess,intercept,23.134615384615376,0.7393242850797045,31.2915669774344,5.68083124521112e-59,on_on_m1,0
mock,scale1,self,self,without_guess,conditionAC,12.041855203619914,0.9821348881618129,12.260897508852105,8.663345920980788e-23,on_on_m1,0
mock,scale1,self,self,with_guess,intercept,19.24999999999999,0.9332897884062105,20.625962310027447,1.2978615438051278e-40,on_on_m1,0
mock,scale1,self,self,with_guess,conditionAC,11.250000000000002,1.7209013391497063,6.537271919120362,1.7524109457696489e-09,on_on_m1,0
mock,scale1,self,self,with_guess,guessAC,7.214285714285719,1.2718595934897297,5.672234381226905,1.051372356902674e-07,on_on_m1,0
mock,scale1,self,self,with_guess,conditionAC:guessAC,-1.731527093596063,2.017058390749518,-0.858441729568694,0.3924189295048107,on_on_m1,0
