study,scale,guesser,respondent,model_type,component,est,se,t,p,model_name,trial_id
mock,scale1,self,self,without_guess,intercept,23.557692307692307,0.850432064774831,27.700851465342712,1.8080505609623216e-53,on_on_m1,47
mock,scale1,self,self,without_guess,conditionAC,10.91289592760181,1.1297329435577834,9.65971293466458,1.2848714307803087e-16,on_on_m1,47
mock,scale1,self,self,with_guess,intercept,19.840000000000003,1.0516525128361054,18.865547086932093,3.833845567515167e-37,on_on_m1,47
mock,scale1,self,self,with_guess,conditionAC,8.069090909090908,1.9025109790427885,4.241284806225252,4.4904452181299046e-05,on_on_m1,47
mock,scale1,self,self,with_guess,guessAC,7.160000000000001,1.4594595194826945,4.905925724159765,3.0610711460812588e-06,on_on_m1,47
mock,scale1,self,self,with_guess,conditionAC:guessAC,0.667751196172248,2.264657366408126,0.2948574941521237,0.7686297988359548,on_on_m1,47
