study,scale,guesser,respondent,model_type,component,est,se,t,p,model_name,trial_id
mock,scale1,self,self,without_guess,intercept,25.442307692307693,0.9192201356369682,27.678144446517802,1.9664245608967604e-53,on_on_p3,39
mock,scale1,self,self,without_guess,conditionAC,15.7341628959276,1.221112552812427,12.885104538225558,2.965186935035291e-24,on_on_p3,39
mock,scale1,self,self,with_guess,intercept,19.999999999999996,0.8869326180777272,22.54962732495568,3.242052883689817e-44,on_on_p3,39
mock,scale1,self,self,with_guess,conditionAC,11.83333333333333,1.5783081612491494,7.497479658197965,1.4172746544798367e-11,on_on_p3,39
mock,scale1,self,self,with_guess,guessAC,10.884615384615385,1.2543121373965986,8.677756564810947,2.913199144018295e-14,on_on_p3,39
mock,scale1,self,self,with_guess,conditionAC:guessAC,0.46062271062271104,1.9086477494518905,0.24133458400324984,0.8097218836334651,on_on_p3,39
