study,scale,guesser,respondent,model_type,component,est,se,t,p,model_name,trial_id
mock,scale1,self,self,without_guess,intercept,21.442307692307686,0.7391156657069218,29.010760679520097,1.5492862108219348e-55,on_on_m3,20
mock,scale1,self,self,without_guess,conditionAC,10.219457013574662,0.9818577535288904,10.408286716527886,2.1487847462048227e-18,on_on_m3,20
mock,scale1,self,self,with_guess,intercept,18.88461538461538,0.9744972256960032,19.37882929438578,3.583406526528631e-38,on_on_m3,20
mock,scale1,self,self,with_guess,conditionAC,8.740384615384619,2.0089774967079963,4.350663275077505,2.9352470639592744e-05,on_on_m3,20
mock,scale1,self,self,with_guess,guessAC,5.1153846153846185,1.3781471930742424,3.7117839379505573,0.00031767141601108783,on_on_m3,20
mock,scale1,self,self,with_guess,conditionAC:guessAC,-0.5403846153846182,2.3231763149662843,-0.2326059420903061,0.816477320419149,on_on_m3,20
