study,scale,guesser,respondent,model_type,component,est,se,t,p,model_name,trial_id
mock,scale1,self,self,without_guess,intercept,25.673076923076923,0.9036172696962306,28.41145005086883,1.3397517332108656e-54,off_on_p3,16
mock,scale1,self,self,without_guess,conditionAC,4.576923076923078,1.2003853573111212,3.812878130382601,0.00021995626275766658,off_on_p3,16
mock,scale1,self,self,with_guess,intercept,20.32142857142857,0.7950192665754715,25.56092591184952,1.764527246771663e-49,off_on_p3,16
mock,scale1,self,self,with_guess,conditionAC,1.2170329670329698,1.4118803883548685,0.8619943849854476,0.3904690709610912,off_on_p3,16
mock,scale1,self,self,with_guess,guessAC,11.595238095238098,1.1702366744196528,9.90845557031311,3.868928560937845e-17,off_on_p3,16
mock,scale1,self,self,with_guess,conditionAC:guessAC,-0.8246087246087285,1.7471629140912732,-0.4719701396807752,0.6378347194038527,off_on_p3,16
