study,scale,guesser,respondent,model_type,component,est,se,t,p,model_name,trial_id
mock,scale1,self,self,without_guess,intercept,24.269230769230763,0.6878830398477016,35.2810425077554,1.5662094729326437e-64,on_on_m1,18
mock,scale1,self,self,without_guess,conditionAC,11.069004524886878,0.9137991893995426,12.1131695598902,1.9324949914173254e-22,on_on_m1,18
mock,scale1,self,self,with_guess,intercept,21.307692307692314,0.8263262827418225,25.786051772420375,7.420319015265349e-50,on_on_m1,18
mock,scale1,self,self,with_guess,conditionAC,7.914529914529914,1.6295374051909177,4.856918220666829,3.7616408616644304e-06,on_on_m1,18
mock,scale1,self,self,with_guess,guessAC,5.923076923076922,1.1686018359988302,5.068515845702343,1.5317622931501946e-06,on_on_m1,18
mock,scale1,self,self,with_guess,conditionAC:guessAC,1.1258872953788215,1.9076448467199234,0.5901975398170758,0.556206218309446,on_on_m1,18
