study,scale,guesser,respondent,model_type,component,est,se,t,p,model_name,trial_id
mock,scale1,self,self,without_guess,intercept,24.576923076923077,0.8455848847781637,29.06499810881878,1.2766306761030547e-55,on_on_p1,29
mock,scale1,self,self,without_guess,conditionAC,14.849547511312219,1.1232938414208724,13.219646510772986,4.916228854860742e-25,on_on_p1,29
mock,scale1,self,self,with_guess,intercept,19.88888888888889,0.898498208657984,22.13570232777131,1.860554575474514e-43,on_on_p1,29
mock,scale1,self,self,with_guess,conditionAC,11.77777777777778,1.7969964173159683,6.5541464992842435,1.613740001937721e-09,on_on_p1,29
mock,scale1,self,self,with_guess,guessAC,9.751111111111111,1.2958325448915615,7.5249777832421305,1.230513131099378e-11,on_on_p1,29
mock,scale1,self,self,with_guess,conditionAC:guessAC,-0.8076082862523563,2.114360661454916,-0.3819633523150358,0.7031873860163731,on_on_p1,29
