study,scale,guesser,respondent,model_type,component,est,se,t,p,model_name,trial_id
mock,scale1,self,self,without_guess,intercept,22.923076923076916,0.7672634748293481,29.876408398269422,7.28498579574655e-57,on_on_m1,26
mock,scale1,self,self,without_guess,conditionAC,11.929864253393667,1.0192499316601336,11.704552419211398,1.7883058236057817e-21,on_on_m1,26
mock,scale1,self,self,with_guess,intercept,19.13333333333333,0.7741837301191091,24.714202312659868,4.815259414352419e-48,on_on_m1,26
mock,scale1,self,self,with_guess,conditionAC,10.097435897435899,1.408012763906004,7.171409348182572,7.473240163816869e-11,on_on_m1,26
mock,scale1,self,self,with_guess,guessAC,8.957575757575755,1.1902395346204886,7.525859708929854,1.2249458474411632e-11,on_on_m1,26
mock,scale1,self,self,with_guess,conditionAC:guessAC,-2.006526806526806,1.7682572001356787,-1.1347482743872581,0.258820186558676,on_on_m1,26
