study,scale,guesser,respondent,model_type,component,est,se,t,p,model_name,trial_id
mock,scale1,self,self,without_guess,intercept,22.480769230769223,0.7762793958906458,28.9596366331177,1.8598644706962914e-55,off_on_m2,17
mock,scale1,self,self,without_guess,conditionAC,2.592760180995477,1.031226882508243,2.5142480524645867,0.01327559448148747,off_on_m2,17
mock,scale1,self,self,with_guess,intercept,18.208333333333332,0.9488785978805954,19.189318184647924,8.563635640889665e-38,off_on_m2,17
mock,scale1,self,self,with_guess,conditionAC,1.191666666666667,1.7496456835467784,0.6810902789477872,0.49717175264331404,off_on_m2,17
mock,scale1,self,self,with_guess,guessAC,7.934523809523812,1.2931035598626377,6.136031216530462,1.2105834147347187e-08,off_on_m2,17
mock,scale1,self,self,with_guess,conditionAC:guessAC,-1.2827996715927767,2.0507494686362695,-0.6255272480679112,0.5328538053166028,off_on_m2,17
