study,scale,guesser,respondent,model_type,component,est,se,t,p,model_name,trial_id
mock,scale1,self,self,without_guess,intercept,23.38461538461538,0.7557711895605008,30.94139563353043,1.8577841955486076e-58,on_on_m1,34
mock,scale1,self,self,without_guess,conditionAC,11.92420814479638,1.003983323305687,11.876898617733081,6.989484385763145e-22,on_on_m1,34
mock,scale1,self,self,with_guess,intercept,20.66666666666666,1.0002749177383066,20.660986594960793,1.1114477353311625e-40,on_on_m1,34
mock,scale1,self,self,with_guess,conditionAC,8.083333333333336,2.0005498354766136,4.04055584619193,9.620297630757629e-05,on_on_m1,34
mock,scale1,self,self,with_guess,guessAC,5.047619047619052,1.3631449374638305,3.7029217575427373,0.0003277559255801956,on_on_m1,34
mock,scale1,self,self,with_guess,conditionAC:guessAC,2.3857142857142803,2.293476360925691,1.0402175171107324,0.30040212910600295,on_on_m1,34
