study,scale,guesser,respondent,model_type,component,est,se,t,p,model_name,trial_id
mock,scale1,self,self,without_guess,intercept,20.19230769230769,0.6525629656032295,30.94307945232827,1.847183160509408e-58,on_off_p1,29
mock,scale1,self,self,without_guess,conditionAC,11.351809954751133,0.8668792141356139,13.095030737437044,9.591432037652177e-25,on_off_p1,29
mock,scale1,self,self,with_guess,intercept,19.08,0.9332297221737887,20.445126796386866,2.897081707251776e-40,on_off_p1,29
mock,scale1,self,self,with_guess,conditionAC,11.010909090909093,1.6882760899953113,6.52198367089335,1.8881616695094335e-09,on_off_p1,29
mock,scale1,self,self,with_guess,guessAC,2.142222222222223,1.295115054893601,1.6540786968137093,0.1008151080702122,on_off_p1,29
mock,scale1,self,self,with_guess,conditionAC:guessAC,-0.4085699096225431,2.009642480834588,-0.2033047736196676,0.8392530268642094,on_off_p1,29
