study,scale,guesser,respondent,model_type,component,est,se,t,p,model_name,trial_id
mock,scale1,self,self,without_guess,intercept,23.961538461538463,0.911935940699947,26.275462334719514,3.888787854340614e-51,off_on_p3,45
mock,scale1,self,self,without_guess,conditionAC,5.509049773755657,1.2114360656143242,4.547536539587829,1.323896101485597e-05,off_on_p3,45
mock,scale1,self,self,with_guess,intercept,19.468750000000004,0.7968012063428138,24.433635196611156,1.465215769803997e-47,off_on_p3,45
mock,scale1,self,self,with_guess,conditionAC,0.9857954545454565,1.5753892155291958,0.6257472406362219,0.5327099825984662,off_on_p3,45
mock,scale1,self,self,with_guess,guessAC,11.681249999999995,1.2848033399381966,9.091858369983614,3.1774330008087113e-15,off_on_p3,45
mock,scale1,self,self,with_guess,conditionAC:guessAC,-0.9252691387559798,1.9631885614918194,-0.471309357086347,0.6383050354725912,off_on_p3,45
