study,scale,guesser,respondent,model_type,component,est,se,t,p,model_name,trial_id
mock,scale1,self,self,without_guess,intercept,22.596153846153843,0.6574715484187764,34.368261106503766,2.630236642337791e-63,off_on_m3,25
mock,scale1,self,self,without_guess,conditionAC,2.58031674208145,0.873399885148146,2.954336021745385,0.0037833065205931434,off_on_m3,25
mock,scale1,self,self,with_guess,intercept,20.499999999999996,0.7986792385877609,25.667375599055845,1.1707170215343049e-49,off_on_m3,25
mock,scale1,self,self,with_guess,conditionAC,-2.749999999999996,1.6465194308426132,-1.6701898249646965,0.09757806097435465,off_on_m3,25
mock,scale1,self,self,with_guess,guessAC,4.192307692307693,1.1295030111966284,3.7116392349111496,0.00031783368871398797,off_on_m3,25
mock,scale1,self,self,with_guess,conditionAC:guessAC,4.224358974358972,1.9040307570061894,2.218640092243657,0.028457641295190263,off_on_m3,25
