study,scale,guesser,respondent,model_type,component,est,se,t,p,model_name,trial_id
mock,scale1,self,self,without_guess,intercept,19.365384615384613,0.5836613108807133,33.17914731432737,1.1393404844682734e-61,on_off_p2,2
mock,scale1,self,self,without_guess,conditionAC,13.869909502262445,0.7753487175447072,17.888608297675678,2.1176146048533325e-35,on_off_p2,2
mock,scale1,self,self,with_guess,intercept,19.559999999999995,0.843921220996174,23.177518841049114,2.3791694530409035e-45,on_off_p2,2
mock,scale1,self,self,with_guess,conditionAC,12.349090909090913,1.5267109323615866,8.08868964473109,6.573746176422095e-13,on_off_p2,2
mock,scale1,self,self,with_guess,guessAC,-0.37481481481481127,1.1711747413171196,-0.32003321245921784,0.749518875014911,on_off_p2,2
mock,scale1,self,self,with_guess,conditionAC:guessAC,1.95695197589934,1.8173231047991367,1.0768321663503178,0.283789649377252,on_off_p2,2
