study,scale,guesser,respondent,model_type,component,est,se,t,p,model_name,trial_id
mock,scale1,self,self,without_guess,intercept,24.44230769230769,0.6791884512697867,35.987519585486496,1.8386274583207285e-65,off_on_m1,42
mock,scale1,self,self,without_guess,conditionAC,0.778280542986427,0.9022491037971702,0.8626005165435865,0.3901068856172416,off_on_m1,42
mock,scale1,self,self,with_guess,intercept,20.624999999999996,0.8405525621164621,24.537430411332583,9.697825804296978e-48,off_on_m1,42
mock,scale1,self,self,with_guess,conditionAC,0.5568181818181852,1.4993483838842432,0.3713734498287052,0.7110368328436374,off_on_m1,42
mock,scale1,self,self,with_guess,guessAC,7.089285714285718,1.1454800569347792,6.188921117715596,9.41282374104637e-09,off_on_m1,42
mock,scale1,self,self,with_guess,conditionAC:guessAC,-2.2711038961038996,1.7751414754331158,-1.2793931793801248,0.20331180031518611,off_on_m1,42
