study,scale,guesser,respondent,model_type,component,est,se,t,p,model_name,trial_id
mock,scale1,self,self,without_guess,intercept,19.76923076923076,0.5895828008224501,33.53088105971423,3.695177524757469e-62,on_off_m3,0
mock,scale1,self,self,without_guess,conditionAC,8.010180995475114,0.7832149570001745,10.227308510750682,5.78612805823921e-18,on_off_m3,0
mock,scale1,self,self,with_guess,intercept,20.608695652173903,0.8868418541536044,23.238298413241555,1.8521304064680183e-45,on_off_m3,0
mock,scale1,self,self,with_guess,conditionAC,6.391304347826089,1.7457499356521786,3.661065206018994,0.0003796253179707063,on_off_m3,0
mock,scale1,self,self,with_guess,guessAC,-1.505247376311841,1.1875416604305655,-1.2675322697867166,0.2075035810671329,on_off_m3,0
mock,scale1,self,self,with_guess,conditionAC:guessAC,2.3885807096451748,1.993212684909122,1.1983571686701757,0.23322058873274737,on_off_m3,0
