study,scale,guesser,respondent,model_type,component,est,se,t,p,model_name,trial_id
mock,scale1,self,self,without_guess,intercept,20.288461538461533,0.5685789330454625,35.682752841001424,4.612748407847372e-65,on_off_m3,25
mock,scale1,self,self,without_guess,conditionAC,7.1968325791855206,0.7553129500643503,9.528279077662276,2.6286436667323526e-16,on_off_m3,25
mock,scale1,self,self,with_guess,intercept,20.281249999999996,0.7247590739223667,27.983437158280328,2.0734364744064233e-53,on_off_m3,25
mock,scale1,self,self,with_guess,conditionAC,8.809659090909092,1.4329516820824035,6.147910778196415,1.1441639469551508e-08,on_off_m3,25
mock,scale1,self,self,with_guess,guessAC,0.018750000000001918,1.1686388918760566,0.016044306013042138,0.9872266080890834,on_off_m3,25
mock,scale1,self,self,with_guess,conditionAC:guessAC,-1.9342204944178647,1.7856884658751828,-1.0831791386802092,0.2809752870243614,on_off_m3,25
