study,scale,guesser,respondent,model_type,component,est,se,t,p,model_name,trial_id
mock,scale1,self,self,without_guess,intercept,20.461538461538463,0.6025042511772624,33.9608200631907,9.451779086610452e-63,on_off_m3,17
mock,scale1,self,self,without_guess,conditionAC,7.229638009049773,0.8003801001656581,9.03275582133217,3.8637105861098576e-15,on_off_m3,17
mock,scale1,self,self,with_guess,intercept,20.538461538461533,0.8532071534912244,24.072069080082763,6.227022043147255e-47,on_off_m3,17
mock,scale1,self,self,with_guess,conditionAC,4.961538461538465,1.9703975189706917,2.518039336615844,0.013164491361830875,on_off_m3,17
mock,scale1,self,self,with_guess,guessAC,-0.15384615384614964,1.206617127981033,-0.12750204706904175,0.8987638200439264,on_off_m3,17
mock,scale1,self,self,with_guess,conditionAC:guessAC,2.557071960297763,2.2171385621980884,1.1533207729528019,0.2511496464676046,on_off_m3,17
