study,scale,guesser,respondent,model_type,component,est,se,t,p,model_name,trial_id
mock,scale1,self,self,without_guess,intercept,19.57692307692308,0.6180563300435042,31.67498191555628,1.5708990924049789e-59,on_off_m2,12
mock,scale1,self,self,without_guess,conditionAC,9.084841628959275,0.8210398289832141,11.06504375093478,5.893282177607112e-20,on_off_m2,12
mock,scale1,self,self,with_guess,intercept,19.85,0.9887290613239827,20.076278503859648,1.5091720954577314e-39,on_off_m2,12
mock,scale1,self,self,with_guess,conditionAC,6.149999999999999,1.7748229816110155,3.465134305629519,0.0007436728629402719,on_off_m2,12
mock,scale1,self,self,with_guess,guessAC,-0.44375000000000014,1.2603871943368166,-0.3520743482589015,0.7254213095833353,on_off_m2,12
mock,scale1,self,self,with_guess,conditionAC:guessAC,3.5115466101694923,2.022961229949758,1.7358447399689934,0.08524661599642061,on_off_m2,12
