study,scale,guesser,respondent,model_type,component,est,se,t,p,model_name,trial_id
mock,scale1,self,self,without_guess,intercept,23.19230769230769,0.684497809108264,33.88222341065151,1.211437100586298e-62,off_on_m3,6
mock,scale1,self,self,without_guess,conditionAC,2.263574660633486,0.9093021732987919,2.489353624243112,0.01419107138124902,off_on_m3,6
mock,scale1,self,self,with_guess,intercept,20.69230769230769,0.8905908469511489,23.23435926064791,1.8824105377960782e-45,off_on_m3,6
mock,scale1,self,self,with_guess,conditionAC,0.8632478632478665,1.7562688348870852,0.49152376111221424,0.6239848153939277,off_on_m3,6
mock,scale1,self,self,with_guess,guessAC,5.000000000000003,1.259485654283656,3.969874514246689,0.000125081123372382,off_on_m3,6
mock,scale1,self,self,with_guess,conditionAC:guessAC,-0.5047080979284391,2.056005085648601,-0.24547998516707,0.8065185850399778,off_on_m3,6
