study,scale,guesser,respondent,model_type,component,est,se,t,p,model_name,trial_id
mock,scale1,self,self,without_guess,intercept,24.480769230769226,0.7134464916948211,34.3133921264567,3.122409744184941e-63,off_on_0,27
mock,scale1,self,self,without_guess,conditionAC,3.1221719457013584,0.9477582496219374,3.2942703974845893,0.0013030184983000893,off_on_0,27
mock,scale1,self,self,with_guess,intercept,19.87499999999999,0.7720051476941728,25.744646987604547,8.698406419595214e-50,off_on_0,27
mock,scale1,self,self,with_guess,conditionAC,2.048076923076928,1.3024149781331706,1.572522550387557,0.11855305593292759,off_on_0,27
mock,scale1,self,self,with_guess,guessAC,8.553571428571432,1.0520656772587866,8.130263740623324,5.284578732837275e-13,off_on_0,27
mock,scale1,self,self,with_guess,conditionAC:guessAC,-1.5311938061938115,1.5707336598440151,-0.9748271430981302,0.3316745052879747,off_on_0,27
