study,scale,guesser,respondent,model_type,component,est,se,t,p,model_name,trial_id
mock,scale1,self,self,without_guess,intercept,22.55769230769231,0.7079540106300334,31.863217057867107,8.395096760353561e-60,off_on_m2,13
mock,scale1,self,self,without_guess,conditionAC,2.295248868778281,0.9404619151376526,2.4405548293173913,0.016150768648649977,off_on_m2,13
mock,scale1,self,self,with_guess,intercept,19.681818181818187,1.0116814637908313,19.454560438489434,2.5330750585716237e-38,off_on_m2,13
mock,scale1,self,self,with_guess,conditionAC,1.6181818181818182,1.8097508196902328,0.8941461998944116,0.3730951094375454,off_on_m2,13
mock,scale1,self,self,with_guess,guessAC,4.984848484848485,1.3319405389287455,3.7425458112850176,0.0002849021429689837,off_on_m2,13
mock,scale1,self,self,with_guess,conditionAC:guessAC,-0.8193312434691749,2.100949344647955,-0.389981436514104,0.6972654142893575,off_on_m2,13
