study,scale,guesser,respondent,model_type,component,est,se,t,p,model_name,trial_id
mock,scale1,self,self,without_guess,intercept,23.576923076923066,0.7525092189054097,31.331075400269192,4.973223301220114e-59,on_on_0,27
mock,scale1,self,self,without_guess,conditionAC,13.393665158371041,0.9996500486531715,13.39835393037426,1.8896161970541527e-25,on_on_0,27
mock,scale1,self,self,with_guess,intercept,20.068965517241377,0.8047471868666413,24.938223885418946,1.9926190858053177e-48,on_on_0,27
mock,scale1,self,self,with_guess,conditionAC,9.556034482758623,1.7306742647910958,5.521567331973993,2.0829117999754169e-07,on_on_0,27
mock,scale1,self,self,with_guess,guessAC,7.931034482758624,1.210033018019293,6.554395098855203,1.6117802431405966e-09,on_on_0,27
mock,scale1,self,self,with_guess,conditionAC:guessAC,0.3939655172413763,2.030962989374588,0.19397966349091053,0.8465310895286083,on_on_0,27
