study,scale,guesser,respondent,model_type,component,est,se,t,p,model_name,trial_id
mock,scale1,self,self,without_guess,intercept,23.423076923076916,0.6740379124612288,34.75038494132811,8.01456227209819e-64,off_on_m1,10
mock,scale1,self,self,without_guess,conditionAC,1.6945701357466072,0.895407013041054,1.892513807761423,0.06087268595020412,off_on_m1,10
mock,scale1,self,self,with_guess,intercept,19.54166666666666,0.823883701475219,23.718962557064785,2.594707745163298e-46,off_on_m1,10
mock,scale1,self,self,with_guess,conditionAC,0.9027777777777791,1.5776171788620106,0.5722413459195366,0.5682658450669168,off_on_m1,10
mock,scale1,self,self,with_guess,guessAC,7.208333333333336,1.1227642289224395,6.420166538660974,3.097521668042645e-09,off_on_m1,10
mock,scale1,self,self,with_guess,conditionAC:guessAC,-1.8222693032015085,1.829427995979931,-0.9960869229102466,0.3212812165453574,off_on_m1,10
