study,scale,guesser,respondent,model_type,component,est,se,t,p,model_name,trial_id
mock,scale1,self,self,without_guess,intercept,21.500000000000004,0.7025076832453789,30.60464748325075,5.86367782522639e-58,off_on_m2,39
mock,scale1,self,self,without_guess,conditionAC,4.838235294117648,0.9332268922325908,5.184414781000332,9.079934441772921e-07,off_on_m2,39
mock,scale1,self,self,with_guess,intercept,18.66666666666667,0.8776604728646635,21.268665097493912,7.726424021866278e-42,off_on_m2,39
mock,scale1,self,self,with_guess,conditionAC,2.666666666666668,2.058296256849251,1.2955698956323631,0.19769590511864155,off_on_m2,39
mock,scale1,self,self,with_guess,guessAC,5.8933333333333335,1.2657799349446062,4.655890941730911,8.647185618577566e-06,off_on_m2,39
mock,scale1,self,self,with_guess,conditionAC:guessAC,-0.40408602150537654,2.324638117630774,-0.17382749531665304,0.8623040223787852,off_on_m2,39
