study,scale,guesser,respondent,model_type,component,est,se,t,p,model_name,trial_id
mock,scale1,self,self,without_guess,intercept,20.403846153846157,0.5023296532727737,40.61843855108135,3.322542408770845e-71,on_off_m3,26
mock,scale1,self,self,without_guess,conditionAC,6.463800904977375,0.667305927579845,9.68641313950259,1.110849905377505e-16,on_off_m3,26
mock,scale1,self,self,with_guess,intercept,20.19354838709678,0.6467851527475985,31.221416109063206,2.7709878546288102e-58,on_off_m3,26
mock,scale1,self,self,with_guess,conditionAC,4.695340501792113,1.363542826308216,3.443485903926258,0.00079977336511136,on_off_m3,26
mock,scale1,self,self,with_guess,guessAC,0.5207373271889404,1.0177756736270334,0.5116425364473449,0.609873817077135,on_off_m3,26
mock,scale1,self,self,with_guess,conditionAC:guessAC,1.7598653093459005,1.642128612153809,1.071697610236307,0.2860805069109542,on_off_m3,26
