study,scale,guesser,respondent,model_type,component,est,se,t,p,model_name,trial_id
mock,scale1,self,self,without_guess,intercept,20.134615384615387,0.5951202232148465,33.832853596955516,1.4161551611629379e-62,on_off_p1,10
mock,scale1,self,self,without_guess,conditionAC,11.07126696832579,0.7905709925475184,14.004140137560558,7.54998104641031e-27,on_off_p1,10
mock,scale1,self,self,with_guess,intercept,19.875000000000004,0.8826785948611517,22.516689671313948,3.7228923394095813e-44,on_off_p1,10
mock,scale1,self,self,with_guess,conditionAC,11.025000000000002,1.6275789093646416,6.773865117423913,5.472980643340061e-10,on_off_p1,10
mock,scale1,self,self,with_guess,guessAC,0.48214285714285776,1.2028881626995414,0.40082101735944003,0.6892892165872331,on_off_p1,10
mock,scale1,self,self,with_guess,conditionAC:guessAC,-0.12352216748768631,1.9076757168211538,-0.06475008640017543,0.9484844369696752,on_off_p1,10
