study,scale,guesser,respondent,model_type,component,est,se,t,p,model_name,trial_id
mock,scale1,self,self,without_guess,intercept,20.730769230769234,0.6492832116293343,31.92870054155059,6.755512470260182e-60,on_off_m2,36
mock,scale1,self,self,without_guess,conditionAC,7.960407239819003,0.8625223157253277,9.22921887896291,1.3342198396009869e-15,on_off_m2,36
mock,scale1,self,self,with_guess,intercept,22.333333333333336,0.88309446538548,25.289857663850945,5.043167618211659e-49,on_off_m2,36
mock,scale1,self,self,with_guess,conditionAC,6.33333333333333,1.7661889307709604,3.585875340396773,0.0004928618909215517,on_off_m2,36
mock,scale1,self,self,with_guess,guessAC,-3.333333333333333,1.2736169504103227,-2.6172180986280287,0.010045973010586864,on_off_m2,36
mock,scale1,self,self,with_guess,conditionAC:guessAC,3.361581920903956,2.0781123211680956,1.6176131995668208,0.10846209955937582,on_off_m2,36
