study,scale,guesser,respondent,model_type,component,est,se,t,p,model_name,trial_id
mock,scale1,self,self,without_guess,intercept,22.48076923076923,0.6954007245452718,32.3277909229525,1.8106740271214517e-60,on_on_m3,44
mock,scale1,self,self,without_guess,conditionAC,8.122171945701357,0.9237858496089904,8.79226711378965,1.4127269857735593e-14,on_on_m3,44
mock,scale1,self,self,with_guess,intercept,19.838709677419356,0.8033120676576946,24.69614297624741,5.171472836938405e-48,on_on_m3,44
mock,scale1,self,self,with_guess,conditionAC,7.494623655913975,1.6935305371317317,4.425443469479644,2.1862067071065395e-05,on_on_m3,44
mock,scale1,self,self,with_guess,guessAC,6.542242703533026,1.2640851097460055,5.1754764399112085,9.645708146053296e-07,on_on_m3,44
mock,scale1,self,self,with_guess,conditionAC:guessAC,-2.7738811216121224,2.03953619712096,-1.360054862241609,0.17644993784833746,on_on_m3,44
