study,scale,guesser,respondent,model_type,component,est,se,t,p,model_name,trial_id
mock,scale1,self,self,without_guess,intercept,21.59615384615384,0.7449859038163636,28.988674464204646,1.6764812232265352e-55,on_on_m3,24
mock,scale1,self,self,without_guess,conditionAC,10.418552036199099,0.9896559089059701,10.52744892688656,1.1189898398698153e-18,on_on_m3,24
mock,scale1,self,self,with_guess,intercept,19.428571428571427,0.9597768682137275,20.242800250781812,7.148711172700424e-40,on_on_m3,24
mock,scale1,self,self,with_guess,conditionAC,8.821428571428571,2.0359941958197427,4.33273758321145,3.148552696566916e-05,on_on_m3,24
mock,scale1,self,self,with_guess,guessAC,4.696428571428572,1.4127532975161161,3.32430904934766,0.0011867980723306588,on_on_m3,24
mock,scale1,self,self,with_guess,conditionAC:guessAC,-0.42976190476190373,2.3769418809575455,-0.1808045489899716,0.856836506480602,on_on_m3,24
