study,scale,guesser,respondent,model_type,component,est,se,t,p,model_name,trial_id
mock,scale1,self,self,without_guess,intercept,20.826923076923073,0.5805345586525171,35.87542337748952,2.576869066251743e-65,on_off_p3,37
mock,scale1,self,self,without_guess,conditionAC,11.981900452488686,0.7711950700696781,15.5367959644842,2.5837491519590807e-30,on_off_p3,37
mock,scale1,self,self,with_guess,intercept,21.19354838709678,0.7562169776502311,28.025750562954585,1.779496830789901e-53,on_off_p3,37
mock,scale1,self,self,with_guess,conditionAC,11.877880184331797,1.3557782498279163,8.760931358678612,1.86941493342184e-14,on_off_p3,37
mock,scale1,self,self,with_guess,guessAC,-0.9078341013824878,1.1899766724183218,-0.762900754632062,0.447071246560239,on_off_p3,37
mock,scale1,self,self,with_guess,conditionAC:guessAC,0.5771462706946576,1.7351101953326153,0.3326280211177138,0.7400154518128247,on_off_p3,37
