study,scale,guesser,respondent,model_type,component,est,se,t,p,model_name,trial_id
mock,scale1,self,self,without_guess,intercept,19.65384615384615,0.6012330661993315,32.68923028150643,5.5566668524321e-61,on_off_0,22
mock,scale1,self,self,without_guess,conditionAC,10.449095022624435,0.7986914296575623,13.082768431738986,1.0244105031219065e-24,on_off_0,22
mock,scale1,self,self,with_guess,intercept,19.11111111111111,0.8333377812890499,22.933210926245366,6.537929006769568e-45,on_off_0,22
mock,scale1,self,self,with_guess,conditionAC,9.48888888888889,1.6029572276195947,5.919614525822359,3.3536072649272333e-08,on_off_0,22
mock,scale1,self,self,with_guess,guessAC,1.1288888888888897,1.2018568400876257,0.9392873187846432,0.3495349885724618,on_off_0,22
mock,scale1,self,self,with_guess,conditionAC:guessAC,0.6331800766283523,1.9086013708990817,0.33175082355205543,0.7406760604685318,on_off_0,22
