study,scale,guesser,respondent,model_type,component,est,se,t,p,model_name,trial_id
mock,scale1,self,self,without_guess,intercept,25.076923076923073,0.8773832445180589,28.581493017566878,7.239390678310057e-55,on_on_p2,42
mock,scale1,self,self,without_guess,conditionAC,13.790723981900452,1.1655354925029875,11.832092690961193,8.921939251099284e-22,on_on_p2,42
mock,scale1,self,self,with_guess,intercept,20.115384615384617,0.8635581595110963,23.29360726181193,1.475255137387848e-45,on_on_p2,42
mock,scale1,self,self,with_guess,conditionAC,11.197115384615383,1.3991241274464372,8.002946389789882,1.0302606933019374e-12,on_on_p2,42
mock,scale1,self,self,with_guess,guessAC,9.923076923076923,1.2212556610785412,8.125306796378283,5.424005894063875e-13,on_on_p2,42
mock,scale1,self,self,with_guess,conditionAC:guessAC,-0.04326923076922926,1.7538949131262236,-0.024670366762227607,0.9803602810872625,on_on_p2,42
