study,scale,guesser,respondent,model_type,component,est,se,t,p,model_name,trial_id
mock,scale1,self,self,without_guess,intercept,22.84615384615384,0.7519424632311773,30.382848373772468,1.2568773685092362e-57,on_on_m1,20
mock,scale1,self,self,without_guess,conditionAC,12.727375565610862,0.9988971577608248,12.741427349879691,6.43235941296516e-24,on_on_m1,20
mock,scale1,self,self,with_guess,intercept,19.310344827586206,0.8383275773410047,23.03436669569487,4.2983490781754436e-45,on_on_m1,20
mock,scale1,self,self,with_guess,conditionAC,11.5987460815047,1.5986279650550779,7.255437997486229,4.880538939345229e-11,on_on_m1,20
mock,scale1,self,self,with_guess,guessAC,7.994002998500751,1.2605251252240044,6.341803775692419,4.5234484134114275e-09,on_on_m1,20
mock,scale1,self,self,with_guess,conditionAC:guessAC,-2.4294096970653425,1.9491801482937716,-1.2463751486449024,0.21513781131801626,on_on_m1,20
