study,scale,guesser,respondent,model_type,component,est,se,t,p,model_name,trial_id
mock,scale1,self,self,without_guess,intercept,22.365384615384613,0.738433906495965,30.287591643121313,1.7461325472607848e-57,on_on_m3,5
mock,scale1,self,self,without_guess,conditionAC,9.266968325791854,0.9809520893705242,9.446912266366095,4.09215043304379e-16,on_on_m3,5
mock,scale1,self,self,with_guess,intercept,19.93333333333333,0.8243626771845042,24.18029574241868,4.0320584687693673e-47,on_on_m3,5
mock,scale1,self,self,with_guess,conditionAC,5.1575757575757555,1.5915266188882047,3.2406468709764287,0.0015566187890614612,on_on_m3,5
mock,scale1,self,self,with_guess,guessAC,5.748484848484849,1.267385261505854,4.535704353745396,1.4077946335596829e-05,on_on_m3,5
mock,scale1,self,self,with_guess,conditionAC:guessAC,2.0553429027113252,1.9537960460643147,1.0519741335599304,0.29499789854190356,on_on_m3,5
