study,scale,guesser,respondent,model_type,component,est,se,t,p,model_name,trial_id
mock,scale1,self,self,without_guess,intercept,21.923076923076916,0.6710855743763721,32.66807954179263,5.952646321248937e-61,on_on_m2=,1
mock,scale1,self,self,without_guess,conditionAC,10.297511312217196,0.8914850612084099,11.550963398375849,4.135082745001513e-21,on_on_m2=,1
mock,scale1,self,self,with_guess,intercept,19.692307692307683,0.866299837063379,22.73151494413473,1.5140942395973854e-44,on_on_m2=,1
mock,scale1,self,self,with_guess,conditionAC,6.47435897435898,2.0006337765098836,3.236153987989513,0.0015792439773928996,on_on_m2=,1
mock,scale1,self,self,with_guess,guessAC,4.461538461538465,1.2251329786566334,3.6416768948874205,0.00040620225074534174,on_on_m2=,1
mock,scale1,self,self,with_guess,conditionAC:guessAC,2.1782464846980942,2.2511611246106287,0.9676102082985526,0.3352521645538882,on_on_m2=,1
