study,scale,guesser,respondent,model_type,component,est,se,t,p,model_name,trial_id
mock,scale1,self,self,without_guess,intercept,24.692307692307686,0.773828077987386,31.90929405990124,7.204580427646971e-60,on_on_0,37
mock,scale1,self,self,without_guess,conditionAC,12.645927601809957,1.0279704970717662,12.301839048720383,6.937733194462607e-23,on_on_0,37
mock,scale1,self,self,with_guess,intercept,18.909090909090896,0.8831168934070487,21.411764456390333,4.151093431908876e-42,on_on_0,37
mock,scale1,self,self,with_guess,conditionAC,11.715909090909097,1.7101485104599652,6.850813844090044,3.7351274960201687e-10,on_on_0,37
mock,scale1,self,self,with_guess,guessAC,10.02424242424243,1.162677416796933,8.621688423138274,3.9269066510997517e-14,on_on_0,37
mock,scale1,self,self,with_guess,conditionAC:guessAC,-2.4159090909090994,1.9448632136969035,-1.2422000035245697,0.21666827156019594,on_on_0,37
