study,scale,guesser,respondent,model_type,component,est,se,t,p,model_name,trial_id
mock,scale1,self,self,without_guess,intercept,22.15384615384615,0.6803115511928705,32.56426576176929,8.349727158963153e-61,off_on_m2,40
mock,scale1,self,self,without_guess,conditionAC,3.0520361990950247,0.9037410548119181,3.3771135911604664,0.0009926690972246674,off_on_m2,40
mock,scale1,self,self,with_guess,intercept,19.259259259259256,0.8403756176272243,22.91744174305914,6.980399951951118e-45,off_on_m2,40
mock,scale1,self,self,with_guess,conditionAC,1.4550264550264569,1.8520976553966166,0.7856100086228287,0.4336977282955652,off_on_m2,40
mock,scale1,self,self,with_guess,guessAC,6.0207407407407425,1.2120069520018706,4.967579377986481,2.3579031752018946e-06,off_on_m2,40
mock,scale1,self,self,with_guess,conditionAC:guessAC,-1.0137149796166196,2.1226373987099763,-0.47757331526934393,0.6338525744215471,off_on_m2,40
