study,scale,guesser,respondent,model_type,component,est,se,t,p,model_name,trial_id
mock,scale1,self,self,without_guess,intercept,24.69230769230769,0.8420845614217708,29.322836237036977,5.105553602723311e-56,on_on_p1,11
mock,scale1,self,self,without_guess,conditionAC,14.307692307692305,1.1186439337179346,12.790211323221623,4.944282778071237e-24,on_on_p1,11
mock,scale1,self,self,with_guess,intercept,20.444444444444446,0.902206680343348,22.660488876743866,2.037398226899425e-44,on_on_p1,11
mock,scale1,self,self,with_guess,conditionAC,10.355555555555556,1.7354291999409857,5.967143779710347,2.6852057554917217e-08,on_on_p1,11
mock,scale1,self,self,with_guess,guessAC,8.835555555555555,1.3011809788176363,6.790412478657882,5.042036581628647e-10,on_on_p1,11
mock,scale1,self,self,with_guess,conditionAC:guessAC,0.7782375478927182,2.066332459178821,0.3766274611017807,0.7071385125890604,on_on_p1,11
