study,scale,guesser,respondent,model_type,component,est,se,t,p,model_name,trial_id
mock,scale1,self,self,without_guess,intercept,25.692307692307686,0.8259578315877862,31.10607673870939,1.0627403048075697e-58,off_on_p3,15
mock,scale1,self,self,without_guess,conditionAC,3.778280542986426,1.097220825723844,3.4435005738191933,0.0007955238712842399,off_on_p3,15
mock,scale1,self,self,with_guess,intercept,20.76923076923077,0.8331249029541117,24.92931215426018,2.0635870309853377e-48,off_on_p3,15
mock,scale1,self,self,with_guess,conditionAC,-1.626373626373625,1.8089146086391081,-0.8990881153849417,0.3704682778584635,off_on_p3,15
mock,scale1,self,self,with_guess,guessAC,9.846153846153843,1.1782165369084734,8.356828764251775,1.6007974343699283e-13,off_on_p3,15
mock,scale1,self,self,with_guess,conditionAC:guessAC,1.6667267159070451,2.064488758147122,0.8073314564342466,0.421127877767417,off_on_p3,15
