study,scale,guesser,respondent,model_type,component,est,se,t,p,model_name,trial_id
mock,scale1,self,self,without_guess,intercept,25.730769230769234,0.8946539752643771,28.760582238698035,3.797036603166636e-55,off_on_p3,13
mock,scale1,self,self,without_guess,conditionAC,4.151583710407241,1.188478316852629,3.493192640991225,0.0006727163780377706,off_on_p3,13
mock,scale1,self,self,with_guess,intercept,19.44,0.888734086137169,21.873809391619975,5.6797074714437835e-43,off_on_p3,13
mock,scale1,self,self,with_guess,conditionAC,1.5600000000000027,1.805027461821851,0.8642527789718296,0.3892326679278444,off_on_p3,13
mock,scale1,self,self,with_guess,guessAC,12.115555555555556,1.2333650197855666,9.823171049282696,6.141198195484723e-17,off_on_p3,13
mock,scale1,self,self,with_guess,conditionAC:guessAC,-2.048888888888888,2.0781165949906364,-0.9859354830368023,0.32621679128827485,off_on_p3,13
