study,scale,guesser,respondent,model_type,component,est,se,t,p,model_name,trial_id
mock,scale1,self,self,without_guess,intercept,20.269230769230766,0.6169397280200576,32.8544748354604,3.249236356281612e-61,on_off_m2,45
mock,scale1,self,self,without_guess,conditionAC,8.069004524886878,0.8195565099234313,9.845574316334503,4.6619552852968904e-17,on_off_m2,45
mock,scale1,self,self,with_guess,intercept,20.33333333333333,0.8619846550026713,23.588973672936575,4.403508765025881e-46,on_off_m2,45
mock,scale1,self,self,with_guess,conditionAC,8.75,1.5539649361376346,5.630757680895969,1.2703005520341696e-07,on_off_m2,45
mock,scale1,self,self,with_guess,guessAC,-0.13333333333333192,1.2431719489101072,-0.10725252725516021,0.9147739222137374,on_off_m2,45
mock,scale1,self,self,with_guess,conditionAC:guessAC,-0.7714285714285724,1.8909009953240585,-0.40796877961152406,0.6840486133032292,on_off_m2,45
