study,scale,guesser,respondent,model_type,component,est,se,t,p,model_name,trial_id
mock,scale1,self,self,without_guess,intercept,20.326923076923077,0.6454391960500195,31.49316496630583,2.8854288635698585e-59,on_off_p2,43
mock,scale1,self,self,without_guess,conditionAC,11.231900452488688,0.8574158395993939,13.09971187112255,9.353419006771592e-25,on_off_p2,43
mock,scale1,self,self,with_guess,intercept,22.041666666666668,0.9330368486399606,23.62357574494047,3.824461201657941e-46,on_off_p2,43
mock,scale1,self,self,with_guess,conditionAC,9.958333333333334,1.9634987208886536,5.071728963911076,1.5107492460136035e-06,on_off_p2,43
mock,scale1,self,self,with_guess,guessAC,-3.1845238095238066,1.2715148946916968,-2.504511604872671,0.013651166086734882,on_off_p2,43
mock,scale1,self,self,with_guess,conditionAC:guessAC,2.6927205308352824,2.223518410609811,1.2110178705904173,0.2283500307755921,on_off_p2,43
