study,scale,guesser,respondent,model_type,component,est,se,t,p,model_name,trial_id
mock,scale1,self,self,without_guess,intercept,20.48076923076923,0.6377602844557873,32.11358519799622,3.664808082853472e-60,on_off_0,18
mock,scale1,self,self,without_guess,conditionAC,8.960407239819004,0.8472150019804962,10.576308515397704,8.562944086516622e-19,on_off_0,18
mock,scale1,self,self,with_guess,intercept,20.423076923076923,0.9010765172960864,22.66519716256912,1.9976607176415295e-44,on_off_0,18
mock,scale1,self,self,with_guess,conditionAC,10.576923076923077,1.4897313961677838,7.099885995644164,1.0725443514102399e-10,on_off_0,18
mock,scale1,self,self,with_guess,guessAC,0.1153846153846168,1.2743146314960405,0.090546410229282,0.9280091801978669,on_off_0,18
mock,scale1,self,self,with_guess,conditionAC:guessAC,-2.1153846153846168,1.8519039302599942,-1.142275568845319,0.25569178128316683,on_off_0,18
