study,scale,guesser,respondent,model_type,component,est,se,t,p,model_name,trial_id
mock,scale1,self,self,without_guess,intercept,23.711538461538456,0.7960628652759757,29.786012507087918,9.992854621461828e-57,off_on_0,34
mock,scale1,self,self,without_guess,conditionAC,2.9208144796380098,1.0575076849711553,2.761979436317456,0.006665411716235306,off_on_0,34
mock,scale1,self,self,with_guess,intercept,20.03225806451613,0.7608603063500077,26.328430984413817,9.408284075923281e-51,off_on_0,34
mock,scale1,self,self,with_guess,conditionAC,-3.3179723502304133,1.7727508655679358,-1.8716518009807515,0.06377373219929985,off_on_0,34
mock,scale1,self,self,with_guess,guessAC,9.110599078341012,1.1972833753863954,7.609392450973253,7.966433392443502e-12,off_on_0,34
mock,scale1,self,self,with_guess,conditionAC:guessAC,1.9456070106519605,2.0715752605990527,0.9391920475480746,0.34958368358123093,off_on_0,34
