study,scale,guesser,respondent,model_type,component,est,se,t,p,model_name,trial_id
mock,scale1,self,self,without_guess,intercept,26.692307692307686,0.9796468594791718,27.246867005217187,9.783566290493816e-53,on_on_p3,38
mock,scale1,self,self,without_guess,conditionAC,15.087104072398189,1.301384761991041,11.593115666511894,3.2849933563099794e-21,on_on_p3,38
mock,scale1,self,self,with_guess,intercept,18.95454545454545,0.9862842270999221,19.218137057995488,7.498835267036936e-38,on_on_p3,38
mock,scale1,self,self,with_guess,conditionAC,14.045454545454545,1.6601637370373816,8.460282701102201,9.256215944737249e-14,on_on_p3,38
mock,scale1,self,self,with_guess,guessAC,13.412121212121216,1.298503523093112,10.32890629374093,3.953595033412466e-18,on_on_p3,38
mock,scale1,self,self,with_guess,conditionAC:guessAC,-2.7514069264069283,1.9625628209109327,-1.4019459133185097,0.16360162935706393,on_on_p3,38
