study,scale,guesser,respondent,model_type,component,est,se,t,p,model_name,trial_id
mock,scale1,self,self,without_guess,intercept,24.576923076923077,0.8131858207484628,30.223009858069435,2.1831293112055811e-57,on_on_p1,18
mock,scale1,self,self,without_guess,conditionAC,14.878959276018099,1.0802542013474676,13.77357223647791,2.5612781082033803e-26,on_on_p1,18
mock,scale1,self,self,with_guess,intercept,20.119999999999997,0.94322958827325,21.330967826012802,5.893492553611432e-42,on_on_p1,18
mock,scale1,self,self,with_guess,conditionAC,11.754999999999999,1.9157083498802123,6.136111481027386,1.2101221628743418e-08,on_on_p1,18
mock,scale1,self,self,with_guess,guessAC,8.583703703703701,1.3089926423992426,6.557488121530382,1.5875928799106119e-09,on_on_p1,18
mock,scale1,self,self,with_guess,conditionAC:guessAC,0.007962962962962965,2.205542794916831,0.003610432307781741,0.9971254997633958,on_on_p1,18
