study,scale,guesser,respondent,model_type,component,est,se,t,p,model_name,trial_id
mock,scale1,self,self,without_guess,intercept,23.90384615384615,0.7217586363952861,33.118891757541384,1.3830814059260384e-61,off_on_p2,21
mock,scale1,self,self,without_guess,conditionAC,5.125565610859731,0.95880028823818,5.345811503955728,4.459427251878231e-07,off_on_p2,21
mock,scale1,self,self,with_guess,intercept,20.645161290322577,0.7326993478449038,28.176852280606507,1.0323179283114439e-53,off_on_p2,21
mock,scale1,self,self,with_guess,conditionAC,0.7834101382488513,1.7071378178790202,0.458902690833816,0.6471627587438463,off_on_p2,21
mock,scale1,self,self,with_guess,guessAC,8.069124423963137,1.1529695280589507,6.998558268532633,1.7853925483842966e-10,off_on_p2,21
mock,scale1,self,self,with_guess,conditionAC:guessAC,0.4039434917277301,1.9949021256397772,0.20248787473630214,0.839890053568358,off_on_p2,21
