study,scale,guesser,respondent,model_type,component,est,se,t,p,model_name,trial_id
mock,scale1,self,self,without_guess,intercept,22.903846153846153,0.7460788987038044,30.698959846791016,4.2455795880481205e-58,on_on_m2=,8
mock,scale1,self,self,without_guess,conditionAC,9.081447963800906,0.9911078677191753,9.162925913099585,1.910780201380423e-15,on_on_m2=,8
mock,scale1,self,self,with_guess,intercept,19.999999999999996,0.8832460410482919,22.643747121994164,2.1852550504976388e-44,on_on_m2=,8
mock,scale1,self,self,with_guess,conditionAC,7.600000000000002,1.4954444928555897,5.082101031705702,1.4448161791165107e-06,on_on_m2=,8
mock,scale1,self,self,with_guess,guessAC,6.29166666666667,1.300102970111551,4.839360274768724,4.0486904654091765e-06,on_on_m2=,8
mock,scale1,self,self,with_guess,conditionAC:guessAC,-0.6652515723270473,1.8864355670220985,-0.3526500369038336,0.7249907700216922,on_on_m2=,8
