study,scale,guesser,respondent,model_type,component,est,se,t,p,model_name,trial_id
mock,scale1,self,self,without_guess,intercept,24.134615384615383,0.789392177844477,30.573669288841486,6.520861918867167e-58,on_on_p1,14
mock,scale1,self,self,without_guess,conditionAC,13.218325791855207,1.0486461948419747,12.605133987871989,1.3427686570459775e-23,on_on_p1,14
mock,scale1,self,self,with_guess,intercept,19.560000000000006,0.857820177401997,22.80198171514177,1.1284919488016604e-44,on_on_p1,14
mock,scale1,self,self,with_guess,conditionAC,11.839999999999996,1.4008144837990921,8.452225570861613,9.660158194040005e-14,on_on_p1,14
mock,scale1,self,self,with_guess,guessAC,8.810370370370368,1.1904633979691621,7.400790637830759,2.3263096578223866e-11,on_on_p1,14
mock,scale1,self,self,with_guess,conditionAC:guessAC,-1.1726345213137659,1.729372861390461,-0.6780692281541512,0.49907815037591263,on_on_p1,14
