study,scale,guesser,respondent,model_type,component,est,se,t,p,model_name,trial_id
mock,scale1,self,self,without_guess,intercept,23.384615384615387,0.803875000353924,29.08986518341755,1.1683198702705628e-55,on_on_m1,45
mock,scale1,self,self,without_guess,conditionAC,11.659502262443437,1.0678854996404767,10.918307502413716,1.3159196877686957e-19,on_on_m1,45
mock,scale1,self,self,with_guess,intercept,20.27586206896552,0.8983401032502172,22.570362823174584,2.9719278189420936e-44,on_on_m1,45
mock,scale1,self,self,with_guess,conditionAC,7.057471264367814,1.8459134373014128,3.823294809904688,0.0002134659656684756,on_on_m1,45
mock,scale1,self,self,with_guess,guessAC,7.028485757121439,1.3507610888036063,5.203352254799327,8.542777366264517e-07,on_on_m1,45
mock,scale1,self,self,with_guess,conditionAC:guessAC,1.8585198925960749,2.195815419567777,0.8463916757456348,0.39907696774258217,on_on_m1,45
