study,scale,guesser,respondent,model_type,component,est,se,t,p,model_name,trial_id
mock,scale1,self,self,without_guess,intercept,25.5,0.9175274609588644,27.792083708700293,1.2909698930607413e-53,off_on_p3,25
mock,scale1,self,self,without_guess,conditionAC,3.573529411764707,1.2188639659754685,2.931852537706927,0.0040478567914002134,off_on_p3,25
mock,scale1,self,self,with_guess,intercept,20.039999999999996,0.9228401268890037,21.715570678051304,1.119201424892609e-42,off_on_p3,25
mock,scale1,self,self,with_guess,conditionAC,-0.7672727272727254,1.6694806049317057,-0.459587685538948,0.6466723697115642,off_on_p3,25
mock,scale1,self,self,with_guess,guessAC,10.515555555555554,1.2806966100585673,8.210809236915736,3.4594152795545727e-13,off_on_p3,25
mock,scale1,self,self,with_guess,conditionAC:guessAC,1.176629452418926,1.9872692413771609,0.5920835626699137,0.5549469147899779,off_on_p3,25
