study,scale,guesser,respondent,model_type,component,est,se,t,p,model_name,trial_id
mock,scale1,self,self,without_guess,intercept,24.211538461538463,0.7738924005909513,31.285406657372924,5.799965578112452e-59,on_on_m1,31
mock,scale1,self,self,without_guess,conditionAC,10.553167420814479,1.0280559446545576,10.265168423650818,4.703434279182172e-18,on_on_m1,31
mock,scale1,self,self,with_guess,intercept,20.08333333333333,0.9825195767714323,20.440644449373043,2.9554736898881306e-40,on_on_m1,31
mock,scale1,self,self,with_guess,conditionAC,10.91666666666667,1.6575643529298147,6.585968531098658,1.3810606776460079e-09,on_on_m1,31
mock,scale1,self,self,with_guess,guessAC,7.6666666666666705,1.3389484863455083,5.725886204623057,8.223098630956155e-08,on_on_m1,31
mock,scale1,self,self,with_guess,conditionAC:guessAC,-3.012121212121215,1.999049585744406,-1.5067766370585356,0.13458639369842904,on_on_m1,31
