study,scale,guesser,respondent,model_type,component,est,se,t,p,model_name,trial_id
mock,scale1,self,self,without_guess,intercept,21.903846153846153,0.7595155679451983,28.83923263496107,2.8627224736380152e-55,off_on_m2,33
mock,scale1,self,self,without_guess,conditionAC,2.89027149321267,1.0089574391575609,2.864611906351502,0.004943785528421186,off_on_m2,33
mock,scale1,self,self,with_guess,intercept,19.032258064516125,0.8498733434191207,22.394228754072405,6.23260898102466e-44,off_on_m2,33
mock,scale1,self,self,with_guess,conditionAC,0.3010752688172069,1.7916903252445966,0.1680397915728573,0.8668446012950639,off_on_m2,33
mock,scale1,self,self,with_guess,guessAC,7.110599078341015,1.3373535414682045,5.316917971095879,5.189598441160345e-07,off_on_m2,33
mock,scale1,self,self,with_guess,conditionAC:guessAC,-0.8168137676065527,2.157751036811412,-0.3785486618574812,0.7057149722100147,off_on_m2,33
