study,scale,guesser,respondent,model_type,component,est,se,t,p,model_name,trial_id
mock,scale1,self,self,without_guess,intercept,25.5,0.8231526225731673,30.97845928047613,1.6380006849005182e-58,off_on_p3,9
mock,scale1,self,self,without_guess,conditionAC,3.926470588235295,1.0934943234332475,3.5907553464999644,0.0004816866995914336,off_on_p3,9
mock,scale1,self,self,with_guess,intercept,20.78571428571429,0.7912421413293513,26.269726042134955,1.1747615534255118e-50,off_on_p3,9
mock,scale1,self,self,with_guess,conditionAC,-0.007936507936510106,1.6043126832237031,-0.004946983228084005,0.9960613921251247,off_on_p3,9
mock,scale1,self,self,with_guess,guessAC,10.214285714285715,1.164676896597002,8.770059528209249,1.7804962046655004e-14,off_on_p3,9
mock,scale1,self,self,with_guess,conditionAC:guessAC,-0.24630078019908325,1.8977203459273795,-0.12978771120184243,0.8969591740890769,off_on_p3,9
