study,scale,guesser,respondent,model_type,component,est,se,t,p,model_name,trial_id
mock,scale1,self,self,without_guess,intercept,25.096153846153847,0.8509716801834927,29.491173949222883,2.8158874745919644e-56,on_on_p3,12
mock,scale1,self,self,without_guess,conditionAC,17.580316742081447,1.13044978071535,15.551612324571023,2.3949612459296322e-30,on_on_p3,12
mock,scale1,self,self,with_guess,intercept,20.620689655172427,0.8693464150171027,23.71976153460845,2.586301228131896e-46,on_on_p3,12
mock,scale1,self,self,with_guess,conditionAC,14.00431034482758,1.8696001579286377,7.490537634711798,1.4687078680148286e-11,on_on_p3,12
mock,scale1,self,self,with_guess,guessAC,10.118440779610193,1.3071656334248478,7.740748778025403,4.0381867058116844e-12,on_on_p3,12
mock,scale1,self,self,with_guess,conditionAC:guessAC,-0.9934407796101923,2.1939938687077447,-0.4528001621970465,0.6515384008983067,on_on_p3,12
