study,scale,guesser,respondent,model_type,component,est,se,t,p,model_name,trial_id
mock,scale1,self,self,without_guess,intercept,24.115384615384613,0.7055882711298402,34.17770051189949,4.7767994294412085e-63,off_on_0,30
mock,scale1,self,self,without_guess,conditionAC,3.2375565610859733,0.937319213962631,3.4540597406499427,0.0007677855645765229,off_on_0,30
mock,scale1,self,self,with_guess,intercept,20.692307692307693,0.8015425418876708,25.81560754539157,6.625280289610544e-50,off_on_0,30
mock,scale1,self,self,with_guess,conditionAC,-1.4065934065934054,1.740341704257271,-0.8082282939910929,0.4206135896765639,off_on_0,30
mock,scale1,self,self,with_guess,guessAC,6.846153846153846,1.133552333556549,6.0395569251521595,1.9106945908263205e-08,off_on_0,30
mock,scale1,self,self,with_guess,conditionAC:guessAC,2.1468203927220326,1.9862274684578838,1.0808532390244476,0.2820043968472305,off_on_0,30
