study,scale,guesser,respondent,model_type,component,est,se,t,p,model_name,trial_id
mock,scale1,self,self,without_guess,intercept,24.480769230769234,0.7347111894046825,33.32026187134208,7.243673667661393e-62,off_on_0,9
mock,scale1,self,self,without_guess,conditionAC,2.254524886877829,0.9760067488644829,2.309948050565034,0.02262913947895439,off_on_0,9
mock,scale1,self,self,with_guess,intercept,20.346153846153843,0.8613388137376511,23.621545345048077,3.856216718707121e-46,off_on_0,9
mock,scale1,self,self,with_guess,conditionAC,1.5109890109890156,1.8701737970299706,0.8079404242475339,0.42077862676397904,off_on_0,9
mock,scale1,self,self,with_guess,guessAC,8.269230769230768,1.2181170321861394,6.788535543575877,5.089179638800593e-10,off_on_0,9
mock,scale1,self,self,with_guess,conditionAC:guessAC,-2.831291659160515,2.134403006814337,-1.3265028441776354,0.1872788226899617,off_on_0,9
