study,scale,guesser,respondent,model_type,component,est,se,t,p,model_name,trial_id
mock,scale1,self,self,without_guess,intercept,22.44230769230769,0.8011458457234757,28.012761736336707,5.734696156196472e-54,on_on_m2=,6
mock,scale1,self,self,without_guess,conditionAC,10.645927601809953,1.0642600296919782,10.003126402192455,1.9716048679793715e-17,on_on_m2=,6
mock,scale1,self,self,with_guess,intercept,17.65,1.0415514601373035,16.94587418433773,3.644879529084969e-33,on_on_m2=,6
mock,scale1,self,self,with_guess,conditionAC,7.849999999999999,1.8040200476553603,4.351392885130322,2.926866624065133e-05,on_on_m2=,6
mock,scale1,self,self,with_guess,guessAC,7.7875000000000005,1.3277228049127925,5.865305597813769,4.318727958591972e-08,on_on_m2=,6
mock,scale1,self,self,with_guess,conditionAC:guessAC,1.1090517241379318,2.0752315180658387,0.5344231303751557,0.5940716282773046,on_on_m2=,6
