study,scale,guesser,respondent,model_type,component,est,se,t,p,model_name,trial_id
mock,scale1,self,self,without_guess,intercept,22.17307692307692,0.7383010748820794,30.03256757633514,4.227276654014403e-57,off_on_m3,11
mock,scale1,self,self,without_guess,conditionAC,2.4886877828054312,0.9807756328887333,2.5374690187554516,0.01246969951785957,off_on_m3,11
mock,scale1,self,self,with_guess,intercept,19.620689655172413,0.8982712955904154,21.842721404423965,6.4877957699148705e-43,off_on_m3,11
mock,scale1,self,self,with_guess,conditionAC,1.1065830721003158,1.7129361506772611,0.6460153647074321,0.5195453746894568,off_on_m3,11
mock,scale1,self,self,with_guess,guessAC,5.770614692653676,1.350657628311154,4.272448155399072,3.980965928432221e-05,off_on_m3,11
mock,scale1,self,self,with_guess,conditionAC:guessAC,-1.0768347883474556,2.088554193457908,-0.5155886266779592,0.6071230170530288,off_on_m3,11
