study,scale,guesser,respondent,model_type,component,est,se,t,p,model_name,trial_id
mock,scale1,self,self,without_guess,intercept,23.461538461538463,0.8345492961372758,28.112825174175516,3.9755196652254003e-54,on_on_m1,41
mock,scale1,self,self,without_guess,conditionAC,11.611990950226243,1.108633919064271,10.474143674069799,1.498281528566763e-18,on_on_m1,41
mock,scale1,self,self,with_guess,intercept,19.076923076923073,0.890520331583803,21.422220695393328,3.967249520617987e-42,on_on_m1,41
mock,scale1,self,self,with_guess,conditionAC,8.923076923076923,1.5052540943206012,5.927953929336009,3.225532771706007e-08,on_on_m1,41
mock,scale1,self,self,with_guess,guessAC,8.769230769230774,1.2593859304948,6.963100473724866,2.1325709351189068e-10,on_on_m1,41
mock,scale1,self,self,with_guess,conditionAC:guessAC,0.1381766381766362,1.8548972760538749,0.07449287891057473,0.9407465171281224,on_on_m1,41
