study,scale,guesser,respondent,model_type,component,est,se,t,p,model_name,trial_id
mock,scale1,self,self,without_guess,intercept,25.038461538461533,0.8384058242486295,29.864369753037842,7.597841954280846e-57,off_on_p1,14
mock,scale1,self,self,without_guess,conditionAC,4.29977375565611,1.1137570171171491,3.8606030665338955,0.00018509229579319935,off_on_p1,14
mock,scale1,self,self,with_guess,intercept,20.461538461538467,0.923898677289948,22.146950704116012,1.7738005654347827e-43,off_on_p1,14
mock,scale1,self,self,with_guess,conditionAC,0.4134615384615382,1.904665916917451,0.21707824705063897,0.8285287075712456,off_on_p1,14
mock,scale1,self,self,with_guess,guessAC,9.153846153846153,1.3065900396820083,7.005905353506272,1.720780546206119e-10,off_on_p1,14
mock,scale1,self,self,with_guess,conditionAC:guessAC,0.4378205128205135,2.2025506773256383,0.19877886004063255,0.8427837141795654,off_on_p1,14
