study,scale,guesser,respondent,model_type,component,est,se,t,p,model_name,trial_id
mock,scale1,self,self,without_guess,intercept,22.980769230769226,0.6934680329839031,33.138902065731784,1.2968027323812497e-61,off_on_m1,25
mock,scale1,self,self,without_guess,conditionAC,2.6515837104072415,0.9212184189851318,2.878344218658135,0.004747249535474557,off_on_m1,25
mock,scale1,self,self,with_guess,intercept,19.82142857142857,0.7679306125565725,25.811483807683665,6.730835868542965e-50,off_on_m1,25
mock,scale1,self,self,with_guess,conditionAC,0.08766233766234048,1.4459655346816471,0.060625468283821,0.9517618173654355,off_on_m1,25
mock,scale1,self,self,with_guess,guessAC,6.845238095238097,1.1303632553387184,6.055786104960472,1.769918978571496e-08,off_on_m1,25
mock,scale1,self,self,with_guess,conditionAC:guessAC,-0.017486899065848542,1.7517150863601636,-0.009982730183699022,0.9920522142502388,off_on_m1,25
