study,scale,guesser,respondent,model_type,component,est,se,t,p,model_name,trial_id
mock,scale1,self,self,without_guess,intercept,23.211538461538453,0.7072927817430895,32.81744004842622,3.6637586195894846e-61,on_on_m1,35
mock,scale1,self,self,without_guess,conditionAC,11.259049773755658,0.9395835239201128,11.98302171879394,3.922074962754285e-22,on_on_m1,35
mock,scale1,self,self,with_guess,intercept,20.269230769230777,0.8999911910094148,22.521587957430064,3.6470788515246755e-44,on_on_m1,35
mock,scale1,self,self,with_guess,conditionAC,9.445054945054945,1.9540974075925694,4.833461683310439,4.149812631568774e-06,on_on_m1,35
mock,scale1,self,self,with_guess,guessAC,5.884615384615382,1.272779748341829,4.6234357454868595,9.871145231242272e-06,on_on_m1,35
mock,scale1,self,self,with_guess,conditionAC:guessAC,-0.5825076562781472,2.230183841200958,-0.26119266291718163,0.7944070976959309,on_on_m1,35
