study,scale,guesser,respondent,model_type,component,est,se,t,p,model_name,trial_id
mock,scale1,self,self,without_guess,intercept,24.730769230769226,0.9062307915824716,27.289703087205908,8.335416791383201e-53,off_on_p3,47
mock,scale1,self,self,without_guess,conditionAC,5.25452488687783,1.2038572181403309,4.364740940785988,2.744424091980276e-05,off_on_p3,47
mock,scale1,self,self,with_guess,intercept,18.77777777777777,0.8484519371509339,22.131810837550518,1.8915521964411488e-43,off_on_p3,47
mock,scale1,self,self,with_guess,conditionAC,1.8472222222222265,1.7746645506239704,1.040885288193053,0.30009339175024063,off_on_p3,47
mock,scale1,self,self,with_guess,guessAC,12.382222222222223,1.223654785665777,10.11904858075245,1.2349573307150922e-17,off_on_p3,47
mock,scale1,self,self,with_guess,conditionAC:guessAC,-1.7738888888888922,2.061755665061647,-0.8603778415401384,0.39135556288712525,off_on_p3,47
