study,scale,guesser,respondent,model_type,component,est,se,t,p,model_name,trial_id
mock,scale1,self,self,without_guess,intercept,25.365384615384617,0.8191247063906166,30.96645042871971,1.7061826095898653e-58,off_on_p2,9
mock,scale1,self,self,without_guess,conditionAC,2.1199095022624435,1.0881435496397853,1.9481891915494145,0.05376676040157843,off_on_p2,9
mock,scale1,self,self,with_guess,intercept,20.53571428571429,0.770957291883852,26.6366431732357,2.9491837881400465e-51,off_on_p2,9
mock,scale1,self,self,with_guess,conditionAC,-0.7175324675324671,1.4516645834240973,-0.4942825468952308,0.6220413978032218,off_on_p2,9
mock,scale1,self,self,with_guess,guessAC,10.464285714285712,1.134818406678317,9.221110313953506,1.5860201311236437e-15,off_on_p2,9
mock,scale1,self,self,with_guess,conditionAC:guessAC,-1.3175552517657783,1.7586191995085105,-0.7491987191621708,0.455254036080757,off_on_p2,9
