study,scale,guesser,respondent,model_type,component,est,se,t,p,model_name,trial_id
mock,scale1,self,self,without_guess,intercept,25.903846153846157,0.8467535602480035,30.59195422368138,6.124482502255698e-58,on_on_p1,49
mock,scale1,self,self,without_guess,conditionAC,13.625565610859724,1.1248463360095557,12.113268430243588,1.9314568172457266e-22,on_on_p1,49
mock,scale1,self,self,with_guess,intercept,20.54999999999999,1.063259532444141,19.32736022856169,4.5379545754823564e-38,on_on_p1,49
mock,scale1,self,self,with_guess,conditionAC,9.325000000000005,1.9891764418137137,4.687869715316732,7.585538259306683e-06,on_on_p1,49
mock,scale1,self,self,with_guess,guessAC,8.700000000000003,1.355395275986554,6.41879173857052,3.1182227693109513e-09,on_on_p1,49
mock,scale1,self,self,with_guess,conditionAC:guessAC,2.241666666666661,2.2450475975528397,0.9984940493511746,0.3201181686071339,on_on_p1,49
