study,scale,guesser,respondent,model_type,component,est,se,t,p,model_name,trial_id
mock,scale1,self,self,without_guess,intercept,22.615384615384606,0.7049341073637025,32.08155823238733,4.0735607201681654e-60,off_on_m3,24
mock,scale1,self,self,without_guess,conditionAC,1.8404977375565623,0.936450208209322,1.965398396435789,0.0517174839734475,off_on_m3,24
mock,scale1,self,self,with_guess,intercept,19.333333333333325,0.8453681277809353,22.869721128572372,8.51181480386635e-45,off_on_m3,24
mock,scale1,self,self,with_guess,conditionAC,0.666666666666671,1.6907362555618708,0.39430553669952634,0.6940794430616961,off_on_m3,24
mock,scale1,self,self,with_guess,guessAC,6.826666666666669,1.2192072525428623,5.599266779645958,1.4657845358243032e-07,off_on_m3,24
mock,scale1,self,self,with_guess,conditionAC:guessAC,-1.6910734463276869,1.9893340872627006,-0.8500701099706099,0.3970372486570327,off_on_m3,24
