study,scale,guesser,respondent,model_type,component,est,se,t,p,model_name,trial_id
mock,scale1,self,self,without_guess,intercept,19.692307692307686,0.6500533709166852,30.293370626689008,1.7116105030810217e-57,on_off_m1,34
mock,scale1,self,self,without_guess,conditionAC,9.44004524886878,0.8635454125190001,10.931729949594372,1.2226775061596008e-19,on_off_m1,34
mock,scale1,self,self,with_guess,intercept,19.839999999999993,0.9449835191153644,20.995075150699964,2.5518670031634294e-41,on_off_m1,34
mock,scale1,self,self,with_guess,conditionAC,8.88727272727273,1.7095395087138021,5.198635469945473,8.720339271127019e-07,on_off_m1,34
mock,scale1,self,self,with_guess,guessAC,-0.2844444444444411,1.311426707865539,-0.21689694341165217,0.8286696690640301,on_off_m1,34
mock,scale1,self,self,with_guess,conditionAC:guessAC,0.7676980329611875,2.034953429557774,0.37725582404508384,0.706672803887786,on_off_m1,34
