study,scale,guesser,respondent,model_type,component,est,se,t,p,model_name,trial_id
mock,scale1,self,self,without_guess,intercept,24.634615384615383,0.9270382842859173,26.573460667367186,1.2437605992026136e-51,on_on_p3,40
mock,scale1,self,self,without_guess,conditionAC,17.52714932126697,1.2314983560437387,14.232377359864264,2.2647256137634697e-27,on_on_p3,40
mock,scale1,self,self,with_guess,intercept,18.499999999999996,0.8773266914769796,21.086785777433995,1.707969752767939e-41,on_on_p3,40
mock,scale1,self,self,with_guess,conditionAC,14.954545454545462,1.6090363737451372,9.294100306593927,1.0706460311644836e-15,on_on_p3,40
mock,scale1,self,self,with_guess,guessAC,12.26923076923077,1.2407273057186607,9.888740831833406,4.305138179026501e-17,on_on_p3,40
mock,scale1,self,self,with_guess,conditionAC:guessAC,-1.881670960618333,1.926082130214755,-0.9769422243736459,0.33063074784880053,on_on_p3,40
