study,scale,guesser,respondent,model_type,component,est,se,t,p,model_name,trial_id
mock,scale1,self,self,without_guess,intercept,24.730769230769226,0.9442982383052666,26.18957467839141,5.410595432085321e-51,off_on_p1,46
mock,scale1,self,self,without_guess,conditionAC,2.0045248868778294,1.2544268643486487,1.5979607451397042,0.11272614994359528,off_on_p1,46
mock,scale1,self,self,with_guess,intercept,18.07692307692307,0.8832368226905073,20.466677353710555,2.6321409102103866e-40,off_on_p1,46
mock,scale1,self,self,with_guess,conditionAC,1.1730769230769271,1.5717314451570088,0.7463596447672662,0.4569601391391709,off_on_p1,46
mock,scale1,self,self,with_guess,guessAC,13.307692307692308,1.2490854934362365,10.653948330696581,6.767353167537127e-19,off_on_p1,46
mock,scale1,self,self,with_guess,conditionAC:guessAC,-4.218406593406596,1.9006945279731944,-2.219402713756899,0.028404294016261305,off_on_p1,46
