study,scale,guesser,respondent,model_type,component,est,se,t,p,model_name,trial_id
mock,scale1,self,self,without_guess,intercept,21.461538461538456,0.6499603419300847,33.01976609497052,1.9038120009143683e-61,on_on_m3,46
mock,scale1,self,self,without_guess,conditionAC,10.200226244343892,0.8634218307360197,11.813722888670487,9.86132139790625e-22,on_on_m3,46
mock,scale1,self,self,with_guess,intercept,20.029411764705877,0.7678396774888282,26.085408649642616,2.36453931467747e-50,on_on_m3,46
mock,scale1,self,self,with_guess,conditionAC,9.27058823529412,1.6106340954527973,5.755862403178471,7.164517764226468e-08,on_on_m3,46
mock,scale1,self,self,with_guess,guessAC,4.137254901960786,1.3050764996087756,3.1701244357714016,0.0019491570398069147,on_on_m3,46
mock,scale1,self,self,with_guess,conditionAC:guessAC,-1.3682893847194064,2.0133066442941008,-0.67962294198813,0.49809720686191983,on_on_m3,46
