study,scale,guesser,respondent,model_type,component,est,se,t,p,model_name,trial_id
mock,scale1,self,self,without_guess,intercept,24.59615384615385,0.8596232619109863,28.612713191910778,6.467713034691622e-55,on_on_p2,43
mock,scale1,self,self,without_guess,conditionAC,16.183257918552034,1.1419427350573523,14.171689544256573,3.117752984947833e-27,on_on_p2,43
mock,scale1,self,self,with_guess,intercept,20.38709677419355,0.7600419203082236,26.82364778764554,1.4657726201606224e-51,on_on_p2,43
mock,scale1,self,self,with_guess,conditionAC,11.24926686217009,1.4851347127842436,7.574576747371707,9.532778705233042e-12,on_on_p2,43
mock,scale1,self,self,with_guess,guessAC,10.42242703533026,1.1959955699978124,8.714436154098232,2.3957857328443775e-14,on_on_p2,43
mock,scale1,self,self,with_guess,conditionAC:guessAC,0.4850689774289089,1.836446238351629,0.2641345917451418,0.7921449029555062,on_on_p2,43
