study,scale,guesser,respondent,model_type,component,est,se,t,p,model_name,trial_id
mock,scale1,self,self,without_guess,intercept,19.17307692307692,0.5823975884062152,32.92094147495668,2.620075330019231e-61,on_off_p1,32
mock,scale1,self,self,without_guess,conditionAC,12.95927601809955,0.7736699603927969,16.75039316702958,5.632512667320857e-33,on_off_p1,32
mock,scale1,self,self,with_guess,intercept,19.866666666666664,0.7644724592696297,25.987419724246315,3.434608412646374e-50,on_off_p1,32
mock,scale1,self,self,with_guess,conditionAC,13.333333333333337,1.5289449185392594,8.720610645720244,2.318173808370123e-14,on_off_p1,32
mock,scale1,self,self,with_guess,guessAC,-1.6393939393939378,1.175309308051817,-1.3948616999480619,0.1657227597278727,on_off_p1,32
mock,scale1,self,self,with_guess,conditionAC:guessAC,0.3876698014629029,1.8538855514496841,0.2091120464042435,0.8347275502613201,on_off_p1,32
