study,scale,guesser,respondent,model_type,component,est,se,t,p,model_name,trial_id
mock,scale1,self,self,without_guess,intercept,24.42307692307692,0.6819473175137982,35.81372973518992,3.104115326844979e-65,off_on_0,42
mock,scale1,self,self,without_guess,conditionAC,2.5328054298642546,0.9059140433165364,2.79585623884546,0.006044574133389913,off_on_0,42
mock,scale1,self,self,with_guess,intercept,21.107142857142854,0.7768726824890582,27.169371935587577,4.0620459387306634e-52,off_on_0,42
mock,scale1,self,self,with_guess,conditionAC,0.46428571428571885,1.7371401279081449,0.2672701567517235,0.789735762190237,off_on_0,42
mock,scale1,self,self,with_guess,guessAC,7.18452380952381,1.1435256258876672,6.282783391012152,6.008182540082133e-09,off_on_0,42
mock,scale1,self,self,with_guess,conditionAC:guessAC,-1.1821818891491054,1.999701531441242,-0.5911791687717882,0.5555506053137925,off_on_0,42
