study,scale,guesser,respondent,model_type,component,est,se,t,p,model_name,trial_id
mock,scale1,self,self,without_guess,intercept,19.76923076923077,0.5702266220881228,34.66907717643466,1.0311119879012302e-63,on_off_m2,38
mock,scale1,self,self,without_guess,conditionAC,8.260180995475112,0.7575017769787321,10.904503786671683,1.4192350531563516e-19,on_off_m2,38
mock,scale1,self,self,with_guess,intercept,19.125000000000004,0.8423912486920881,22.703227306425397,1.7039956412787134e-44,on_off_m2,38
mock,scale1,self,self,with_guess,conditionAC,9.249999999999998,1.6847824973841767,5.490322943383916,2.397273611752295e-07,on_off_m2,38
mock,scale1,self,self,with_guess,guessAC,1.1964285714285725,1.1479857643685063,1.0421980903976749,0.29948705559843913,on_off_m2,38
mock,scale1,self,self,with_guess,conditionAC:guessAC,-1.5880952380952382,1.9314734192219674,-0.822219566829427,0.41263883055747186,on_off_m2,38
