study,scale,guesser,respondent,model_type,component,est,se,t,p,model_name,trial_id
mock,scale1,self,self,without_guess,intercept,25.730769230769223,0.8288406309532215,31.04429038568867,1.3101394830507562e-58,on_on_p2,9
mock,scale1,self,self,without_guess,conditionAC,14.151583710407243,1.1010504007689266,12.852802833116796,3.528627021691314e-24,on_on_p2,9
mock,scale1,self,self,with_guess,intercept,20.636363636363633,0.9829506333094306,20.99430321020746,2.5605172086820993e-41,on_on_p2,9
mock,scale1,self,self,with_guess,conditionAC,11.636363636363633,1.7025204382239387,6.834786458424331,4.045052057795985e-10,on_on_p2,9
mock,scale1,self,self,with_guess,guessAC,8.830303030303034,1.2941146429279669,6.823431817697582,4.279872081196526e-10,on_on_p2,9
mock,scale1,self,self,with_guess,conditionAC:guessAC,0.24784688995215065,1.9950019534726262,0.12423390840331396,0.9013450978539337,on_on_p2,9
