study,scale,guesser,respondent,model_type,component,est,se,t,p,model_name,trial_id
mock,scale1,self,self,without_guess,intercept,20.499999999999996,0.5640554097369073,36.34394714796162,6.322383377421808e-66,on_off_m3,48
mock,scale1,self,self,without_guess,conditionAC,6.161764705882354,0.749303800698634,8.223319700416925,2.9512639566910124e-13,on_off_m3,48
mock,scale1,self,self,with_guess,intercept,20.833333333333332,0.8359045252242433,24.923101508206926,2.1145450534028715e-48,on_off_m3,48
mock,scale1,self,self,with_guess,conditionAC,5.439393939393942,1.4910573775668812,3.648011150496426,0.0003973316043328336,on_off_m3,48
mock,scale1,self,self,with_guess,guessAC,-0.6190476190476163,1.139145850361751,-0.543431395418795,0.5878756311103952,on_off_m3,48
mock,scale1,self,self,with_guess,conditionAC:guessAC,1.0831624515835006,1.7653254051020166,0.6135766519039619,0.5406964318020607,on_off_m3,48
