study,scale,guesser,respondent,model_type,component,est,se,t,p,model_name,trial_id
mock,scale1,self,self,without_guess,intercept,20.26923076923076,0.5552868274522949,36.502271919951326,3.946063261901491e-66,on_off_0,17
mock,scale1,self,self,without_guess,conditionAC,10.671945701357467,0.7376554202041301,14.46738600308019,6.591139661476337e-28,on_off_0,17
mock,scale1,self,self,with_guess,intercept,20.636363636363633,0.8554450209674769,24.123541701165863,5.063354227594749e-47,on_off_0,17
mock,scale1,self,self,with_guess,conditionAC,9.090909090909095,1.4816742393974935,6.135565328182944,1.2132641300301674e-08,on_off_0,17
mock,scale1,self,self,with_guess,guessAC,-0.636363636363632,1.1262457038423195,-0.5650309112768224,0.5731438722243916,on_off_0,17
mock,scale1,self,self,with_guess,conditionAC:guessAC,2.0845295055821333,1.736215868921781,1.2006165494136745,0.23234598000741735,on_off_0,17
