study,scale,guesser,respondent,model_type,component,est,se,t,p,model_name,trial_id
mock,scale1,self,self,without_guess,intercept,22.615384615384617,0.7159585466713262,31.587561487364464,2.1036016486562965e-59,on_on_m3,35
mock,scale1,self,self,without_guess,conditionAC,9.369909502262443,0.9510953195426693,9.851703935172269,4.5085351490175724e-17,on_on_m3,35
mock,scale1,self,self,with_guess,intercept,19.48148148148148,0.852929725468806,22.840664242031945,9.605722245389113e-45,on_on_m3,35
mock,scale1,self,self,with_guess,conditionAC,7.318518518518519,1.6406430847008389,4.460762116248462,1.9001242506602778e-05,on_on_m3,35
mock,scale1,self,self,with_guess,guessAC,6.518518518518521,1.2301127438180812,5.299122825348545,5.613363007446395e-07,on_on_m3,35
mock,scale1,self,self,with_guess,conditionAC:guessAC,-0.4392081736909343,1.9534729852188115,-0.22483452651470268,0.822503585448058,on_on_m3,35
