study,scale,guesser,respondent,model_type,component,est,se,t,p,model_name,trial_id
mock,scale1,self,self,without_guess,intercept,25.730769230769234,0.9477120613803474,27.150408103166104,1.404260428837667e-52,on_on_p3,17
mock,scale1,self,self,without_guess,conditionAC,16.313348416289585,1.2589618631464863,12.957778066063188,2.005368902130722e-24,on_on_p3,17
mock,scale1,self,self,with_guess,intercept,19.208333333333336,0.9832436173623218,19.53568067379087,1.7483487537635454e-38,on_on_p3,17
mock,scale1,self,self,with_guess,conditionAC,14.874999999999993,1.703027901489354,8.73444292192237,2.153275223784898e-14,on_on_p3,17
mock,scale1,self,self,with_guess,guessAC,12.113095238095235,1.3399351873498888,9.040060558490445,4.1960321297831446e-15,on_on_p3,17
mock,scale1,self,self,with_guess,conditionAC:guessAC,-2.4464285714285703,2.035507670354791,-1.2018763707248301,0.23185932696167427,on_on_p3,17
