study,scale,guesser,respondent,model_type,component,est,se,t,p,model_name,trial_id
mock,scale1,self,self,without_guess,intercept,24.826923076923073,0.8271348473298157,30.015568993459983,4.48481321657203e-57,on_on_p2,4
mock,scale1,self,self,without_guess,conditionAC,16.481900452488688,1.0987843997163285,15.000122368631914,4.103614582092459e-29,on_on_p2,4
mock,scale1,self,self,with_guess,intercept,20.279999999999998,0.96516533565998,21.01194401696217,2.3700095286181943e-41,on_on_p2,4
mock,scale1,self,self,with_guess,conditionAC,13.595,1.9602600634312586,6.935304276006715,2.450734483309179e-10,on_on_p2,4
mock,scale1,self,self,with_guess,guessAC,8.757037037037037,1.3394345754044654,6.5378609734579225,1.7473778525304503e-09,on_on_p2,4
mock,scale1,self,self,with_guess,conditionAC:guessAC,-0.33203703703703985,2.256834898346799,-0.14712508977961444,0.8832886910851724,on_on_p2,4
