study,scale,guesser,respondent,model_type,component,est,se,t,p,model_name,trial_id
mock,scale1,self,self,without_guess,intercept,23.90384615384615,0.817249099012656,29.249155713631414,6.629956980522715e-56,on_on_p1,25
mock,scale1,self,self,without_guess,conditionAC,15.816742081447963,1.085651950919759,14.568888369839058,3.8743870281918438e-28,on_on_p1,25
mock,scale1,self,self,with_guess,intercept,20.035714285714285,0.8843096614269158,22.656898549977164,2.068234251008108e-44,on_on_p1,25
mock,scale1,self,self,with_guess,conditionAC,11.21428571428571,1.8759040747912559,5.978069915719756,2.5511344337420554e-08,on_on_p1,25
mock,scale1,self,self,with_guess,guessAC,8.380952380952383,1.301668576917644,6.438622341793415,2.832400570909334e-09,on_on_p1,25
mock,scale1,self,self,with_guess,conditionAC:guessAC,1.219047619047622,2.1900430606262025,0.556631803713968,0.5788513087011893,on_on_p1,25
