study,scale,guesser,respondent,model_type,component,est,se,t,p,model_name,trial_id
mock,scale1,self,self,without_guess,intercept,24.500000000000004,0.7091358055874508,34.5490945555966,1.4968137075281717e-63,off_on_m1,44
mock,scale1,self,self,without_guess,conditionAC,2.0735294117647065,0.9420318379465705,2.201124556771415,0.029673342602185453,off_on_m1,44
mock,scale1,self,self,with_guess,intercept,21.000000000000004,0.8100957544407265,25.92286144555587,4.394722778487385e-50,off_on_m1,44
mock,scale1,self,self,with_guess,conditionAC,0.7499999999999996,1.71847260412641,0.4364340741883773,0.6633330563617609,off_on_m1,44
mock,scale1,self,self,with_guess,guessAC,7.583333333333334,1.1924286636746568,6.3595698127249785,4.1520508282287736e-09,off_on_m1,44
mock,scale1,self,self,with_guess,conditionAC:guessAC,-2.1166666666666654,2.0062481083751975,-1.0550373395147485,0.29360071951667954,off_on_m1,44
