study,scale,guesser,respondent,model_type,component,est,se,t,p,model_name,trial_id
mock,scale1,self,self,without_guess,intercept,24.769230769230766,0.8686762606327512,28.513765014354885,9.24768971739824e-55,on_on_p1,20
mock,scale1,self,self,without_guess,conditionAC,13.716063348416291,1.153968940697508,11.885990051106331,6.65179870621506e-22,on_on_p1,20
mock,scale1,self,self,with_guess,intercept,19.653846153846146,0.8662102842556115,22.689462952677733,1.8048977820543923e-44,on_on_p1,20
mock,scale1,self,self,with_guess,conditionAC,10.073426573426575,1.5886486393489205,6.340877601201352,4.543683253793151e-09,on_on_p1,20
mock,scale1,self,self,with_guess,guessAC,10.230769230769235,1.2250063318613398,8.35160518331694,1.6456275227330614e-13,on_on_p1,20
mock,scale1,self,self,with_guess,conditionAC:guessAC,0.21739663844926882,1.901677181055826,0.11431837149592788,0.9091830536559231,on_on_p1,20
