study,scale,guesser,respondent,model_type,component,est,se,t,p,model_name,trial_id
mock,scale1,self,self,without_guess,intercept,19.288461538461537,0.5371793415115814,35.90693097799571,2.3434105868137793e-65,on_off_p3,29
mock,scale1,self,self,without_guess,conditionAC,12.68212669683258,0.7136010315709245,17.77201284156511,3.72389724548447e-35,on_off_p3,29
mock,scale1,self,self,with_guess,intercept,19.958333333333332,0.7915073083063435,25.215602084635073,6.733386785923914e-49,on_off_p3,29
mock,scale1,self,self,with_guess,conditionAC,11.166666666666668,1.5830146166126873,7.0540515226327765,1.3510441939581368e-10,on_off_p3,29
mock,scale1,self,self,with_guess,guessAC,-1.2440476190476173,1.0786426422877564,-1.153345482808879,0.25113954934447763,on_off_p3,29
mock,scale1,self,self,with_guess,conditionAC:guessAC,2.2023809523809508,1.8148043791851272,1.2135638296012108,0.2273795294187813,on_off_p3,29
