study,scale,guesser,respondent,model_type,component,est,se,t,p,model_name,trial_id
mock,scale1,self,self,without_guess,intercept,19.67307692307692,0.569255713340909,34.55929639707515,1.450063600322769e-63,on_off_p3,6
mock,scale1,self,self,without_guess,conditionAC,12.797511312217194,0.7562120001201816,16.923179359998702,2.388259435556287e-33,on_off_p3,6
mock,scale1,self,self,with_guess,intercept,20.192307692307697,0.8057936222971498,25.058907310216274,1.2415740202160611e-48,on_off_p3,6
mock,scale1,self,self,with_guess,conditionAC,11.107692307692306,1.5288859022978605,7.265219916671247,4.643855537448384e-11,on_off_p3,6
mock,scale1,self,self,with_guess,guessAC,-1.0384615384615374,1.1395642691263725,-0.9112794833920654,0.3640379689859561,on_off_p3,6
mock,scale1,self,self,with_guess,conditionAC:guessAC,2.4108753315649865,1.8104868097298674,1.3316171753411998,0.18559679280090133,on_off_p3,6
