study,scale,guesser,respondent,model_type,component,est,se,t,p,model_name,trial_id
mock,scale1,self,self,without_guess,intercept,22.923076923076916,0.6696072083474237,34.23361731671106,4.0084241993478017e-63,off_on_m2,43
mock,scale1,self,self,without_guess,conditionAC,2.429864253393667,0.8895211667661397,2.7316542249662876,0.007269827840278401,off_on_m2,43
mock,scale1,self,self,with_guess,intercept,19.666666666666664,0.8232092322524582,23.89024065346655,1.2962310224417343e-46,off_on_m2,43
mock,scale1,self,self,with_guess,conditionAC,0.5000000000000022,1.425840215521026,0.35067042895637074,0.7264716254281915,off_on_m2,43
mock,scale1,self,self,with_guess,guessAC,6.047619047619049,1.1218450823056672,5.390779121828218,3.7408941388373274e-07,off_on_m2,43
mock,scale1,self,self,with_guess,conditionAC:guessAC,0.2499999999999993,1.7042050179302477,0.14669596519767536,0.8836266476577151,off_on_m2,43
