study,scale,guesser,respondent,model_type,component,est,se,t,p,model_name,trial_id
mock,scale1,self,self,without_guess,intercept,20.326923076923077,0.6266726925086326,32.43626748048076,1.2687868595983095e-60,off_off_0,12
mock,scale1,self,self,without_guess,conditionAC,-0.42986425339366424,0.832485997270704,-0.5163621427903524,0.6065678234883666,off_off_0,12
mock,scale1,self,self,with_guess,intercept,20.749999999999996,0.925197310900014,22.427648411358653,5.414038477862158e-44,off_off_0,12
mock,scale1,self,self,with_guess,conditionAC,-2.1944444444444406,1.771617970957884,-1.2386668460232098,0.2179695891969911,off_off_0,12
mock,scale1,self,self,with_guess,guessAC,-0.7857142857142833,1.260831405590093,-0.6231715693555032,0.5343951042165795,off_off_0,12
mock,scale1,self,self,with_guess,conditionAC:guessAC,2.331853645412964,2.0543941570092388,1.1350565992689774,0.25869151878184493,off_off_0,12
