study,scale,guesser,respondent,model_type,component,est,se,t,p,model_name,trial_id
mock,scale1,self,self,without_guess,intercept,25.88461538461538,0.8783808654087061,29.46855561632869,3.0498104188487183e-56,off_on_p3,30
mock,scale1,self,self,without_guess,conditionAC,3.5859728506787354,1.1668607543693117,3.0731797579540276,0.002630774187315958,off_on_p3,30
mock,scale1,self,self,with_guess,intercept,20.458333333333325,1.0333037929726105,19.798953098273984,5.278637850302981e-39,off_on_p3,30
mock,scale1,self,self,with_guess,conditionAC,2.4305555555555625,1.978626123878841,1.2284056731196757,0.22178118443709488,off_on_p3,30
mock,scale1,self,self,with_guess,guessAC,10.077380952380954,1.4081557072705615,7.156439376945051,8.061126465988576e-11,off_on_p3,30
mock,scale1,self,self,with_guess,conditionAC:guessAC,-2.491693570083405,2.294443844236192,-1.0859684260055955,0.279744557767165,off_on_p3,30
