study,scale,guesser,respondent,model_type,component,est,se,t,p,model_name,trial_id
mock,scale1,self,self,without_guess,intercept,20.769230769230763,0.6279441971740656,33.07496249300247,1.5933363666780662e-61,on_off_p2,32
mock,scale1,self,self,without_guess,conditionAC,11.627828054298647,0.8341750924588157,13.939313412037325,1.0638514286464915e-26,on_off_p2,32
mock,scale1,self,self,with_guess,intercept,19.333333333333325,0.9136937410908896,21.159533510923048,1.2430150809368215e-41,on_off_p2,32
mock,scale1,self,self,with_guess,conditionAC,12.266666666666671,2.200465919879302,5.574576982014569,1.639386937297644e-07,on_off_p2,32
mock,scale1,self,self,with_guess,guessAC,2.66666666666667,1.2451546824512927,2.1416348540864787,0.034314582039805204,on_off_p2,32
mock,scale1,self,self,with_guess,conditionAC:guessAC,-1.8063492063492097,2.423975464679978,-0.7452011097759565,0.4576573889631397,on_off_p2,32
