study,scale,guesser,respondent,model_type,component,est,se,t,p,model_name,trial_id
mock,scale1,self,self,without_guess,intercept,18.88461538461538,0.5310479755245793,35.56103451097954,6.672572040039207e-65,on_off_p2,15
mock,scale1,self,self,without_guess,conditionAC,13.90950226244344,0.7054559880907495,19.717037628510607,3.7946256073732704e-39,on_off_p2,15
mock,scale1,self,self,with_guess,intercept,19.156249999999996,0.6815541529966539,28.106717442442235,1.3288039877761606e-53,on_off_p2,15
mock,scale1,self,self,with_guess,conditionAC,13.621527777777777,1.4546919720586304,9.36385711849434,7.351675309841382e-16,on_off_p2,15
mock,scale1,self,self,with_guess,guessAC,-0.706249999999998,1.0989730501764658,-0.6426454223664475,0.5217223845664243,on_off_p2,15
mock,scale1,self,self,with_guess,conditionAC:guessAC,0.7250823917137457,1.7638864336735827,0.4110709044933481,0.6817789637331624,on_off_p2,15
