study,scale,guesser,respondent,model_type,component,est,se,t,p,model_name,trial_id
mock,scale1,self,self,without_guess,intercept,19.61538461538462,0.5679529601405573,34.536988081777395,1.5542668302330165e-63,on_off_m1,30
mock,scale1,self,self,without_guess,conditionAC,9.899321266968323,0.754481393680557,13.120696348357715,8.357165048418905e-25,on_off_m1,30
mock,scale1,self,self,with_guess,intercept,20.333333333333336,0.828605352498625,24.539225183640216,9.628969491103731e-48,on_off_m1,30
mock,scale1,self,self,with_guess,conditionAC,11.03030303030303,1.4780373674888778,7.4628038999061586,1.6933201828879612e-11,on_off_m1,30
mock,scale1,self,self,with_guess,guessAC,-1.3333333333333324,1.1291987546462074,-1.1807782534714917,0.2401062546019977,on_off_m1,30
mock,scale1,self,self,with_guess,conditionAC:guessAC,-0.8724082934609269,1.7499104687547045,-0.4985445307277704,0.6190443009476961,on_off_m1,30
