study,scale,guesser,respondent,model_type,component,est,se,t,p,model_name,trial_id
mock,scale1,self,self,without_guess,intercept,20.903846153846153,0.6181440202005416,33.81711295543135,1.4884962083780008e-62,on_off_m3,23
mock,scale1,self,self,without_guess,conditionAC,6.478506787330318,0.8211563185457956,7.889492708042791,1.7162623879642733e-12,on_off_m3,23
mock,scale1,self,self,with_guess,intercept,20.846153846153843,0.8681914348828735,24.01101071558736,7.961974153131211e-47,on_off_m3,23
mock,scale1,self,self,with_guess,conditionAC,9.153846153846157,1.7120965985902716,5.34657107629521,4.5518683734096173e-07,on_off_m3,23
mock,scale1,self,self,with_guess,guessAC,0.11538461538461726,1.2278081019475175,0.0939760987092341,0.9252902735162094,on_off_m3,23
mock,scale1,self,self,with_guess,conditionAC:guessAC,-3.13233376792699,2.004294128495188,-1.562811427421946,0.12082104709061833,on_off_m3,23
