study,scale,guesser,respondent,model_type,component,est,se,t,p,model_name,trial_id
mock,scale1,self,self,without_guess,intercept,24.807692307692303,0.7338650814580662,33.80415955805337,1.5508131292133354e-62,off_on_m1,2
mock,scale1,self,self,without_guess,conditionAC,1.3834841628959293,0.9748827601760371,1.4191287603097116,0.15849761224792489,off_on_m1,2
mock,scale1,self,self,with_guess,intercept,21.416666666666657,0.8986868384825383,23.831067452628314,1.646833101549118e-46,off_on_m1,2
mock,scale1,self,self,with_guess,conditionAC,-1.3333333333333286,1.5565712643452014,-0.8565835460763297,0.39344116286192043,off_on_m1,2
mock,scale1,self,self,with_guess,guessAC,6.297619047619053,1.224703721465646,5.142157190542763,1.1146993345076696e-06,off_on_m1,2
mock,scale1,self,self,with_guess,conditionAC:guessAC,1.119047619047614,1.8604585076131943,0.6014902318263761,0.5486872114985348,off_on_m1,2
