study,scale,guesser,respondent,model_type,component,est,se,t,p,model_name,trial_id
mock,scale1,self,self,without_guess,intercept,23.865384615384613,0.7982368188900223,29.89762442751051,6.764873154899486e-57,off_on_0,46
mock,scale1,self,self,without_guess,conditionAC,2.855203619909503,1.0603956134927655,2.6925833939513772,0.008121871472817788,off_on_0,46
mock,scale1,self,self,with_guess,intercept,20.240000000000002,0.9217096095133724,21.959193862246863,3.943791736733712e-43,off_on_0,46
mock,scale1,self,self,with_guess,conditionAC,-0.9899999999999971,1.6184688844183321,-0.6116892388424242,0.5419403780425311,off_on_0,46
mock,scale1,self,self,with_guess,guessAC,6.982222222222221,1.279127703670129,5.458581033143544,2.7640624995689775e-07,off_on_0,46
mock,scale1,self,self,with_guess,conditionAC:guessAC,2.0892063492063473,1.9455907528615886,1.073815932838665,0.28513385697888305,off_on_0,46
