study,scale,guesser,respondent,model_type,component,est,se,t,p,model_name,trial_id
mock,scale1,self,self,without_guess,intercept,23.346153846153843,0.8283946520970692,28.182405314970815,3.0831759070423775e-54,on_on_m1,40
mock,scale1,self,self,without_guess,conditionAC,10.668552036199097,1.1004579524984597,9.69464758919449,1.0620857787581267e-16,on_on_m1,40
mock,scale1,self,self,with_guess,intercept,19.806451612903224,0.8311649810297962,23.82974748089536,1.6556583757303665e-46,on_on_m1,40
mock,scale1,self,self,with_guess,conditionAC,7.622119815668205,1.4901482466055365,5.115007740357989,1.2536562134817888e-06,on_on_m1,40
mock,scale1,self,self,with_guess,guessAC,8.764976958525347,1.3079142198443767,6.701492212209647,7.827080116189278e-10,on_on_m1,40
mock,scale1,self,self,with_guess,conditionAC:guessAC,-0.47132616487455303,1.907075449521678,-0.24714605024817893,0.8052320797847361,on_on_m1,40
