study,scale,guesser,respondent,model_type,component,est,se,t,p,model_name,trial_id
mock,scale1,self,self,without_guess,intercept,19.34615384615384,0.6037947441458096,32.04094443306708,4.6586726628274427e-60,on_off_m2,10
mock,scale1,self,self,without_guess,conditionAC,9.315610859728508,0.8020944198396034,11.614107553062608,2.929341839251046e-21,on_off_m2,10
mock,scale1,self,self,with_guess,intercept,20.166666666666657,0.7926531638280541,25.4419809154276,2.794706957544813e-49,on_off_m2,10
mock,scale1,self,self,with_guess,conditionAC,8.910256410256412,1.4416032378369263,6.180796613377431,9.784391673342134e-09,on_off_m2,10
mock,scale1,self,self,with_guess,guessAC,-1.9393939393939361,1.2186346678778832,-1.59144819240304,0.11423031528014858,on_off_m2,10
mock,scale1,self,self,with_guess,conditionAC:guessAC,1.426107226107223,1.8104419010893478,0.7877122294005294,0.4324716852037672,on_off_m2,10
