study,scale,guesser,respondent,model_type,component,est,se,t,p,model_name,trial_id
mock,scale1,self,self,without_guess,intercept,22.59615384615384,0.6969664289159576,32.42072058090269,1.3350555866836237e-60,on_on_m3,45
mock,scale1,self,self,without_guess,conditionAC,9.109728506787329,0.9258657662545423,9.83914606070752,4.828453102372535e-17,on_on_m3,45
mock,scale1,self,self,with_guess,intercept,20.32258064516129,0.8216360098847891,24.734286716585057,4.448030661295903e-48,on_on_m3,45
mock,scale1,self,self,with_guess,conditionAC,6.510752688172044,2.040350137899445,3.1909977445708955,0.0018243035900144789,on_on_m3,45
mock,scale1,self,self,with_guess,guessAC,5.629800307219664,1.292919511037468,4.354331618603377,2.8933444296558256e-05,on_on_m3,45
mock,scale1,self,self,with_guess,conditionAC:guessAC,-0.2857142857142908,2.3445952061876167,-0.12186081629795317,0.9032201040601453,on_on_m3,45
