study,scale,guesser,respondent,model_type,component,est,se,t,p,model_name,trial_id
mock,scale1,self,self,without_guess,intercept,20.48076923076923,0.554178650002849,36.956979902895824,1.0288105416822149e-66,on_off_m1,25
mock,scale1,self,self,without_guess,conditionAC,8.430995475113122,0.7361832925365566,11.452304827597626,7.088021350167768e-21,on_off_m1,25
mock,scale1,self,self,with_guess,intercept,20.6,0.7355734245406764,28.00536195671224,1.9154880109605537e-53,on_off_m1,25
mock,scale1,self,self,with_guess,conditionAC,8.100000000000001,1.471146849081353,5.505908540033231,2.2350573157286206e-07,on_off_m1,25
mock,scale1,self,self,with_guess,guessAC,-0.2818181818181797,1.1308795786367094,-0.24920264468646194,0.8036447515014012,on_off_m1,25
mock,scale1,self,self,with_guess,conditionAC:guessAC,0.5300940438871451,1.7838038862631649,0.29717058470907504,0.7668677721620054,on_off_m1,25
