study,scale,guesser,respondent,model_type,component,est,se,t,p,model_name,trial_id
mock,scale1,self,self,without_guess,intercept,26.115384615384613,0.9398681622693515,27.78622115715454,1.319186793563905e-53,on_on_p3,45
mock,scale1,self,self,without_guess,conditionAC,16.414027149321267,1.2485418524264273,13.146557416094703,7.274486010197015e-25,on_on_p3,45
mock,scale1,self,self,with_guess,intercept,20.78260869565217,1.0469093253148591,19.85139323255314,4.1627058494744327e-39,on_on_p3,45
mock,scale1,self,self,with_guess,conditionAC,12.217391304347831,1.7879380521542234,6.833229646646609,4.0764780723747437e-10,on_on_p3,45
mock,scale1,self,self,with_guess,guessAC,9.562218890554725,1.4018829092039171,6.820982571208313,4.3322639770605037e-10,on_on_p3,45
mock,scale1,self,self,with_guess,conditionAC:guessAC,2.009209680873845,2.12511876147327,0.9454575985583652,0.34639052790021896,on_on_p3,45
