study,scale,guesser,respondent,model_type,component,est,se,t,p,model_name,trial_id
mock,scale1,self,self,without_guess,intercept,23.634615384615383,0.8281568246520681,28.538816177171455,8.446592244252627e-55,off_on_0,21
mock,scale1,self,self,without_guess,conditionAC,2.4683257918552046,1.1001420172102352,2.243642869049253,0.02672101767100598,off_on_0,21
mock,scale1,self,self,with_guess,intercept,18.625000000000004,0.9262887847201934,20.10712027094888,1.3137783825765864e-39,off_on_0,21
mock,scale1,self,self,with_guess,conditionAC,0.5416666666666679,1.604379237616605,0.3376175993597025,0.7362615580810336,off_on_0,21
mock,scale1,self,self,with_guess,guessAC,9.303571428571429,1.2623188336820776,7.370223100794349,2.7196782436896224e-11,off_on_0,21
mock,scale1,self,self,with_guess,conditionAC:guessAC,-0.8809523809523816,1.9175999650214692,-0.4594036279837534,0.6468041216097782,off_on_0,21
