study,scale,guesser,respondent,model_type,df1,df2,f,adjr2,p,model_name,trial_id
mock,scale1,self,self,without_guess,1.0,118.0,1.421251820229757,0.0035274443518972243,0.23558946594513439,off_off_0,4
mock,scale1,self,self,with_guess,3.0,116.0,0.7819794482790487,-0.005526692882835249,0.5063252498299756,off_off_0,4
