study,scale,guesser,respondent,model_type,component,est,se,t,p,model_name,trial_id
mock,scale1,self,self,without_guess,intercept,24.230769230769234,0.8703149257545856,27.841380761981682,1.0764990793014837e-53,on_on_p2,26
mock,scale1,self,self,without_guess,conditionAC,16.357466063348415,1.1561457800339758,14.148272947783207,3.527371031175904e-27,on_on_p2,26
mock,scale1,self,self,with_guess,intercept,18.888888888888893,0.7935042408353546,23.804395637512638,1.83471238523197e-46,on_on_p2,26
mock,scale1,self,self,with_guess,conditionAC,12.656565656565657,1.4748393209400605,8.581657321489354,4.858912459235346e-14,on_on_p2,26
mock,scale1,self,self,with_guess,guessAC,11.11111111111111,1.1444080910519991,9.709046272905326,1.139128179585104e-16,on_on_p2,26
mock,scale1,self,self,with_guess,conditionAC:guessAC,-0.3232323232323245,1.7757890362704933,-0.18202180362098416,0.855883318755,on_on_p2,26
