study,scale,guesser,respondent,model_type,component,est,se,t,p,model_name,trial_id
mock,scale1,self,self,without_guess,intercept,24.346153846153843,0.7041659810866678,34.57445332502842,1.383308882267074e-63,off_on_0,41
mock,scale1,self,self,without_guess,conditionAC,2.2126696832579196,0.9354298121119475,2.365404282190141,0.019641142595689283,off_on_0,41
mock,scale1,self,self,with_guess,intercept,21.111111111111107,0.8189578480450959,25.778019175839958,7.65254506370614e-50,off_on_0,41
mock,scale1,self,self,with_guess,conditionAC,0.25252525252525565,1.5221484326508814,0.1659005436713376,0.868524023211401,off_on_0,41
mock,scale1,self,self,with_guess,guessAC,6.728888888888889,1.181117805428096,5.69705143548319,9.385459877930108e-08,off_on_0,41
mock,scale1,self,self,with_guess,conditionAC:guessAC,-0.5311217437533244,1.832751852964466,-0.2897946838216194,0.7724906764014283,off_on_0,41
