study,scale,guesser,respondent,model_type,component,est,se,t,p,model_name,trial_id
mock,scale1,self,self,without_guess,intercept,24.32692307692307,0.7664227546070898,31.74086746601669,1.2611166540702822e-59,on_on_m1,42
mock,scale1,self,self,without_guess,conditionAC,11.71719457013575,1.0181331001450236,11.508509612806758,5.2140683919499265e-21,on_on_m1,42
mock,scale1,self,self,with_guess,intercept,21.25806451612903,0.8080716354465567,26.307153454757007,1.0196401434008732e-50,on_on_m1,42
mock,scale1,self,self,with_guess,conditionAC,7.11693548387097,1.7841738617816105,3.988924866752761,0.00011657249057626031,on_on_m1,42
mock,scale1,self,self,with_guess,guessAC,7.599078341013825,1.271574725566505,5.976116218909844,2.5746147852968896e-08,on_on_m1,42
mock,scale1,self,self,with_guess,conditionAC:guessAC,1.0925883256528408,2.117680751173594,0.515936278425037,0.6068809399504234,on_on_m1,42
