study,scale,guesser,respondent,model_type,component,est,se,t,p,model_name,trial_id
mock,scale1,self,self,without_guess,intercept,22.961538461538463,0.7106883714977513,32.30887036064458,1.926736168400106e-60,off_on_m3,33
mock,scale1,self,self,without_guess,conditionAC,1.3031674208144806,0.9440943011679868,1.3803360736340282,0.17009253339521585,off_on_m3,33
mock,scale1,self,self,with_guess,intercept,19.615384615384617,0.8664075569968748,22.63990480805025,2.22068577277825e-44,off_on_m3,33
mock,scale1,self,self,with_guess,conditionAC,-1.0439560439560394,1.8811792581517535,-0.5549476688264783,0.5799989742193267,off_on_m3,33
mock,scale1,self,self,with_guess,guessAC,6.692307692307693,1.2252853176475207,5.4618361910649105,2.7240552434744636e-07,off_on_m3,33
mock,scale1,self,self,with_guess,conditionAC:guessAC,-0.3457034768510216,2.14696338454341,-0.16101973575322134,0.8723579519787672,off_on_m3,33
