study,scale,guesser,respondent,model_type,component,est,se,t,p,model_name,trial_id
mock,scale1,self,self,without_guess,intercept,20.096153846153847,0.5662421701120264,35.490387164520065,8.271090779477769e-65,on_off_m3,46
mock,scale1,self,self,without_guess,conditionAC,6.85972850678733,0.7522087420076062,9.119447998542359,2.4178119539026276e-15,on_off_m3,46
mock,scale1,self,self,with_guess,intercept,19.400000000000002,0.8097883341634387,23.956877595725555,9.903904912048592e-47,on_off_m3,46
mock,scale1,self,self,with_guess,conditionAC,9.885714285714284,1.7314002869977116,5.709664229556265,8.858439500292192e-08,on_off_m3,46
mock,scale1,self,self,with_guess,guessAC,1.3407407407407408,1.123805894661566,1.1930358677683433,0.23528980785060832,on_off_m3,46
mock,scale1,self,self,with_guess,conditionAC:guessAC,-3.9379304362910905,1.9681672757399193,-2.00081084815855,0.047747922263131785,on_off_m3,46
