study,scale,guesser,respondent,model_type,component,est,se,t,p,model_name,trial_id
mock,scale1,self,self,without_guess,intercept,19.596153846153843,0.6958427886720304,28.161754587630053,3.3246161722529463e-54,on_off_p3,34
mock,scale1,self,self,without_guess,conditionAC,13.595022624434389,0.9243730974655214,14.707289363688426,1.88071305429847e-28,on_off_p3,34
mock,scale1,self,self,with_guess,intercept,20.192307692307686,0.9889169939465137,20.418607239951832,3.260246977915821e-40,on_off_p3,34
mock,scale1,self,self,with_guess,conditionAC,13.507692307692311,1.8763380706307577,7.198965111415934,6.499952625367779e-11,on_off_p3,34
mock,scale1,self,self,with_guess,guessAC,-1.1923076923076892,1.3985398249003917,-0.8525375331321787,0.3956726206621147,on_off_p3,34
mock,scale1,self,self,with_guess,conditionAC:guessAC,0.5957559681697576,2.221935150533652,0.2681248226469041,0.7890794507729495,on_off_p3,34
