study,scale,guesser,respondent,model_type,component,est,se,t,p,model_name,trial_id
mock,scale1,self,self,without_guess,intercept,22.730769230769226,0.683193126403494,33.27136698583298,8.472963252402376e-62,on_on_m3,41
mock,scale1,self,self,without_guess,conditionAC,9.210407239819006,0.9075690036624154,10.14843742200451,8.907918744968043e-18,on_on_m3,41
mock,scale1,self,self,with_guess,intercept,19.857142857142858,0.8219060955823545,24.159868096699356,4.3763327906295364e-47,on_on_m3,41
mock,scale1,self,self,with_guess,conditionAC,7.767857142857143,1.7435261210545245,4.455257107452434,1.9422078836438715e-05,on_on_m3,41
mock,scale1,self,self,with_guess,guessAC,6.226190476190478,1.2098130151267592,5.1464072533044485,1.0943518179858221e-06,on_on_m3,41
mock,scale1,self,self,with_guess,conditionAC:guessAC,-1.3345238095238106,2.0354970884430106,-0.655625506467618,0.5133633243497113,on_on_m3,41
