study,scale,guesser,respondent,model_type,component,est,se,t,p,model_name,trial_id
mock,scale1,self,self,without_guess,intercept,24.903846153846153,0.8352906636506892,29.81458699059602,9.042038527923514e-57,on_on_p1,19
mock,scale1,self,self,without_guess,conditionAC,14.52262443438914,1.109618768222573,13.087940516409972,9.963553239270159e-25,on_on_p1,19
mock,scale1,self,self,with_guess,intercept,19.857142857142858,1.0713887336556203,18.534022463900204,1.80374249930392e-36,on_on_p1,19
mock,scale1,self,self,with_guess,conditionAC,11.517857142857144,2.0398633759250155,5.646386556469326,1.1830086427704779e-07,on_on_p1,19
mock,scale1,self,self,with_guess,guessAC,8.465437788018434,1.387611530738806,6.10072603209861,1.431186069877484e-08,on_on_p1,19
mock,scale1,self,self,with_guess,conditionAC:guessAC,0.6595622119815648,2.310928465051822,0.28541005139541364,0.77583899843024,on_on_p1,19
