study,scale,guesser,respondent,model_type,component,est,se,t,p,model_name,trial_id
mock,scale1,self,self,without_guess,intercept,20.269230769230766,0.6099856817908346,33.22902713015013,9.706230865200256e-62,on_off_p3,28
mock,scale1,self,self,without_guess,conditionAC,12.686651583710407,0.8103185996404305,15.656374652315721,1.4015906887593769e-30,on_off_p3,28
mock,scale1,self,self,with_guess,intercept,20.36666666666666,0.7978029280329932,25.528443116749745,2.0003318905495342e-49,on_off_p3,28
mock,scale1,self,self,with_guess,conditionAC,10.633333333333336,1.4143534243864824,7.518158580445237,1.27441617703191e-11,on_off_p3,28
mock,scale1,self,self,with_guess,guessAC,-0.2303030303030294,1.226551978345967,-0.1877645907950825,0.851389246422873,on_off_p3,28
mock,scale1,self,self,with_guess,conditionAC:guessAC,2.693265993265991,1.794976639712169,1.500446264135151,0.1362157983704529,on_off_p3,28
