study,scale,guesser,respondent,model_type,component,est,se,t,p,model_name,trial_id
mock,scale1,self,self,without_guess,intercept,24.538461538461533,0.7601502876975132,32.28106590972722,2.111038494242855e-60,on_on_m1,15
mock,scale1,self,self,without_guess,conditionAC,11.035067873303168,1.0098006150487557,10.927967074738183,1.248129477024195e-19,on_on_m1,15
mock,scale1,self,self,with_guess,intercept,20.769230769230763,0.9201698296845222,22.57108427077145,2.9629485748846175e-44,on_on_m1,15
mock,scale1,self,self,with_guess,conditionAC,10.412587412587417,1.6876116278791156,6.1700140248934545,1.0299901354572054e-08,on_on_m1,15
mock,scale1,self,self,with_guess,guessAC,7.538461538461542,1.3013166528263924,5.792949411727264,6.038431022273726e-08,on_on_m1,15
mock,scale1,self,self,with_guess,conditionAC:guessAC,-2.2992270887007753,2.020139912458844,-1.1381523995049612,0.2574020918519967,on_on_m1,15
