study,scale,guesser,respondent,model_type,component,est,se,t,p,model_name,trial_id
mock,scale1,self,self,without_guess,intercept,22.230769230769223,0.7271912196351911,30.570733846211315,6.586861891533761e-58,on_on_m3,7
mock,scale1,self,self,without_guess,conditionAC,9.416289592760181,0.9660170531144732,9.747539717235561,7.95969754514542e-17,on_on_m3,7
mock,scale1,self,self,with_guess,intercept,19.344827586206897,0.8676947771696825,22.29450734889454,9.494520156597205e-44,on_on_m3,7
mock,scale1,self,self,with_guess,conditionAC,8.746081504702195,1.654629017830166,5.285826254982256,5.951874191732519e-07,on_on_m3,7
mock,scale1,self,self,with_guess,guessAC,6.5247376311844105,1.304682199668502,5.001016824512695,2.045071077409714e-06,on_on_m3,7
mock,scale1,self,self,with_guess,conditionAC:guessAC,-2.282313388760168,2.01746128858334,-1.1312798920482916,0.26027068060042585,on_on_m3,7
