study,scale,guesser,respondent,model_type,component,est,se,t,p,model_name,trial_id
mock,scale1,self,self,without_guess,intercept,22.57692307692307,0.7170208406634448,31.48712254448992,2.9444673799067926e-59,on_on_0,14
mock,scale1,self,self,without_guess,conditionAC,15.452488687782807,0.9525064946010295,16.222974620509326,7.905706833588317e-32,on_on_0,14
mock,scale1,self,self,with_guess,intercept,19.433333333333323,0.773485897509976,25.124353780584194,9.612629073563563e-49,on_on_0,14
mock,scale1,self,self,with_guess,conditionAC,12.19166666666667,1.6857734307499224,7.232090887352023,5.4948462921019224e-11,on_on_0,14
mock,scale1,self,self,with_guess,guessAC,7.430303030303032,1.1891666782330137,6.248327645157146,7.087138939258195e-09,on_on_0,14
mock,scale1,self,self,with_guess,conditionAC:guessAC,-0.17196969696969988,1.9891730019328882,-0.0864528609641274,0.9312554788433246,on_on_0,14
