study,scale,guesser,respondent,model_type,component,est,se,t,p,model_name,trial_id
mock,scale1,self,self,without_guess,intercept,24.269230769230763,0.7864580774498519,30.858899495222335,2.4597370482445113e-58,off_on_p1,36
mock,scale1,self,self,without_guess,conditionAC,3.216063348416291,1.0447484703642511,3.0783135267908186,0.0025892168907968726,off_on_p1,36
mock,scale1,self,self,with_guess,intercept,19.559999999999995,0.8338606596476908,23.457156508935398,7.543847583360312e-46,off_on_p1,36
mock,scale1,self,self,with_guess,conditionAC,0.9400000000000024,1.4642111980289094,0.6419838895272832,0.5221502975527662,off_on_p1,36
mock,scale1,self,self,with_guess,guessAC,9.06962962962963,1.1572129223206662,7.8374769713437535,2.4432430853107504e-12,off_on_p1,36
mock,scale1,self,self,with_guess,conditionAC:guessAC,-0.5874867724867741,1.7601547947863445,-0.33376994695406087,0.7391557699853561,off_on_p1,36
