study,scale,guesser,respondent,model_type,component,est,se,t,p,model_name,trial_id
mock,scale1,self,self,without_guess,intercept,22.884615384615383,0.6539950115443702,34.9920335486577,3.8010514055215854e-64,off_on_m2,11
mock,scale1,self,self,without_guess,conditionAC,0.9095022624434401,0.8687815759389912,1.0468710290736052,0.2972987066349629,off_on_m2,11
mock,scale1,self,self,with_guess,intercept,20.359999999999996,0.8212320496399311,24.792018296079444,3.541963315344083e-48,off_on_m2,11
mock,scale1,self,self,with_guess,conditionAC,-2.471111111111109,1.5961881919852152,-1.5481326848043728,0.12431432967449349,off_on_m2,11
mock,scale1,self,self,with_guess,guessAC,4.862222222222224,1.1396872236048852,4.266277730869688,4.077215844099253e-05,off_on_m2,11
mock,scale1,self,self,with_guess,conditionAC:guessAC,1.9438041431261748,1.8595842815126948,1.0452896179273845,0.29806246238858497,off_on_m2,11
