study,scale,guesser,respondent,model_type,component,est,se,t,p,model_name,trial_id
mock,scale1,self,self,without_guess,intercept,23.40384615384615,0.6680883190867867,35.031066230639965,3.370903285862989e-64,off_on_m3,30
mock,scale1,self,self,without_guess,conditionAC,1.831447963800906,0.8875034403580789,2.0635953400495843,0.041249150484820155,off_on_m3,30
mock,scale1,self,self,with_guess,intercept,20.576923076923077,0.8329586656894771,24.703414376379214,5.024961684004584e-48,off_on_m3,30
mock,scale1,self,self,with_guess,conditionAC,0.22307692307692567,1.5804279482120975,0.1411496951375022,0.8879965149277509,off_on_m3,30
mock,scale1,self,self,with_guess,guessAC,5.653846153846155,1.1779814419142558,4.799605454444581,4.779393274533958e-06,off_on_m3,30
mock,scale1,self,self,with_guess,conditionAC:guessAC,-0.45384615384615606,1.8715222304463293,-0.24250107557521278,0.8088201651405524,off_on_m3,30
