study,scale,guesser,respondent,model_type,component,est,se,t,p,model_name,trial_id
mock,scale1,self,self,without_guess,intercept,21.5,0.6598815567910811,32.58160465122215,7.890429946193794e-61,off_on_m3,4
mock,scale1,self,self,without_guess,conditionAC,2.8235294117647065,0.8766013940813299,3.2209958035986688,0.001650936066905446,off_on_m3,4
mock,scale1,self,self,with_guess,intercept,18.214285714285715,0.7607600100315862,23.942222874634894,1.0507298855332397e-46,off_on_m3,4
mock,scale1,self,self,with_guess,conditionAC,2.8766233766233786,1.4324637365445565,2.008164886297561,0.04694915978502195,off_on_m3,4
mock,scale1,self,self,with_guess,guessAC,7.119047619047619,1.1198084142106908,6.357380002422609,4.1961519102275965e-09,off_on_m3,4
mock,scale1,self,self,with_guess,conditionAC:guessAC,-3.26258828890408,1.7353583317056078,-1.8800660528119426,0.06260749719775434,off_on_m3,4
