study,scale,guesser,respondent,model_type,component,est,se,t,p,model_name,trial_id
mock,scale1,self,self,without_guess,intercept,20.499999999999993,0.595088159803648,34.44867733003469,2.046400082850723e-63,on_off_p3,17
mock,scale1,self,self,without_guess,conditionAC,12.529411764705884,0.7905283987961607,15.849413865189451,5.240122138763547e-31,on_off_p3,17
mock,scale1,self,self,with_guess,intercept,20.407407407407398,0.8319436404575621,24.52979554742854,9.996321713676766e-48,on_off_p3,17
mock,scale1,self,self,with_guess,conditionAC,13.342592592592593,1.7401349707501985,7.667561894259501,5.89898093002684e-12,on_off_p3,17
mock,scale1,self,self,with_guess,guessAC,0.19259259259259492,1.199846181586367,0.16051440221942465,0.872755072250662,on_off_p3,17
mock,scale1,self,self,with_guess,conditionAC:guessAC,-1.0092592592592609,2.0216401644213047,-0.4992279422526025,0.618564309338985,on_off_p3,17
