study,scale,guesser,respondent,model_type,component,est,se,t,p,model_name,trial_id
mock,scale1,self,self,without_guess,intercept,24.634615384615387,0.7749092976100477,31.79032108737466,1.0696861309770562e-59,off_on_p2,12
mock,scale1,self,self,without_guess,conditionAC,4.5565610859728505,1.0294068133603171,4.426394916795586,2.1507297690991323e-05,off_on_p2,12
mock,scale1,self,self,with_guess,intercept,20.259259259259263,0.7715031903966466,26.259462710508735,1.2213100989399915e-50,off_on_p2,12
mock,scale1,self,self,with_guess,conditionAC,-0.134259259259258,1.6137146993709557,-0.08319888225074344,0.9338368040435776,off_on_p2,12
mock,scale1,self,self,with_guess,guessAC,9.10074074074074,1.1126777248636663,8.179134476567176,4.087112083615698e-13,off_on_p2,12
mock,scale1,self,self,with_guess,conditionAC:guessAC,1.1742592592592582,1.8747686271478856,0.6263488956744901,0.5323167452208148,off_on_p2,12
