study,scale,guesser,respondent,model_type,component,est,se,t,p,model_name,trial_id
mock,scale1,self,self,without_guess,intercept,20.769230769230766,0.6788698429873892,30.593833241781784,6.085150144053878e-58,off_on_m3,23
mock,scale1,self,self,without_guess,conditionAC,4.3042986425339365,0.9018258574408489,4.772871177977127,5.254784171616358e-06,off_on_m3,23
mock,scale1,self,self,with_guess,intercept,18.06896551724138,0.7775775881088721,23.237508119526026,1.8581657895815087e-45,off_on_m3,23
mock,scale1,self,self,with_guess,conditionAC,1.4865900383141772,1.597770057511059,0.9304155071161657,0.35408824898267044,off_on_m3,23
mock,scale1,self,self,with_guess,guessAC,6.104947526236882,1.1691802979107047,5.221562095381069,7.889772416207547e-07,off_on_m3,23
mock,scale1,self,self,with_guess,conditionAC:guessAC,0.254751155495697,1.9006352401527056,0.1340347427606515,0.8936073710920285,off_on_m3,23
