study,scale,guesser,respondent,model_type,component,est,se,t,p,model_name,trial_id
mock,scale1,self,self,without_guess,intercept,19.903846153846153,0.5172236403598972,38.4820889857172,1.251649408234927e-68,on_off_p1,47
mock,scale1,self,self,without_guess,conditionAC,12.610859728506789,0.6870914325839428,18.353976094682427,2.2636481126577782e-36,on_off_p1,47
mock,scale1,self,self,with_guess,intercept,20.347826086956523,0.7816939270539704,26.030426209965487,2.9151847539168793e-50,on_off_p1,47
mock,scale1,self,self,with_guess,conditionAC,11.65217391304348,1.4200175370244876,8.205654936811209,3.554600955162567e-13,on_off_p1,47
mock,scale1,self,self,with_guess,guessAC,-0.7961019490254843,1.0467414226498353,-0.7605526367822008,0.44846748547524895,on_off_p1,47
mock,scale1,self,self,with_guess,conditionAC:guessAC,1.3995502248875529,1.6563161295187603,0.844977718893669,0.3998627141611776,on_off_p1,47
