study,scale,guesser,respondent,model_type,component,est,se,t,p,model_name,trial_id
mock,scale1,self,self,without_guess,intercept,21.90384615384615,0.7191622549230076,30.457446847222457,9.721119435407055e-58,off_on_m3,8
mock,scale1,self,self,without_guess,conditionAC,2.610859728506788,0.9553511971175943,2.73287952784699,0.007244471258566984,off_on_m3,8
mock,scale1,self,self,with_guess,intercept,19.187499999999993,0.8133174490864596,23.591649265058702,4.355743292094317e-46,off_on_m3,8
mock,scale1,self,self,with_guess,conditionAC,1.9375000000000009,1.818633103444048,1.0653605701616495,0.28892527699626896,off_on_m3,8
mock,scale1,self,self,with_guess,guessAC,7.0625000000000036,1.3114349811447443,5.385322262667713,3.8327853741435106e-07,off_on_m3,8
mock,scale1,self,self,with_guess,conditionAC:guessAC,-3.220833333333335,2.172232710212699,-1.4827294139300389,0.14085806604761317,off_on_m3,8
