study,scale,guesser,respondent,model_type,component,est,se,t,p,model_name,trial_id
mock,scale1,self,self,without_guess,intercept,23.40384615384615,0.610825162420715,38.315131061556365,2.01340536349584e-68,off_on_m3,28
mock,scale1,self,self,without_guess,conditionAC,1.1402714932126707,0.8114337844533477,1.4052551361055994,0.16257272020192617,off_on_m3,28
mock,scale1,self,self,with_guess,intercept,20.99999999999999,0.7885002393481713,26.632839093822014,2.9915371804926164e-51,off_on_m3,28
mock,scale1,self,self,with_guess,conditionAC,0.7500000000000058,1.403146459544307,0.5345129832302606,0.5940096772216437,off_on_m3,28
mock,scale1,self,self,with_guess,guessAC,4.807692307692314,1.1151077324206153,4.311415092832363,3.421732465040804e-05,off_on_m3,28
mock,scale1,self,self,with_guess,conditionAC:guessAC,-1.4148351648351711,1.6968247379783186,-0.833813376931831,0.4060998577651359,off_on_m3,28
