study,scale,guesser,respondent,model_type,component,est,se,t,p,model_name,trial_id
mock,scale1,self,self,without_guess,intercept,21.923076923076923,0.6626326112111142,33.08481434834219,1.5435417880391866e-61,off_on_m3,26
mock,scale1,self,self,without_guess,conditionAC,2.7680995475113126,0.8802559561992981,3.1446530159968487,0.002104153856288289,off_on_m3,26
mock,scale1,self,self,with_guess,intercept,19.699999999999996,0.7834808883014833,25.144199806466037,8.895749245415082e-49,off_on_m3,26
mock,scale1,self,self,with_guess,conditionAC,1.2166666666666675,1.465758526554727,0.8300594160802521,0.4082102200877069,off_on_m3,26
mock,scale1,self,self,with_guess,guessAC,5.254545454545455,1.204533099310333,4.3623088959149365,2.804200704243644e-05,off_on_m3,26
mock,scale1,self,self,with_guess,conditionAC:guessAC,-0.6712121212121216,1.820535589793361,-0.3686893708506447,0.7130313057308892,off_on_m3,26
