study,scale,guesser,respondent,model_type,component,est,se,t,p,model_name,trial_id
mock,scale1,self,self,without_guess,intercept,20.249999999999996,0.5886294120305374,34.40195067749936,2.3675716614116072e-63,on_off_m3,32
mock,scale1,self,self,without_guess,conditionAC,6.3529411764705905,0.7819484540414371,8.124501229762563,4.979558566145657e-13,on_off_m3,32
mock,scale1,self,self,with_guess,intercept,19.759999999999998,0.8533516136178269,23.155753952613377,2.602643050468402e-45,on_off_m3,32
mock,scale1,self,self,with_guess,conditionAC,6.4542857142857155,1.4242830297105835,4.531603325778049,1.4312035592180348e-05,on_off_m3,32
mock,scale1,self,self,with_guess,guessAC,0.9437037037037067,1.1842620264385275,0.7968706946905489,0.42715411892222266,on_off_m3,32
mock,scale1,self,self,with_guess,conditionAC:guessAC,-0.45428571428571685,1.7435548471217552,-0.2605514332030608,0.7949004042825332,on_off_m3,32
