study,scale,guesser,respondent,model_type,component,est,se,t,p,model_name,trial_id
mock,scale1,self,self,without_guess,intercept,22.71153846153847,0.6350980183729865,35.76068229550075,3.6437274073426373e-65,on_on_m3,26
mock,scale1,self,self,without_guess,conditionAC,7.891402714932125,0.8436783882722008,9.353567454884333,6.795588351173712e-16,on_on_m3,26
mock,scale1,self,self,with_guess,intercept,21.400000000000013,0.8052719672983379,26.574872675372443,3.7182238833795135e-51,on_on_m3,26
mock,scale1,self,self,with_guess,conditionAC,6.155555555555553,1.6763072746481538,3.6720926101377,0.000365252602558579,on_on_m3,26
mock,scale1,self,self,with_guess,guessAC,3.0999999999999988,1.2380349706556584,2.503968040869032,0.013671053551296861,on_on_m3,26
mock,scale1,self,self,with_guess,conditionAC:guessAC,0.4122410546139379,2.0059911878175427,0.2055049180263068,0.8375378617785262,on_on_m3,26
