study,scale,guesser,respondent,model_type,component,est,se,t,p,model_name,trial_id
mock,scale1,self,self,without_guess,intercept,25.365384615384617,0.8809079077519174,28.794592933235485,3.3602354394810375e-55,off_on_p2,14
mock,scale1,self,self,without_guess,conditionAC,3.7228506787330313,1.1702177338426187,3.1813316198075268,0.001873639591483814,off_on_p2,14
mock,scale1,self,self,with_guess,intercept,20.31818181818182,1.0040226160341812,20.23677703440308,7.344113352327659e-40,off_on_p2,14
mock,scale1,self,self,with_guess,conditionAC,-2.8181818181818166,1.9442814355579945,-1.4494721631557517,0.14990394698962486,off_on_p2,14
mock,scale1,self,self,with_guess,guessAC,8.748484848484846,1.3218571973101876,6.6183282629068465,1.17844759787985e-09,off_on_p2,14
mock,scale1,self,self,with_guess,conditionAC:guessAC,4.384848484848484,2.211130447421497,1.9830799625421744,0.049721474797098375,off_on_p2,14
