study,scale,guesser,respondent,model_type,component,est,se,t,p,model_name,trial_id
mock,scale1,self,self,without_guess,intercept,26.17307692307692,0.8094104804465712,32.33597483026981,1.7626796289556139e-60,on_on_p3,25
mock,scale1,self,self,without_guess,conditionAC,17.679864253393667,1.0752389549934656,16.442730400798315,2.619018738812992e-32,on_on_p3,25
mock,scale1,self,self,with_guess,intercept,21.692307692307683,0.889496972591043,24.387163037912874,1.7632514560728992e-47,on_on_p3,25
mock,scale1,self,self,with_guess,conditionAC,11.70769230769231,2.2148296002946837,5.2860465230077285,5.946107430377658e-07,on_on_p3,25
mock,scale1,self,self,with_guess,guessAC,8.961538461538465,1.2579386823280623,7.123986715277235,9.4974283588664e-11,on_on_p3,25
mock,scale1,self,self,with_guess,conditionAC:guessAC,2.3210012210012176,2.454221671769853,0.9457178410976365,0.34625830694472837,on_on_p3,25
