study,scale,guesser,respondent,model_type,component,est,se,t,p,model_name,trial_id
mock,scale1,self,self,without_guess,intercept,22.57692307692307,0.7292685183190025,30.958313035319165,1.7540021541755656e-58,on_on_m2=,35
mock,scale1,self,self,without_guess,conditionAC,10.349547511312217,0.9687765830686176,10.683110731815828,4.770893041800622e-19,on_on_m2=,35
mock,scale1,self,self,with_guess,intercept,20.79999999999999,0.9048647534068205,22.98686065700745,5.2332996741887476e-45,on_on_m2=,35
mock,scale1,self,self,with_guess,conditionAC,8.100000000000001,1.8097295068136414,4.475807002926933,1.789550870609452e-05,on_on_m2=,35
mock,scale1,self,self,with_guess,guessAC,4.200000000000002,1.3911501379959497,3.0190846302545027,0.003118200504990597,on_on_m2=,35
mock,scale1,self,self,with_guess,conditionAC:guessAC,0.5206896551724124,2.1943441807696638,0.237287140155826,0.8128526061619935,on_on_m2=,35
