study,scale,guesser,respondent,model_type,component,est,se,t,p,model_name,trial_id
mock,scale1,self,self,without_guess,intercept,20.365384615384613,0.5897783576004948,34.53057297361826,1.5856062510473545e-63,on_off_m3,34
mock,scale1,self,self,without_guess,conditionAC,7.031674208144796,0.7834747389905814,8.974985226970194,5.27833954181158e-15,on_off_m3,34
mock,scale1,self,self,with_guess,intercept,20.071428571428562,0.8031643844918607,24.990436527046935,1.6235041113720618e-48,on_off_m3,34
mock,scale1,self,self,with_guess,conditionAC,9.595238095238098,1.9119136560677643,5.0186566034434,1.8967065617418138e-06,on_off_m3,34
mock,scale1,self,self,with_guess,guessAC,0.6369047619047659,1.1822259633639185,0.5387335261124787,0.5911031086158502,on_off_m3,34
mock,scale1,self,self,with_guess,conditionAC:guessAC,-3.126152073732722,2.1677920406244744,-1.4420903920434054,0.15197137051220871,on_off_m3,34
