study,scale,guesser,respondent,model_type,component,est,se,t,p,model_name,trial_id
mock,scale1,self,self,without_guess,intercept,23.057692307692303,0.6101851233615255,37.788027640967194,9.136442162554492e-68,on_on_m3,15
mock,scale1,self,self,without_guess,conditionAC,8.001131221719456,0.8105835422761297,9.870828612251575,4.0615188086512344e-17,on_on_m3,15
mock,scale1,self,self,with_guess,intercept,20.961538461538453,0.8167679268843965,25.664007818594598,1.1859899001895487e-49,on_on_m3,15
mock,scale1,self,self,with_guess,conditionAC,7.238461538461542,2.0337357369136275,3.559194740535239,0.0005402139126681317,on_on_m3,15
mock,scale1,self,self,with_guess,guessAC,4.192307692307694,1.15508427951127,3.6294387921905664,0.00042387414083773956,on_on_m3,15
mock,scale1,self,self,with_guess,conditionAC:guessAC,-1.1065934065934107,2.2535540971288133,-0.4910436399123006,0.6243233066772058,on_on_m3,15
