study,scale,guesser,respondent,model_type,component,est,se,t,p,model_name,trial_id
mock,scale1,self,self,without_guess,intercept,20.0576923076923,0.5975322626723258,33.567546994013135,3.287744512466349e-62,on_off_m1,48
mock,scale1,self,self,without_guess,conditionAC,8.942307692307695,0.7937751996195992,11.265541801498857,1.9675617714152284e-20,on_off_m1,48
mock,scale1,self,self,with_guess,intercept,19.87499999999999,0.8686895119591099,22.879290847171557,8.179718515782446e-45,on_off_m1,48
mock,scale1,self,self,with_guess,conditionAC,5.458333333333341,1.9424488000816866,2.810026875922701,0.005816058060301303,on_off_m1,48
mock,scale1,self,self,with_guess,guessAC,0.3392857142857184,1.1838242561679286,0.2866014212143241,0.7749287889293839,on_off_m1,48
mock,scale1,self,self,with_guess,conditionAC:guessAC,3.682219662058366,2.1707227548250514,1.6963104357171273,0.09250916622775036,on_off_m1,48
