study,scale,guesser,respondent,model_type,component,est,se,t,p,model_name,trial_id
mock,scale1,self,self,without_guess,intercept,26.115384615384613,0.8392603262690091,31.117144225656887,1.0236732638242836e-58,on_on_p3,31
mock,scale1,self,self,without_guess,conditionAC,15.311085972850677,1.1148921566806074,13.733243956470826,3.173017705986424e-26,on_on_p3,31
mock,scale1,self,self,with_guess,intercept,20.47826086956522,0.9307938412885665,22.000855572073462,3.301851669438283e-43,on_on_p3,31
mock,scale1,self,self,with_guess,conditionAC,13.22173913043478,1.6908709819014558,7.819484320185315,2.682971558125478e-12,on_on_p3,31
mock,scale1,self,self,with_guess,guessAC,10.107946026986511,1.2463963655135708,8.109736442324738,5.886192075936659e-13,on_on_p3,31
mock,scale1,self,self,with_guess,conditionAC:guessAC,-1.049325337331337,1.9722410514218247,-0.5320472041563373,0.5957108485203109,on_on_p3,31
