study,scale,guesser,respondent,model_type,component,est,se,t,p,model_name,trial_id
mock,scale1,self,self,without_guess,intercept,23.88461538461538,0.7415641379335018,32.2084283244522,2.680839984621821e-60,on_on_m1,36
mock,scale1,self,self,without_guess,conditionAC,10.600678733031675,0.9851103587049267,10.76090474469057,3.115796545406747e-19,on_on_m1,36
mock,scale1,self,self,with_guess,intercept,20.125,0.8742976380512552,23.018476916919436,4.590693242513976e-45,on_on_m1,36
mock,scale1,self,self,with_guess,conditionAC,6.6527777777777795,1.674152517835222,3.9738182196089364,0.0001232724355117897,on_on_m1,36
mock,scale1,self,self,with_guess,guessAC,6.982142857142859,1.1914668437761942,5.860123505421179,4.423958327980165e-08,on_on_m1,36
mock,scale1,self,self,with_guess,conditionAC:guessAC,1.9010963142319046,1.9413717894966804,0.9792541153205808,0.3294923336186488,on_on_m1,36
