study,scale,guesser,respondent,model_type,component,est,se,t,p,model_name,trial_id
mock,scale1,self,self,without_guess,intercept,23.192307692307683,0.648673019489441,35.75346437340948,3.724120884376604e-65,on_on_m3,40
mock,scale1,self,self,without_guess,conditionAC,7.175339366515839,0.861711722862134,8.326844321768416,1.703296642802932e-13,on_on_m3,40
mock,scale1,self,self,with_guess,intercept,20.239999999999988,0.8238337608051607,24.56806331925357,8.587719472476064e-48,on_on_m3,40
mock,scale1,self,self,with_guess,conditionAC,6.060000000000003,1.5412518382951927,3.9318687896606708,0.00014385995200719875,on_on_m3,40
mock,scale1,self,self,with_guess,guessAC,5.68592592592593,1.1432978193869456,4.973267533191669,2.301584774812138e-06,on_on_m3,40
mock,scale1,self,self,with_guess,conditionAC:guessAC,-0.9169604086845508,1.8156070778519353,-0.5050434203910554,0.6144865138538789,on_on_m3,40
