study,scale,guesser,respondent,model_type,component,est,se,t,p,model_name,trial_id
mock,scale1,self,self,without_guess,intercept,21.59615384615384,0.7560619027847145,28.564002188989086,7.711592364189838e-55,off_on_m2,12
mock,scale1,self,self,without_guess,conditionAC,2.9038461538461555,1.0043695132438675,2.891212960524303,0.0045695992899284785,off_on_m2,12
mock,scale1,self,self,with_guess,intercept,18.29629629629629,0.9532255607896206,19.194089047654412,8.377393196634351e-38,off_on_m2,12
mock,scale1,self,self,with_guess,conditionAC,4.2491582491582545,1.7717038755806411,2.398345630849668,0.018063849918114813,off_on_m2,12
mock,scale1,self,self,with_guess,guessAC,6.863703703703707,1.3747614546039573,4.992650674571764,2.1193266576862464e-06,off_on_m2,12
mock,scale1,self,self,with_guess,conditionAC:guessAC,-4.531965266702113,2.1332305649192205,-2.1244610597794082,0.03575477661695482,off_on_m2,12
