study,scale,guesser,respondent,model_type,component,est,se,t,p,model_name,trial_id
mock,scale1,self,self,without_guess,intercept,22.423076923076923,0.6604607381777486,33.950658422094186,9.759728964005125e-63,off_on_m2,15
mock,scale1,self,self,without_guess,conditionAC,2.7533936651583715,0.8773707915675206,3.1382326510313012,0.002147117340212169,off_on_m2,15
mock,scale1,self,self,with_guess,intercept,21.08333333333333,0.9203719007151956,22.907406578742847,7.277555261562945e-45,off_on_m2,15
mock,scale1,self,self,with_guess,conditionAC,0.416666666666668,1.5163209364820185,0.2747879137205391,0.7839679902735859,off_on_m2,15
mock,scale1,self,self,with_guess,guessAC,2.488095238095241,1.254255479964072,1.9837228362490489,0.04964872668816875,off_on_m2,15
mock,scale1,self,self,with_guess,conditionAC:guessAC,2.1415343915343903,1.8443924547657657,1.1611055911668002,0.2479827408438585,off_on_m2,15
