study,scale,guesser,respondent,model_type,component,est,se,t,p,model_name,trial_id
mock,scale1,self,self,without_guess,intercept,22.538461538461533,0.6922713420679143,32.55726500411804,8.542722580640288e-61,off_on_m3,15
mock,scale1,self,self,without_guess,conditionAC,1.2409502262443453,0.9196287080522462,1.349403531423732,0.17979075790051177,off_on_m3,15
mock,scale1,self,self,with_guess,intercept,19.73333333333333,0.7797954804961524,25.305780588492006,4.74044219577961e-49,off_on_m3,15
mock,scale1,self,self,with_guess,conditionAC,-0.46060606060606046,1.5054845383551692,-0.3059520366175928,0.7601895707564998,off_on_m3,15
mock,scale1,self,self,with_guess,guessAC,6.630303030303031,1.1988671082794586,5.530473715154668,2.0009474238761168e-07,off_on_m3,15
mock,scale1,self,self,with_guess,conditionAC:guessAC,-1.2539074960127587,1.848168735314069,-0.6784594242146812,0.4988317007836869,off_on_m3,15
