study,scale,guesser,respondent,model_type,component,est,se,t,p,model_name,trial_id
mock,scale1,self,self,without_guess,intercept,22.21153846153846,0.7040238035387679,31.549414025338923,2.389948590868637e-59,on_on_m2=,26
mock,scale1,self,self,without_guess,conditionAC,11.21493212669683,0.9352409402827327,11.99148972595922,3.7454465452257422e-22,on_on_m2=,26
mock,scale1,self,self,with_guess,intercept,20.25806451612903,0.7979818356602933,25.386623618276236,3.463407445659439e-49,on_on_m2=,26
mock,scale1,self,self,with_guess,conditionAC,6.519713261648745,1.682293421419134,3.8754911471679554,0.00017674016892476192,on_on_m2=,26
mock,scale1,self,self,with_guess,guessAC,4.837173579109064,1.255697501529123,3.8521806193120605,0.0001923291430938141,on_on_m2=,26
mock,scale1,self,self,with_guess,conditionAC:guessAC,2.8257266092148527,2.0260032234044685,1.3947295722790312,0.16576251909604905,on_on_m2=,26
