study,scale,guesser,respondent,model_type,component,est,se,t,p,model_name,trial_id
mock,scale1,self,self,without_guess,intercept,19.25,0.5399034220970598,35.65452488748882,5.024611623088134e-65,on_off_0,42
mock,scale1,self,self,without_guess,conditionAC,10.794117647058822,0.71721976104479,15.049944568363246,3.1701924996080986e-29,on_off_0,42
mock,scale1,self,self,with_guess,intercept,19.68,0.7742434785012942,25.418360692032753,3.062472463739676e-49,on_off_0,42
mock,scale1,self,self,with_guess,conditionAC,12.138181818181819,1.4006591534009405,8.666049687184136,3.100704048201915e-14,on_off_0,42
mock,scale1,self,self,with_guess,guessAC,-0.8281481481481477,1.074477549669688,-0.7707449526541845,0.4424251263884351,on_off_0,42
mock,scale1,self,self,with_guess,conditionAC:guessAC,-1.2882792840687582,1.6672771429536486,-0.7726845470852672,0.4412806332677919,on_off_0,42
