study,scale,guesser,respondent,model_type,component,est,se,t,p,model_name,trial_id
mock,scale1,self,self,without_guess,intercept,22.192307692307693,0.6550867268110584,33.8769002393609,1.231993531639194e-62,off_on_m2,44
mock,scale1,self,self,without_guess,conditionAC,3.0135746606334854,0.8702318348754169,3.4629561225657888,0.0007451237406252528,off_on_m2,44
mock,scale1,self,self,with_guess,intercept,19.73076923076923,0.8093240932853747,24.379317747324237,1.8192798570750476e-47,off_on_m2,44
mock,scale1,self,self,with_guess,conditionAC,0.06923076923077086,1.5355845000194221,0.04508431104240452,0.9641176267386558,off_on_m2,44
mock,scale1,self,self,with_guess,guessAC,4.923076923076925,1.1445571090794848,4.301294259607833,3.559245398063005e-05,off_on_m2,44
mock,scale1,self,self,with_guess,conditionAC:guessAC,1.4148541114058346,1.8184192020688552,0.778068175806835,0.4381129420544715,off_on_m2,44
