study,scale,guesser,respondent,model_type,component,est,se,t,p,model_name,trial_id
mock,scale1,self,self,without_guess,intercept,24.673076923076923,0.6594493530052856,37.41466544873411,2.6962651363683894e-67,on_on_m1,22
mock,scale1,self,self,without_guess,conditionAC,9.797511312217196,0.876027244921899,11.184025804004166,3.073154119377141e-20,on_on_m1,22
mock,scale1,self,self,with_guess,intercept,21.611111111111107,0.9825736402328606,21.99439332200025,3.3940604270645682e-43,on_on_m1,22
mock,scale1,self,self,with_guess,conditionAC,6.263888888888891,1.7713598208894423,3.5362035510908463,0.0005844306264705122,on_on_m1,22
mock,scale1,self,self,with_guess,guessAC,4.6830065359477135,1.2151428122433092,3.8538733791316955,0.00019115440367347122,on_on_m1,22
mock,scale1,self,self,with_guess,conditionAC:guessAC,2.791993464052286,1.9845583887282674,1.406858815497706,0.16214284069524942,on_on_m1,22
