study,scale,guesser,respondent,model_type,component,est,se,t,p,model_name,trial_id
mock,scale1,self,self,without_guess,intercept,24.01923076923076,0.7412308050940569,32.40452313120323,1.40781068104949e-60,off_on_m1,40
mock,scale1,self,self,without_guess,conditionAC,1.5837104072398203,0.984667551918249,1.6083706669876192,0.11042638299468795,off_on_m1,40
mock,scale1,self,self,with_guess,intercept,19.59999999999999,0.8245940213994483,23.76927250422714,2.1154675008246134e-46,off_on_m1,40
mock,scale1,self,self,with_guess,conditionAC,0.9000000000000025,1.3762852877266825,0.6539341864844044,0.5144485033750159,off_on_m1,40
mock,scale1,self,self,with_guess,guessAC,8.511111111111115,1.1443528918068537,7.437488183975016,1.9279263554983766e-11,off_on_m1,40
mock,scale1,self,self,with_guess,conditionAC:guessAC,-2.085185185185189,1.6847977785186596,-1.2376471596600547,0.21834621185321523,off_on_m1,40
