study,scale,guesser,respondent,model_type,component,est,se,t,p,model_name,trial_id
mock,scale1,self,self,without_guess,intercept,20.21153846153846,0.5790209702848145,34.90640149284509,4.948780036182619e-64,on_off_m2,14
mock,scale1,self,self,without_guess,conditionAC,7.979638009049774,0.7691843854861514,10.374154961565377,2.5902662883264095e-18,on_off_m2,14
mock,scale1,self,self,with_guess,intercept,19.619047619047613,0.9104203257497813,21.549439378882767,2.2887280349924058e-42,on_off_m2,14
mock,scale1,self,self,with_guess,conditionAC,10.255952380952383,1.7333886579692608,5.916706754599209,3.39942836127272e-08,on_off_m2,14
mock,scale1,self,self,with_guess,guessAC,0.9938556067588337,1.1791329348022115,0.84286985582804,0.40103581754380535,on_off_m2,14
mock,scale1,self,self,with_guess,conditionAC:guessAC,-2.9021889400921688,1.9637281780612694,-1.4778974872975617,0.1421453044621011,on_off_m2,14
