study,scale,guesser,respondent,model_type,component,est,se,t,p,model_name,trial_id
mock,scale1,self,self,without_guess,intercept,22.53846153846153,0.6624891728693755,34.020875301014904,7.82151755663342e-63,on_on_m2=,23
mock,scale1,self,self,without_guess,conditionAC,10.16742081447964,0.8800654095033967,11.553028564339224,4.088713843365105e-21,on_on_m2=,23
mock,scale1,self,self,with_guess,intercept,19.730769230769216,0.8494866157983972,23.22669817725743,1.9427359008497245e-45,on_on_m2=,23
mock,scale1,self,self,with_guess,conditionAC,10.26923076923077,1.5116725118221244,6.793290669056719,4.970582091953252e-10,on_on_m2=,23
mock,scale1,self,self,with_guess,guessAC,5.615384615384619,1.2013554931165165,4.674207299637325,8.022690362751675e-06,on_on_m2=,23
mock,scale1,self,self,with_guess,conditionAC:guessAC,-2.3296703296703325,1.828065271685637,-1.2743912188223847,0.20507187198955645,on_on_m2=,23
