study,scale,guesser,respondent,model_type,component,est,se,t,p,model_name,trial_id
mock,scale1,self,self,without_guess,intercept,23.03846153846154,0.6842290962306815,33.670683789065784,2.36821661208619e-62,on_on_m3,27
mock,scale1,self,self,without_guess,conditionAC,7.520361990950224,0.9089452091123069,8.273724219631184,2.2587552522421215e-13,on_on_m3,27
mock,scale1,self,self,with_guess,intercept,21.071428571428573,0.8836626335284523,23.84555799003366,1.5530087191080923e-46,on_on_m3,27
mock,scale1,self,self,with_guess,conditionAC,6.845238095238092,1.6133398586931813,4.242899013716051,4.46258345702053e-05,on_on_m3,27
mock,scale1,self,self,with_guess,guessAC,4.261904761904761,1.300716177638799,3.276583189456006,0.001386236133712109,on_on_m3,27
mock,scale1,self,self,with_guess,conditionAC:guessAC,-1.0535714285714268,1.975929717746105,-0.5332028862712841,0.5949132489932454,on_on_m3,27
