study,scale,guesser,respondent,model_type,component,est,se,t,p,model_name,trial_id
mock,scale1,self,self,without_guess,intercept,20.557692307692307,0.5927481335593219,34.68200259737284,9.905955416381235e-64,on_off_m3,14
mock,scale1,self,self,without_guess,conditionAC,7.559954751131222,0.787419855684366,9.600919632082022,1.7700026428928165e-16,on_off_m3,14
mock,scale1,self,self,with_guess,intercept,21.111111111111114,0.8246309584539853,25.600677363229412,1.5136698776931742e-49,on_off_m3,14
mock,scale1,self,self,with_guess,conditionAC,8.288888888888888,2.0861696462418218,3.9732573541279814,0.00012352813139655778,on_off_m3,14
mock,scale1,self,self,with_guess,guessAC,-1.1511111111111112,1.1892996816163433,-0.9678898673769667,0.33511306160200094,on_off_m3,14
mock,scale1,self,self,with_guess,conditionAC:guessAC,-0.23301587301587284,2.3190422225131555,-0.10047935770800782,0.9201372274483803,on_off_m3,14
