study,scale,guesser,respondent,model_type,component,est,se,t,p,model_name,trial_id
mock,scale1,self,self,without_guess,intercept,25.692307692307697,1.00469151083583,25.572334806465687,5.941788139362447e-50,on_on_p3,44
mock,scale1,self,self,without_guess,conditionAC,15.7341628959276,1.3346546360579687,11.788939603431768,1.128756286875409e-21,on_on_p3,44
mock,scale1,self,self,with_guess,intercept,20.678571428571427,0.9178508281496143,22.529337877549658,3.5302906333146984e-44,on_on_p3,44
mock,scale1,self,self,with_guess,conditionAC,9.782967032967033,1.630017835016449,6.001754596058337,2.282692312390784e-08,on_on_p3,44
mock,scale1,self,self,with_guess,guessAC,10.86309523809524,1.3510398375297286,8.040543984222973,8.461514063295247e-13,on_on_p3,44
mock,scale1,self,self,with_guess,conditionAC:guessAC,2.693548118548117,2.0171019685077467,1.3353554557982041,0.18437450290306676,on_on_p3,44
