study,scale,guesser,respondent,model_type,component,est,se,t,p,model_name,trial_id
mock,scale1,self,self,without_guess,intercept,22.403846153846153,0.6930819119342271,32.324961549382145,1.8275713625037734e-60,on_on_m3,36
mock,scale1,self,self,without_guess,conditionAC,9.081447963800905,0.9207054871613115,9.863575367407142,4.2255925026546e-17,on_on_m3,36
mock,scale1,self,self,with_guess,intercept,20.16129032258066,0.8015333833065944,25.15340064740481,8.581906622026147e-49,on_on_m3,36
mock,scale1,self,self,with_guess,conditionAC,7.172043010752686,1.5172782066324497,4.726913613733902,6.45966025669758e-06,on_on_m3,36
mock,scale1,self,self,with_guess,guessAC,5.5529953917050685,1.2612861870188519,4.4026450530073635,2.392470694509846e-05,on_on_m3,36
mock,scale1,self,self,with_guess,conditionAC:guessAC,-0.5113287250384017,1.898990624703038,-0.2692634278372821,0.7882053334586885,on_on_m3,36
