study,scale,guesser,respondent,model_type,component,est,se,t,p,model_name,trial_id
mock,scale1,self,self,without_guess,intercept,24.249999999999996,0.7740475866414538,31.328823212561513,5.011062683740446e-59,on_on_0,3
mock,scale1,self,self,without_guess,conditionAC,13.323529411764707,1.028262097269087,12.957328143427675,2.010228041693886e-24,on_on_0,3
mock,scale1,self,self,with_guess,intercept,20.76666666666666,0.8371707621850343,24.80577153992478,3.35506554672601e-48,on_on_0,3
mock,scale1,self,self,with_guess,conditionAC,10.358333333333334,1.8245713754257433,5.677132433866191,1.0280989368243679e-07,on_on_0,3
mock,scale1,self,self,with_guess,guessAC,8.233333333333341,1.2870765680230623,6.396925822353883,3.46641187123057e-09,on_on_0,3
mock,scale1,self,self,with_guess,conditionAC:guessAC,-0.925000000000003,2.1529513123729203,-0.42964278601381606,0.6682525200017866,on_on_0,3
