study,scale,guesser,respondent,model_type,component,est,se,t,p,model_name,trial_id
mock,scale1,self,self,without_guess,intercept,24.519230769230766,0.743941858488734,32.95853095165243,2.320179066518166e-61,off_on_0,36
mock,scale1,self,self,without_guess,conditionAC,2.4954751131221733,0.9882689757809789,2.5250970882194554,0.012893442258452546,off_on_0,36
mock,scale1,self,self,with_guess,intercept,21.320000000000004,0.8987727230104413,23.721236141422512,2.5708579580899633e-46,off_on_0,36
mock,scale1,self,self,with_guess,conditionAC,-1.2199999999999975,1.6814497990414738,-0.7255643318613912,0.46956716291767964,off_on_0,36
mock,scale1,self,self,with_guess,guessAC,6.161481481481482,1.2472964124922856,4.939869480719436,2.651989039958326e-06,off_on_0,36
mock,scale1,self,self,with_guess,conditionAC:guessAC,1.9454150702426547,1.980761404683371,0.9821551781263799,0.32806744455241066,off_on_0,36
