study,scale,guesser,respondent,model_type,component,est,se,t,p,model_name,trial_id
mock,scale1,self,self,without_guess,intercept,23.076923076923073,0.7795211266470184,29.603973886101908,1.8926791828604313e-56,off_on_p2,41
mock,scale1,self,self,without_guess,conditionAC,5.967194570135748,1.035533270027378,5.762436362839393,6.741250405251994e-08,off_on_p2,41
mock,scale1,self,self,with_guess,intercept,19.656249999999996,0.755796970258873,26.007315156697974,3.1836367757520863e-50,off_on_p2,41
mock,scale1,self,self,with_guess,conditionAC,1.5659722222222257,1.6131539662809682,0.9707518655720648,0.3336916636473928,off_on_p2,41
mock,scale1,self,self,with_guess,guessAC,8.893750000000004,1.2186859959220335,7.297819150921785,3.934229593852313e-11,off_on_p2,41
mock,scale1,self,self,with_guess,conditionAC:guessAC,0.12131591337099387,1.956029490231523,0.06202151551234254,0.9506524368213138,off_on_p2,41
