study,scale,guesser,respondent,model_type,component,est,se,t,p,model_name,trial_id
mock,scale1,self,self,without_guess,intercept,22.365384615384613,0.7145646385076413,31.29931626912636,5.534462195184761e-59,on_on_m3,10
mock,scale1,self,self,without_guess,conditionAC,9.134615384615385,0.9492436208144165,9.623046375363804,1.5690200908198788e-16,on_on_m3,10
mock,scale1,self,self,with_guess,intercept,20.478260869565215,1.015562010481667,20.16446131128188,1.0155571889065195e-39,on_on_m3,10
mock,scale1,self,self,with_guess,conditionAC,6.794466403162056,1.7854576877586525,3.805448009071213,0.00022761034827943483,on_on_m3,10
mock,scale1,self,self,with_guess,guessAC,3.383808095952027,1.3599067190492733,2.488264855634868,0.01425689447977674,on_on_m3,10
mock,scale1,self,self,with_guess,conditionAC:guessAC,1.6592541050049106,2.1028562836707523,0.78904779080219,0.43169382512227916,on_on_m3,10
