study,scale,guesser,respondent,model_type,component,est,se,t,p,model_name,trial_id
mock,scale1,self,self,without_guess,intercept,21.961538461538456,0.7012763384249402,31.316525680680826,5.222850816367027e-59,on_on_m3,47
mock,scale1,self,self,without_guess,conditionAC,9.759049773755656,0.9315911462792709,10.475678963602027,1.4857387555006929e-18,on_on_m3,47
mock,scale1,self,self,with_guess,intercept,20.240000000000002,0.8867699823753821,22.824408135448284,1.0278378731464201e-44,on_on_m3,47
mock,scale1,self,self,with_guess,conditionAC,5.0933333333333355,1.5571169154550588,3.2710025064783506,0.0014115002217355143,on_on_m3,47
mock,scale1,self,self,with_guess,guessAC,3.3155555555555587,1.2306392811053435,2.6941733507625174,0.008103785055378473,on_on_m3,47
mock,scale1,self,self,with_guess,conditionAC:guessAC,4.440396825396823,1.8718384400219783,2.3722115811152404,0.01932782753703834,on_on_m3,47
