study,scale,guesser,respondent,model_type,component,est,se,t,p,model_name,trial_id
mock,scale1,self,self,without_guess,intercept,27.269230769230763,0.8964884556347538,30.417827020341196,1.1141638244025663e-57,on_on_p3,20
mock,scale1,self,self,without_guess,conditionAC,16.892533936651585,1.190915281537484,14.18449674677375,2.9142799130334518e-27,on_on_p3,20
mock,scale1,self,self,with_guess,intercept,19.294117647058812,1.1450997341008629,16.849290129482593,5.8499029625877525e-33,on_on_p3,20
mock,scale1,self,self,with_guess,conditionAC,15.134453781512613,2.120312700149566,7.137840461194726,8.855661782132063e-11,on_on_p3,20
mock,scale1,self,self,with_guess,guessAC,11.848739495798325,1.3957606922798056,8.489090974789416,7.944651423833259e-14,on_on_p3,20
mock,scale1,self,self,with_guess,conditionAC:guessAC,-0.9986223997795907,2.3447924708148817,-0.4258894602440194,0.6709775716900509,on_on_p3,20
