study,scale,guesser,respondent,model_type,component,est,se,t,p,model_name,trial_id
mock,scale1,self,self,without_guess,intercept,20.98076923076923,0.5353647128511483,39.1896752384625,1.701933315637776e-69,on_off_m1,31
mock,scale1,self,self,without_guess,conditionAC,7.239819004524888,0.7111904383408136,10.179859871872255,7.50115817215903e-18,on_off_m1,31
mock,scale1,self,self,with_guess,intercept,20.130434782608695,0.8032531821188118,25.061132941308582,1.2308074609023235e-48,on_off_m1,31
mock,scale1,self,self,with_guess,conditionAC,8.994565217391306,1.581205470207142,5.688422780508718,9.763589528841839e-08,on_off_m1,31
mock,scale1,self,self,with_guess,guessAC,1.5247376311844085,1.0756107339452325,1.4175552391447632,0.15900116892154512,on_off_m1,31
mock,scale1,self,self,with_guess,conditionAC:guessAC,-2.5497376311844095,1.805343787389093,-1.4123280280438257,0.16053058652204846,on_off_m1,31
