study,scale,guesser,respondent,model_type,component,est,se,t,p,model_name,trial_id
mock,scale1,self,self,without_guess,intercept,24.019230769230763,0.7296769267357235,32.91762407327718,2.648348967308826e-61,on_on_m1,33
mock,scale1,self,self,without_guess,conditionAC,11.980769230769232,0.9693191219284595,12.359984405273572,5.061609715702688e-23,on_on_m1,33
mock,scale1,self,self,with_guess,intercept,21.4074074074074,0.8542091806730113,25.06108327065861,1.2310467154233707e-48,on_on_m1,33
mock,scale1,self,self,with_guess,conditionAC,6.467592592592596,1.7867066894188315,3.6198401399036197,0.0004382409063793406,on_on_m1,33
mock,scale1,self,self,with_guess,guessAC,5.432592592592596,1.23195800035545,4.409722239739634,2.3265129508606657e-05,on_on_m1,33
mock,scale1,self,self,with_guess,conditionAC:guessAC,3.7757407407407375,2.075745885281594,1.818980236219292,0.07149400617659694,on_on_m1,33
