study,scale,guesser,respondent,model_type,component,est,se,t,p,model_name,trial_id
mock,scale1,self,self,without_guess,intercept,23.423076923076923,0.7518719718565877,31.15301248062037,9.067285219459601e-59,off_on_m2,23
mock,scale1,self,self,without_guess,conditionAC,1.9592760180995483,0.9988035154448667,1.961623069805564,0.05216129253566888,off_on_m2,23
mock,scale1,self,self,with_guess,intercept,19.608695652173914,0.9530801105625517,20.5740267107242,1.6338173222495185e-40,off_on_m2,23
mock,scale1,self,self,with_guess,conditionAC,-1.2336956521739113,1.8761400737833946,-0.6575711853358902,0.5121164393843078,off_on_m2,23
mock,scale1,self,self,with_guess,guessAC,6.839580209895052,1.2762391983641805,5.35916795116596,4.304742096951076e-07,off_on_m2,23
mock,scale1,self,self,with_guess,conditionAC:guessAC,1.1020864567716133,2.142085826475701,0.5144922034169087,0.6078867651860502,off_on_m2,23
