study,scale,guesser,respondent,model_type,component,est,se,t,p,model_name,trial_id
mock,scale1,self,self,without_guess,intercept,24.98076923076923,0.8703190564153848,28.703001556301025,4.6709967164224836e-55,off_on_p1,15
mock,scale1,self,self,without_guess,conditionAC,2.5780542986425345,1.1561512672960121,2.2298589912650844,0.02764867583995217,off_on_p1,15
mock,scale1,self,self,with_guess,intercept,19.916666666666668,0.9404192475548752,21.178497482320505,1.1443202596990933e-41,off_on_p1,15
mock,scale1,self,self,with_guess,conditionAC,-3.9166666666666634,1.9790343675757636,-1.9790796616960322,0.050176189794653506,off_on_p1,15
mock,scale1,self,self,with_guess,guessAC,9.404761904761903,1.281575408585175,7.338438176762856,3.198686354453099e-11,off_on_p1,15
mock,scale1,self,self,with_guess,conditionAC:guessAC,3.4804839968774393,2.2411113919863834,1.5530169581586715,0.12314320382515033,off_on_p1,15
