study,scale,guesser,respondent,model_type,component,est,se,t,p,model_name,trial_id
mock,scale1,self,self,without_guess,intercept,23.942307692307686,0.7889978563130217,30.345212601957915,1.4310843508862694e-57,off_on_p1,32
mock,scale1,self,self,without_guess,conditionAC,3.5871040723981915,1.048122369315056,3.422409613051528,0.0008537711520692833,off_on_p1,32
mock,scale1,self,self,with_guess,intercept,19.59999999999999,0.9156612389251754,21.405296158442756,4.269089289802487e-42,off_on_p1,32
mock,scale1,self,self,with_guess,conditionAC,0.6500000000000028,1.8597167676661674,0.3495155882342845,0.7273359885319395,off_on_p1,32
mock,scale1,self,self,with_guess,guessAC,8.362962962962968,1.2707339120663819,6.58120703599047,1.4136420387083247e-09,off_on_p1,32
mock,scale1,self,self,with_guess,conditionAC:guessAC,-0.11296296296296562,2.141080043717828,-0.05275980377025687,0.9580140403271171,off_on_p1,32
