study,scale,guesser,respondent,model_type,component,est,se,t,p,model_name,trial_id
mock,scale1,self,self,without_guess,intercept,23.019230769230756,0.6950146161862959,33.120498811294844,1.3759435747640774e-61,on_on_m2=,45
mock,scale1,self,self,without_guess,conditionAC,10.466063348416291,0.9232729346437798,11.335828177887986,1.3397006937464747e-20,on_on_m2=,45
mock,scale1,self,self,with_guess,intercept,19.913043478260857,0.9638688297413422,20.659495217419362,1.1188067923018812e-40,on_on_m2=,45
mock,scale1,self,self,with_guess,conditionAC,11.24080267558529,1.6039746869787133,7.008092313949633,1.7019986922671657e-10,on_on_m2=,45
mock,scale1,self,self,with_guess,guessAC,5.569715142428792,1.2906860283457535,4.315313732470928,3.370136914323583e-05,on_on_m2=,45
mock,scale1,self,self,with_guess,conditionAC:guessAC,-2.6871976599113077,1.9230369317242342,-1.3973718422047732,0.16496879693211147,on_on_m2=,45
