study,scale,guesser,respondent,model_type,component,est,se,t,p,model_name,trial_id
mock,scale1,self,self,without_guess,intercept,26.230769230769226,0.8095431446949476,32.40194102397534,1.419772624753769e-60,on_on_p3,21
mock,scale1,self,self,without_guess,conditionAC,16.386877828054295,1.0754151891431774,15.237722131403334,1.2015457962218819e-29,on_on_p3,21
mock,scale1,self,self,with_guess,intercept,20.857142857142854,0.9489305748215188,21.979629922943314,3.6145617071947884e-43,on_on_p3,21
mock,scale1,self,self,with_guess,conditionAC,12.92063492063492,1.7325022711202993,7.457788157633966,1.737435564101142e-11,on_on_p3,21
mock,scale1,self,self,with_guess,guessAC,9.013824884792625,1.2290095705973598,7.334218626476161,3.268263619753526e-11,on_on_p3,21
mock,scale1,self,self,with_guess,conditionAC:guessAC,1.1744990323448503,1.982943621846048,0.5923007691219353,0.5548019760440206,on_on_p3,21
