study,scale,guesser,respondent,model_type,component,est,se,t,p,model_name,trial_id
mock,scale1,self,self,without_guess,intercept,23.46153846153846,0.7786239136453107,30.132054834660494,2.992034941155559e-57,on_on_m2=,25
mock,scale1,self,self,without_guess,conditionAC,9.656108597285067,1.0343413922426594,9.335514047589925,7.495455690698519e-16,on_on_m2=,25
mock,scale1,self,self,with_guess,intercept,20.083333333333325,0.9965193769904888,20.153479999541453,1.0668531871317307e-39,on_on_m2=,25
mock,scale1,self,self,with_guess,conditionAC,6.472222222222225,1.908189329870303,3.391813443722659,0.0009501704856104192,on_on_m2=,25
mock,scale1,self,self,with_guess,guessAC,6.273809523809529,1.3580269981183128,4.619797347550927,1.0018378478994327e-05,on_on_m2=,25
mock,scale1,self,self,with_guess,conditionAC:guessAC,1.2892789884315268,2.2127643058584203,0.5826553623529116,0.5612562229094848,on_on_m2=,25
