study,scale,guesser,respondent,model_type,df1,df2,f,adjr2,p,model_name,trial_id
mock,scale1,self,self,without_guess,1.0,118.0,143.5928095130872,0.5450945298477459,3.9220749627543415e-22,on_on_m1,35
mock,scale1,self,self,with_guess,3.0,116.0,69.04344539367686,0.6317275517785758,1.0891700862403193e-25,on_on_m1,35
