study,scale,guesser,respondent,model_type,component,est,se,t,p,model_name,trial_id
mock,scale1,self,self,without_guess,intercept,24.980769230769226,0.7731114723096996,32.31198879527455,1.9071036025894605e-60,off_on_0,23
mock,scale1,self,self,without_guess,conditionAC,2.7104072398190056,1.0270185420889337,2.639102536850109,0.009434945241968128,off_on_0,23
mock,scale1,self,self,with_guess,intercept,19.72727272727272,0.8689615068753569,22.70212497468243,1.7118629916359669e-44,off_on_0,23
mock,scale1,self,self,with_guess,conditionAC,-3.3272727272727236,2.019284066774136,-1.647748715507936,0.10211041374042226,off_on_0,23
mock,scale1,self,self,with_guess,guessAC,9.10606060606061,1.1440409844409238,7.959558031490113,1.2926617072242675e-12,off_on_0,23
mock,scale1,self,self,with_guess,conditionAC:guessAC,3.0812409812409767,2.212448297722718,1.39268383555562,0.1663790425495696,off_on_0,23
