study,scale,guesser,respondent,model_type,component,est,se,t,p,model_name,trial_id
mock,scale1,self,self,without_guess,intercept,23.057692307692307,0.6673990573614025,34.54858386952495,1.4991934530273377e-63,off_on_m2,46
mock,scale1,self,self,without_guess,conditionAC,2.8393665158371046,0.886587809692029,3.202577888842624,0.0017510897222566702,off_on_m2,46
mock,scale1,self,self,with_guess,intercept,19.65384615384615,0.8141016201027663,24.1417602772553,4.706193585363085e-47,off_on_m2,46
mock,scale1,self,self,with_guess,conditionAC,2.679487179487182,1.60543004535954,1.6690152194623367,0.09781118368894166,off_on_m2,46
mock,scale1,self,self,with_guess,guessAC,6.807692307692308,1.1513135522992413,5.912978522746426,3.4590791108689155e-08,off_on_m2,46
mock,scale1,self,self,with_guess,conditionAC:guessAC,-2.7003476749239486,1.8794231682215627,-1.436795991761238,0.15346767399988523,off_on_m2,46
