study,scale,guesser,respondent,model_type,component,est,se,t,p,model_name,trial_id
mock,scale1,self,self,without_guess,intercept,24.28846153846154,0.7120393806825073,34.11112109442662,5.88785052339805e-63,on_on_m2=,20
mock,scale1,self,self,without_guess,conditionAC,9.314479638009049,0.9458890119347687,9.847328302246313,4.617529416120871e-17,on_on_m2=,20
mock,scale1,self,self,with_guess,intercept,21.0,1.011819571852647,20.75468846836881,7.346104671819775e-41,on_on_m2=,20
mock,scale1,self,self,with_guess,conditionAC,7.500000000000001,1.926447070825531,3.8931772969947533,0.0001657234590133747,on_on_m2=,20
mock,scale1,self,self,with_guess,guessAC,5.516129032258066,1.3104603967034347,4.209306169140493,5.07810963275355e-05,on_on_m2=,20
mock,scale1,self,self,with_guess,conditionAC:guessAC,0.267204301075267,2.1824409540995022,0.12243369085122317,0.9027674190919941,on_on_m2=,20
