study,scale,guesser,respondent,model_type,component,est,se,t,p,model_name,trial_id
mock,scale1,self,self,without_guess,intercept,22.46153846153846,0.7357853713011137,30.527296868948316,7.645996082117755e-58,on_on_m3,17
mock,scale1,self,self,without_guess,conditionAC,8.05316742081448,0.9774337160803684,8.239093135756244,2.714453255669343e-13,on_on_m3,17
mock,scale1,self,self,with_guess,intercept,20.083333333333336,1.0220339728550951,19.65035788118637,1.0366041770003646e-38,on_on_m3,17
mock,scale1,self,self,with_guess,conditionAC,6.716666666666666,1.8845375299202447,3.564092813238334,0.0005312110274670357,on_on_m3,17
mock,scale1,self,self,with_guess,guessAC,4.416666666666665,1.3927975312662542,3.1710758868528988,0.0019432972633502965,on_on_m3,17
mock,scale1,self,self,with_guess,conditionAC:guessAC,-0.061494252873561916,2.2088554125282838,-0.027839872417531764,0.9778377038933911,on_on_m3,17
