study,scale,guesser,respondent,model_type,component,est,se,t,p,model_name,trial_id
mock,scale1,self,self,without_guess,intercept,26.538461538461533,0.8745167955049125,30.34642865050893,1.4250921268281866e-57,off_on_p3,27
mock,scale1,self,self,without_guess,conditionAC,2.520361990950228,1.161727637630961,2.1694947329391643,0.03205017138264526,off_on_p3,27
mock,scale1,self,self,with_guess,intercept,20.59999999999999,0.8332750158177428,24.721730051853257,4.674171979934051e-48,off_on_p3,27
mock,scale1,self,self,with_guess,conditionAC,-1.2666666666666644,1.6195955108032385,-0.7820882795843642,0.43575620245832236,off_on_p3,27
mock,scale1,self,self,with_guess,guessAC,11.437037037037042,1.1564001790882659,9.890206905756692,4.271073700912787e-17,off_on_p3,27
mock,scale1,self,self,with_guess,conditionAC:guessAC,-0.22799748901444036,1.88685417510351,-0.12083471633515758,0.9040310069200246,off_on_p3,27
