study,scale,guesser,respondent,model_type,component,est,se,t,p,model_name,trial_id
mock,scale1,self,self,without_guess,intercept,24.15384615384615,0.7716121156066954,31.303093439447498,5.464502029633421e-59,on_on_0,32
mock,scale1,self,self,without_guess,conditionAC,13.537330316742082,1.0250267631665615,13.20680669343883,5.266385517350978e-25,on_on_0,32
mock,scale1,self,self,with_guess,intercept,20.9642857142857,0.8773568811142433,23.894821099096024,1.2724529258866561e-46,on_on_0,32
mock,scale1,self,self,with_guess,conditionAC,7.702380952380956,2.088527124255649,3.6879487285213424,0.00034548690745244245,on_on_0,32
mock,scale1,self,self,with_guess,guessAC,6.910714285714289,1.291434361404705,5.351192822682402,4.4596297087911673e-07,on_on_0,32
mock,scale1,self,self,with_guess,conditionAC:guessAC,2.9871351766513055,2.3680423340358465,1.2614365603677116,0.2096824241496484,on_on_0,32
