study,scale,guesser,respondent,model_type,component,est,se,t,p,model_name,trial_id
mock,scale1,self,self,without_guess,intercept,23.46153846153846,0.7599500539845236,30.87247423501894,2.3486246758702603e-58,off_on_m2,21
mock,scale1,self,self,without_guess,conditionAC,0.9796380090497756,1.0095346201135398,0.9703857495640894,0.33383912401732796,off_on_m2,21
mock,scale1,self,self,with_guess,intercept,19.208333333333325,0.9424750804349992,20.38073338179692,3.8598076721635e-40,off_on_m2,21
mock,scale1,self,self,with_guess,conditionAC,1.1762820512820553,1.590007093789581,0.7397967316476153,0.4609179273062497,off_on_m2,21
mock,scale1,self,self,with_guess,guessAC,7.898809523809527,1.2843770365507639,6.149914938546423,1.133317766261396e-08,off_on_m2,21
mock,scale1,self,self,with_guess,conditionAC:guessAC,-2.883424908424912,1.91757443175741,-1.503683435006131,0.13538065066183097,off_on_m2,21
