study,scale,guesser,respondent,model_type,component,est,se,t,p,model_name,trial_id
mock,scale1,self,self,without_guess,intercept,23.65384615384615,0.8203838902525388,28.83265558343032,2.931077838432025e-55,off_on_p1,33
mock,scale1,self,self,without_guess,conditionAC,4.316742081447966,1.0898162775974105,3.9609814701653923,0.0001281485748971239,off_on_p1,33
mock,scale1,self,self,with_guess,intercept,20.129032258064516,0.8068938987075526,24.946318580802657,1.930289446784336e-48,off_on_p1,33
mock,scale1,self,self,with_guess,conditionAC,-1.1290322580645133,1.701081700006041,-0.663714304880538,0.5081901583257109,off_on_p1,33
mock,scale1,self,self,with_guess,guessAC,8.728110599078343,1.269721448944735,6.874035723608727,3.3272960750893547e-10,off_on_p1,33
mock,scale1,self,self,with_guess,conditionAC:guessAC,1.6108724517691124,2.0486301400259364,0.7863168759924221,0.4332852468657852,off_on_p1,33
