study,scale,guesser,respondent,model_type,component,est,se,t,p,model_name,trial_id
mock,scale1,self,self,without_guess,intercept,24.692307692307686,0.8087219852625038,30.532504547026488,7.510463265459496e-58,on_on_p1,12
mock,scale1,self,self,without_guess,conditionAC,14.690045248868778,1.0743243426180167,13.67375257742989,4.35318439151883e-26,on_on_p1,12
mock,scale1,self,self,with_guess,intercept,20.039999999999992,0.9890868113095601,20.26111335310077,6.586149349074804e-40,on_on_p1,12
mock,scale1,self,self,with_guess,conditionAC,14.360000000000003,2.422757999024889,5.927129331852217,3.2379795581070346e-08,on_on_p1,12
mock,scale1,self,self,with_guess,guessAC,8.960000000000004,1.3726322570823237,6.527604137065407,1.8370898300596868e-09,on_on_p1,12
mock,scale1,self,self,with_guess,conditionAC:guessAC,-3.582222222222228,2.676526538568694,-1.3383847201223216,0.1833884723599374,on_on_p1,12
