study,scale,guesser,respondent,model_type,component,est,se,t,p,model_name,trial_id
mock,scale1,self,self,without_guess,intercept,25.23076923076923,0.9180493269182567,27.483021326822218,4.0545997868001626e-53,on_on_p3,34
mock,scale1,self,self,without_guess,conditionAC,16.66628959276018,1.2195572243683104,13.665852868357822,4.539981018784505e-26,on_on_p3,34
mock,scale1,self,self,with_guess,intercept,19.740740740740744,0.8538736273167048,23.119042571646066,3.0285346766366706e-45,on_on_p3,34
mock,scale1,self,self,with_guess,conditionAC,12.059259259259257,1.6424587161569242,7.342199314133073,3.137906646623515e-11,on_on_p3,34
mock,scale1,self,self,with_guess,guessAC,11.419259259259258,1.231474058422723,9.27283784920739,1.2005461182199938e-15,on_on_p3,34
mock,scale1,self,self,with_guess,conditionAC:guessAC,0.41867177522350063,1.9556348125130294,0.21408484474946482,0.8308567562610265,on_on_p3,34
