study,scale,guesser,respondent,model_type,component,est,se,t,p,model_name,trial_id
mock,scale1,self,self,without_guess,intercept,20.05769230769231,0.6498247453530603,30.86631041850313,2.3984360926977095e-58,on_off_m2,47
mock,scale1,self,self,without_guess,conditionAC,8.707013574660632,0.8632417012154582,10.086414456578055,1.2505040758708133e-17,on_off_m2,47
mock,scale1,self,self,with_guess,intercept,19.999999999999993,0.8929474889731303,22.397733625971163,6.1412144565577e-44,on_off_m2,47
mock,scale1,self,self,with_guess,conditionAC,13.0,1.7609161956278343,7.382520549403545,2.554066700367349e-11,on_off_m2,47
mock,scale1,self,self,with_guess,guessAC,0.11538461538461826,1.2628184493928005,0.09137070767385329,0.9273556343603884,on_off_m2,47
mock,scale1,self,self,with_guess,conditionAC:guessAC,-4.996740547588006,2.061445595169706,-2.4239012464341343,0.01689932076690495,on_off_m2,47
