study,scale,guesser,respondent,model_type,component,est,se,t,p,model_name,trial_id
mock,scale1,self,self,without_guess,intercept,25.173076923076916,0.7662225961088608,32.853477632889415,3.2597535037612155e-61,on_on_p2,20
mock,scale1,self,self,without_guess,conditionAC,16.812217194570138,1.0178672051267754,16.517102731958218,1.8044122049672145e-32,on_on_p2,20
mock,scale1,self,self,with_guess,intercept,21.607142857142854,0.8780105264500202,24.609207072385615,7.295181792739142e-48,on_on_p2,20
mock,scale1,self,self,with_guess,conditionAC,12.592857142857147,2.2556498837533443,5.58280663748354,1.5793947028147107e-07,on_on_p2,20
mock,scale1,self,self,with_guess,guessAC,7.726190476190484,1.2923965012875331,5.978188944718875,2.5497107150654062e-08,on_on_p2,20
mock,scale1,self,self,with_guess,conditionAC:guessAC,0.6769841269841206,2.5159423595403543,0.26907775705473674,0.7883478561643613,on_on_p2,20
