study,scale,guesser,respondent,model_type,component,est,se,t,p,model_name,trial_id
mock,scale1,self,self,without_guess,intercept,26.19230769230769,0.8158327844969363,32.10499527603386,3.770201905820172e-60,on_on_p2,40
mock,scale1,self,self,without_guess,conditionAC,13.778280542986426,1.0837704870931673,12.713282661850123,7.487342366657626e-24,on_on_p2,40
mock,scale1,self,self,with_guess,intercept,21.38095238095238,0.9519808150950867,22.459436200735606,4.736001360908069e-44,on_on_p2,40
mock,scale1,self,self,with_guess,conditionAC,10.465201465201467,1.53955773016173,6.79753753962971,4.866972704743368e-10,on_on_p2,40
mock,scale1,self,self,with_guess,guessAC,8.070660522273428,1.2329600961556089,6.545759710665324,1.6812505837751339e-09,on_on_p2,40
mock,scale1,self,self,with_guess,conditionAC:guessAC,1.9740947224818173,1.8248809630827165,1.0817662973189432,0.2816000997655513,on_on_p2,40
