study,scale,guesser,respondent,model_type,component,est,se,t,p,model_name,trial_id
mock,scale1,self,self,without_guess,intercept,22.269230769230763,0.63846826061362,34.879150841152565,5.382873040605495e-64,off_on_m2,45
mock,scale1,self,self,without_guess,conditionAC,2.8484162895927634,0.8481554933164723,3.3583656676617593,0.0010561393379316915,off_on_m2,45
mock,scale1,self,self,with_guess,intercept,19.37931034482758,0.7474864260520794,25.925969582058165,4.342832364695087e-50,off_on_m2,45
mock,scale1,self,self,with_guess,conditionAC,3.0651340996168637,1.5359385972615578,1.9956097887517936,0.04831979816835337,off_on_m2,45
mock,scale1,self,self,with_guess,guessAC,6.533733133433286,1.1239346602327904,5.813267767790001,5.497151104459348e-08,off_on_m2,45
mock,scale1,self,self,with_guess,conditionAC:guessAC,-3.4527538490641727,1.827083322123043,-1.8897626655866606,0.06128573434965438,off_on_m2,45
