study,scale,guesser,respondent,model_type,component,est,se,t,p,model_name,trial_id
mock,scale1,self,self,without_guess,intercept,19.500000000000004,0.6098212445487097,31.976583587918007,5.764370977870307e-60,on_off_m3,29
mock,scale1,self,self,without_guess,conditionAC,7.9558823529411775,0.8101001575363861,9.820862616711484,5.335185391915707e-17,on_off_m3,29
mock,scale1,self,self,with_guess,intercept,21.000000000000004,0.8657279082747912,24.257044042681343,2.9649481839796025e-47,on_off_m3,29
mock,scale1,self,self,with_guess,conditionAC,6.500000000000001,1.5201682476274432,4.275842499765852,3.9289540564657946e-05,on_off_m3,29
mock,scale1,self,self,with_guess,guessAC,-2.888888888888889,1.201437567629712,-2.404526849104869,0.01777583608601158,on_off_m3,29
mock,scale1,self,self,with_guess,conditionAC:guessAC,2.835317460317461,1.827421777367509,1.5515397131809796,0.1234964857595839,on_off_m3,29
