study,scale,guesser,respondent,model_type,component,est,se,t,p,model_name,trial_id
mock,scale1,self,self,without_guess,intercept,20.923076923076923,0.5840269679871902,35.82553215853525,2.995453417818703e-65,off_off_0,49
mock,scale1,self,self,without_guess,conditionAC,-1.761312217194569,0.7758344646094567,-2.2702165185213663,0.02500918308120846,off_off_0,49
mock,scale1,self,self,with_guess,intercept,20.56,0.8475460160666325,24.258269887712633,2.9504411971595815e-47,off_off_0,49
mock,scale1,self,self,with_guess,conditionAC,-0.8599999999999981,1.5856134058232703,-0.5423768472451047,0.5885993961303944,off_off_0,49
mock,scale1,self,self,with_guess,guessAC,0.6992592592592614,1.1762051497525907,0.5945045040878688,0.5533325162322258,off_off_0,49
mock,scale1,self,self,with_guess,conditionAC:guessAC,-1.3302937420178826,1.8678653616621104,-0.7122000168331873,0.47777093093398004,off_off_0,49
