study,scale,guesser,respondent,model_type,component,est,se,t,p,model_name,trial_id
mock,scale1,self,self,without_guess,intercept,24.69230769230769,0.8068052860855154,30.605039553112803,5.8558026960026066e-58,on_on_0,49
mock,scale1,self,self,without_guess,conditionAC,12.425339366515837,1.0717781566346514,11.593200784695034,3.2834673002682797e-21,on_on_0,49
mock,scale1,self,self,with_guess,intercept,20.08695652173912,0.9979489472490581,20.12824060500363,1.1948564325549617e-39,on_on_0,49
mock,scale1,self,self,with_guess,conditionAC,11.094861660079056,1.7544921939443208,6.323688243454877,4.935841814123522e-09,on_on_0,49
mock,scale1,self,self,with_guess,guessAC,8.257871064467768,1.3363216274587515,6.179553555659762,9.842501308205535e-09,on_on_0,49
mock,scale1,self,self,with_guess,conditionAC:guessAC,-1.1765313515491103,2.0663860924750264,-0.5693666618419372,0.5702082238336826,on_on_0,49
