study,scale,guesser,respondent,model_type,component,est,se,t,p,model_name,trial_id
mock,scale1,self,self,without_guess,intercept,23.576923076923084,0.7469325211203163,31.56499738632387,2.26851079712528e-59,on_on_m1,9
mock,scale1,self,self,without_guess,conditionAC,11.349547511312217,0.9922418387972157,11.438287590321739,7.652238425199778e-21,on_on_m1,9
mock,scale1,self,self,with_guess,intercept,19.047619047619058,0.9296371370912373,20.48930522205426,2.380138909753073e-40,on_on_m1,9
mock,scale1,self,self,with_guess,conditionAC,8.752380952380951,1.6367950820562402,5.347267381440128,4.5378535361972114e-07,on_on_m1,9
mock,scale1,self,self,with_guess,guessAC,7.597542242703532,1.204021631279776,6.310137663081658,5.268331172177454e-09,on_on_m1,9
mock,scale1,self,self,with_guess,conditionAC:guessAC,0.7576301710895715,1.8914148537861633,0.4005626632216491,0.6894789218718236,on_on_m1,9
