study,scale,guesser,respondent,model_type,component,est,se,t,p,model_name,trial_id
mock,scale1,self,self,without_guess,intercept,22.480769230769226,0.7235352581432845,31.070730800954657,1.1978576143221951e-58,off_on_m3,2
mock,scale1,self,self,without_guess,conditionAC,1.2545248868778298,0.9611603922371824,1.3052190841507905,0.19435762330993547,off_on_m3,2
mock,scale1,self,self,with_guess,intercept,18.75999999999999,0.8524236083237793,22.007837203019264,3.2050630772544913e-43,off_on_m3,2
mock,scale1,self,self,with_guess,conditionAC,-0.509999999999997,1.496806664676117,-0.3407253668999077,0.7339266511566349,off_on_m3,2
mock,scale1,self,self,with_guess,guessAC,7.165925925925929,1.182974161726565,6.057550669971671,1.7552418306617544e-08,off_on_m3,2
mock,scale1,self,self,with_guess,conditionAC:guessAC,-0.5052116402116431,1.7993383954749713,-0.28077633505857713,0.7793821249072667,off_on_m3,2
