study,scale,guesser,respondent,model_type,component,est,se,t,p,model_name,trial_id
mock,scale1,self,self,without_guess,intercept,23.576923076923077,0.744227531570358,31.67972438102977,1.5462389892625486e-59,on_on_0,22
mock,scale1,self,self,without_guess,conditionAC,13.599547511312217,0.9886484702812055,13.755695699851778,2.816308338482248e-26,on_on_0,22
mock,scale1,self,self,with_guess,intercept,19.962962962962965,0.826369021827232,24.15744350970673,4.419113349208756e-47,on_on_0,22
mock,scale1,self,self,with_guess,conditionAC,11.203703703703702,1.489757940326553,7.520485979922258,1.2592601131262229e-11,on_on_0,22
mock,scale1,self,self,with_guess,guessAC,7.517037037037039,1.1918063522612423,6.307263778863729,5.34163407117575e-09,on_on_0,22
mock,scale1,self,self,with_guess,conditionAC:guessAC,-0.21941798941799004,1.8127724163178278,-0.12104000890728478,0.9038687608485723,on_on_0,22
