study,scale,guesser,respondent,model_type,component,est,se,t,p,model_name,trial_id
mock,scale1,self,self,without_guess,intercept,24.788461538461533,0.8783383628523048,28.221995744286744,2.668546106654384e-54,off_on_p2,2
mock,scale1,self,self,without_guess,conditionAC,5.005656108597286,1.166804293024378,4.2900563003779615,3.676357801715285e-05,off_on_p2,2
mock,scale1,self,self,with_guess,intercept,19.08,0.8808548326885388,21.66077688620287,1.4165091503593655e-42,off_on_p2,2
mock,scale1,self,self,with_guess,conditionAC,0.6700000000000023,1.7890246224177178,0.37450574553554944,0.7087118332097758,off_on_p2,2
mock,scale1,self,self,with_guess,guessAC,10.994074074074074,1.2224303704487733,8.993619873856682,5.382983561187037e-15,off_on_p2,2
mock,scale1,self,self,with_guess,conditionAC:guessAC,0.3892592592592587,2.059692628133571,0.18898900444771377,0.8504316966803829,off_on_p2,2
