study,scale,guesser,respondent,model_type,component,est,se,t,p,model_name,trial_id
mock,scale1,self,self,without_guess,intercept,22.67307692307692,0.6262135945917731,36.20661882605317,9.529159845682124e-66,on_on_m3,13
mock,scale1,self,self,without_guess,conditionAC,9.076923076923077,0.8318761213470672,10.911387938656905,1.3667335499231905e-19,on_on_m3,13
mock,scale1,self,self,with_guess,intercept,19.954545454545453,0.9063092961342535,22.017368176249562,3.077525033147111e-43,on_on_m3,13
mock,scale1,self,self,with_guess,conditionAC,10.245454545454548,1.6212553558369425,6.3194576403823355,5.037363779605563e-09,on_on_m3,13
mock,scale1,self,self,with_guess,guessAC,4.712121212121216,1.1932116338337615,3.949107667498413,0.00013503100432123706,on_on_m3,13
mock,scale1,self,self,with_guess,conditionAC:guessAC,-2.89487983281087,1.8821239588860257,-1.5380920152168218,0.1267494610534067,on_on_m3,13
