study,scale,guesser,respondent,model_type,component,est,se,t,p,model_name,trial_id
mock,scale1,self,self,without_guess,intercept,22.692307692307686,0.7247359077746744,31.31114030486659,5.318415483186831e-59,off_on_m1,33
mock,scale1,self,self,without_guess,conditionAC,2.9400452488687794,0.9627553620159981,3.05378226376466,0.0027934316827038764,off_on_m1,33
mock,scale1,self,self,with_guess,intercept,19.18518518518518,0.8649891645068283,22.179682673971495,1.54382122550907e-43,off_on_m1,33
mock,scale1,self,self,with_guess,conditionAC,1.5291005291005328,1.9063432707030463,0.8021118507878232,0.42412845120067566,off_on_m1,33
mock,scale1,self,self,with_guess,guessAC,7.294814814814817,1.2475051141400502,5.847522973758223,4.690448122807723e-08,off_on_m1,33
mock,scale1,self,self,with_guess,conditionAC:guessAC,-1.8123792176251226,2.1848067834775438,-0.8295375276803056,0.40850413288847964,off_on_m1,33
