study,scale,guesser,respondent,model_type,component,est,se,t,p,model_name,trial_id
mock,scale1,self,self,without_guess,intercept,23.76923076923077,0.728238520849015,32.63934835734791,6.536501273230342e-61,on_on_m1,10
mock,scale1,self,self,without_guess,conditionAC,10.554298642533936,0.9674083114313832,10.909869718731,1.378142594604729e-19,on_on_m1,10
mock,scale1,self,self,with_guess,intercept,19.947368421052623,1.0358336308483023,19.257309115090813,6.261618211994029e-38,on_on_m1,10
mock,scale1,self,self,with_guess,conditionAC,8.507177033492827,1.7106229413948832,4.973145646319854,2.3027777450638437e-06,on_on_m1,10
mock,scale1,self,self,with_guess,guessAC,6.022328548644344,1.3002734929261663,4.631586032790342,9.5488889878751e-06,on_on_m1,10
mock,scale1,self,self,with_guess,conditionAC:guessAC,0.9792663476873943,1.975257231392571,0.4957664916366383,0.6209971395744691,on_on_m1,10
