study,scale,guesser,respondent,model_type,component,est,se,t,p,model_name,trial_id
mock,scale1,self,self,without_guess,intercept,23.884615384615383,0.7887984012874253,30.27974618816731,1.7941245319406876e-57,off_on_p2,17
mock,scale1,self,self,without_guess,conditionAC,4.968325791855205,1.0478574088055599,4.741414003569951,5.988089418792004e-06,off_on_p2,17
mock,scale1,self,self,with_guess,intercept,20.696969696969695,0.7890412147302165,26.230530561126976,1.3627779932882502e-50,off_on_p2,17
mock,scale1,self,self,with_guess,conditionAC,0.01731601731601729,1.886169267579035,0.009180521395220808,0.9926908767106566,off_on_p2,17
mock,scale1,self,self,with_guess,guessAC,8.724082934609253,1.3053427459611129,6.683365699623806,8.558752409006774e-10,off_on_p2,17
mock,scale1,self,self,with_guess,conditionAC:guessAC,0.3485165970066737,2.2306449722834025,0.15624028087711073,0.8761152129886545,off_on_p2,17
