study,scale,guesser,respondent,model_type,component,est,se,t,p,model_name,trial_id
mock,scale1,self,self,without_guess,intercept,22.769230769230766,0.8326127836176118,27.346722530851544,6.736677387352704e-53,on_on_m2=,49
mock,scale1,self,self,without_guess,conditionAC,9.539592760180994,1.1060614125940973,8.624831000845914,3.470783938685768e-14,on_on_m2=,49
mock,scale1,self,self,with_guess,intercept,19.39999999999999,1.0789452348052821,17.980523361318816,2.468882509255112e-35,on_on_m2=,49
mock,scale1,self,self,with_guess,conditionAC,8.369230769230768,1.8446735618853247,4.536971170485636,1.4006386414415517e-05,on_on_m2=,49
mock,scale1,self,self,with_guess,guessAC,6.488888888888892,1.4973357403867733,4.3336231907566445,3.13767297500118e-05,on_on_m2=,49
mock,scale1,self,self,with_guess,conditionAC:guessAC,-0.8763014763014774,2.238271383429777,-0.3915081445390647,0.6961399237309475,on_on_m2=,49
