study,scale,guesser,respondent,model_type,component,est,se,t,p,model_name,trial_id
mock,scale1,self,self,without_guess,intercept,23.38461538461539,0.8037676635375924,29.09374990490854,1.1522561002483473e-55,on_on_m2=,28
mock,scale1,self,self,without_guess,conditionAC,10.247737556561084,1.0677429110170122,9.597570211728437,1.802588490821986e-16,on_on_m2=,28
mock,scale1,self,self,with_guess,intercept,18.538461538461544,0.9132737486713618,20.298909900160222,5.561881440531779e-40,on_on_m2=,28
mock,scale1,self,self,with_guess,conditionAC,10.086538461538462,1.8827620654379107,5.357309161204307,4.3403656018657336e-07,on_on_m2=,28
mock,scale1,self,self,with_guess,guessAC,9.692307692307688,1.2915641215303575,7.504317850532577,1.3683580769426286e-11,on_on_m2=,28
mock,scale1,self,self,with_guess,conditionAC:guessAC,-4.017307692307692,2.1772211208486785,-1.8451537392498514,0.06756576686835643,on_on_m2=,28
