study,scale,guesser,respondent,model_type,component,est,se,t,p,model_name,trial_id
mock,scale1,self,self,without_guess,intercept,20.0,0.5624661795015398,35.55769347363089,6.740632997544981e-65,on_off_m3,28
mock,scale1,self,self,without_guess,conditionAC,7.264705882352941,0.7471926317691463,9.722667988778367,9.116063113136846e-17,on_off_m3,28
mock,scale1,self,self,with_guess,intercept,20.173913043478258,0.8522005684525763,23.67272892120924,3.1310857710611997e-46,on_off_m3,28
mock,scale1,self,self,with_guess,conditionAC,6.5403726708074545,1.7642227858232984,3.707226050680046,0.00032282063499276624,on_off_m3,28
mock,scale1,self,self,with_guess,guessAC,-0.31184407796101693,1.1411546188761157,-0.2732706618390955,0.7851310993899806,on_off_m3,28
mock,scale1,self,self,with_guess,conditionAC:guessAC,0.9254272161343193,1.990552807709667,0.46490965351435076,0.6428676705330707,on_off_m3,28
