study,scale,guesser,respondent,model_type,component,est,se,t,p,model_name,trial_id
mock,scale1,self,self,without_guess,intercept,25.480769230769234,0.8626407275448069,29.538101340625285,2.386570219698773e-56,on_on_p2,24
mock,scale1,self,self,without_guess,conditionAC,14.725113122171942,1.1459512037802282,12.849685984531625,3.588375308365705e-24,on_on_p2,24
mock,scale1,self,self,with_guess,intercept,20.13636363636364,1.057153388807865,19.04772178715815,1.64681257878383e-37,on_on_p2,24
mock,scale1,self,self,with_guess,conditionAC,12.308080808080806,1.9619936547498071,6.273252096551928,6.289302702859698e-09,on_on_p2,24
mock,scale1,self,self,with_guess,guessAC,9.263636363636367,1.3918071100591198,6.655833482013808,9.8011783481679e-10,on_on_p2,24
mock,scale1,self,self,with_guess,conditionAC:guessAC,-0.31825029960623213,2.2551485734217893,-0.14112165529002976,0.8880186162069275,on_on_p2,24
