study,scale,guesser,respondent,model_type,component,est,se,t,p,model_name,trial_id
mock,scale1,self,self,without_guess,intercept,24.115384615384606,0.7899703389676362,30.526949463570396,7.655124690886871e-58,on_on_0,7
mock,scale1,self,self,without_guess,conditionAC,13.06108597285068,1.0494142369873403,12.446072782799728,3.174847218904613e-23,on_on_0,7
mock,scale1,self,self,with_guess,intercept,19.68,0.9205113535545655,21.379421257549346,4.775858598402853e-42,on_on_0,7
mock,scale1,self,self,with_guess,conditionAC,11.09777777777778,1.7891524737452025,6.202812751082635,8.809421331877198e-09,on_on_0,7
mock,scale1,self,self,with_guess,guessAC,8.542222222222225,1.2774647912113917,6.686855309821748,8.412830770490378e-10,on_on_0,7
mock,scale1,self,self,with_guess,conditionAC:guessAC,-1.1674576271186476,2.084390696605874,-0.5600953933538861,0.5764944237749704,on_on_0,7
