study,scale,guesser,respondent,model_type,component,est,se,t,p,model_name,trial_id
mock,scale1,self,self,without_guess,intercept,25.423076923076923,0.7986872883698509,31.831077435783815,9.341100293822764e-60,on_on_p2,25
mock,scale1,self,self,without_guess,conditionAC,14.488687782805426,1.060994027207992,13.65576752673381,4.790193564418728e-26,on_on_p2,25
mock,scale1,self,self,with_guess,intercept,20.04545454545455,0.9261059527287796,21.644882517373347,1.5167948217996143e-42,on_on_p2,25
mock,scale1,self,self,with_guess,conditionAC,11.579545454545453,1.7933964658710582,6.456768302440717,2.5935855308844638e-09,on_on_p2,25
mock,scale1,self,self,with_guess,guessAC,9.321212121212119,1.2192751433446485,7.644879969948934,6.632739353252156e-12,on_on_p2,25
mock,scale1,self,self,with_guess,conditionAC:guessAC,0.0704545454545439,2.039536796198208,0.034544385561405155,0.9725024213083124,on_on_p2,25
