study,scale,guesser,respondent,model_type,component,est,se,t,p,model_name,trial_id
mock,scale1,self,self,without_guess,intercept,26.230769230769234,0.8748249475773442,29.984020578528533,5.005431942978357e-57,on_on_p3,18
mock,scale1,self,self,without_guess,conditionAC,16.210407239819002,1.1621369937244945,13.948792033430415,1.0117971036200581e-26,on_on_p3,18
mock,scale1,self,self,with_guess,intercept,19.0,1.0358177374929218,18.34299540572391,4.430419330762544e-36,on_on_p3,18
mock,scale1,self,self,with_guess,conditionAC,14.25,1.9029186925363424,7.4884965163732815,1.484179596812171e-11,on_on_p3,18
mock,scale1,self,self,with_guess,guessAC,11.393939393939396,1.3002535421270227,8.762859722958797,1.8502691759093376e-14,on_on_p3,18
mock,scale1,self,self,with_guess,conditionAC:guessAC,-0.9772727272727293,2.139765858123977,-0.4567194693579911,0.648726766098201,on_on_p3,18
