study,scale,guesser,respondent,model_type,component,est,se,t,p,model_name,trial_id
mock,scale1,self,self,without_guess,intercept,23.634615384615383,0.7654243289946877,30.87779482480941,2.3064663577261056e-58,on_on_m1,19
mock,scale1,self,self,without_guess,conditionAC,11.321266968325792,1.016806769268352,11.134138078636182,4.037690948682173e-20,on_on_m1,19
mock,scale1,self,self,with_guess,intercept,20.129032258064516,0.8304577511264104,24.238478394309695,3.193650665200885e-47,on_on_m1,19
mock,scale1,self,self,with_guess,conditionAC,10.759856630824375,1.7507586627338134,6.145825155605876,1.1555594571890657e-08,on_on_m1,19
mock,scale1,self,self,with_guess,guessAC,8.680491551459294,1.3068013288197915,6.642548763934061,1.046279118708933e-09,on_on_m1,19
mock,scale1,self,self,with_guess,conditionAC:guessAC,-3.9931092539075057,2.108456615796441,-1.8938541224853056,0.060735084525250026,on_on_m1,19
