study,scale,guesser,respondent,model_type,component,est,se,t,p,model_name,trial_id
mock,scale1,self,self,without_guess,intercept,23.192307692307686,0.6806372041863128,34.074404910077746,6.608496631345648e-63,off_on_m2,41
mock,scale1,self,self,without_guess,conditionAC,1.660633484162898,0.9041736595196879,1.8366311235444022,0.06878120409133223,off_on_m2,41
mock,scale1,self,self,with_guess,intercept,20.34782608695652,0.9117409180313867,22.31755280972927,8.613547517525233e-44,off_on_m2,41
mock,scale1,self,self,with_guess,conditionAC,-0.7922705314009653,1.7191951622006443,-0.46083804143959123,0.6457776383684315,off_on_m2,41
mock,scale1,self,self,with_guess,guessAC,5.1004497751124465,1.2208832032570578,4.177672165122369,5.731678285912967e-05,off_on_m2,41
mock,scale1,self,self,with_guess,conditionAC:guessAC,1.0050116184845417,1.984684179478112,0.5063836497899717,0.6135484518570401,off_on_m2,41
