study,scale,guesser,respondent,model_type,component,est,se,t,p,model_name,trial_id
mock,scale1,self,self,without_guess,intercept,24.076923076923066,0.6860887982515756,35.09301294275689,2.7865602596955707e-64,on_on_0,31
mock,scale1,self,self,without_guess,conditionAC,12.996606334841632,0.9114156788008662,14.25980113919155,1.9603581001697633e-27,on_on_0,31
mock,scale1,self,self,with_guess,intercept,20.956521739130423,0.9197882507711327,22.7840720095749,1.2159591796407158e-44,on_on_0,31
mock,scale1,self,self,with_guess,conditionAC,10.210144927536238,2.022140052907727,5.049177930507141,1.664369801272826e-06,on_on_0,31
mock,scale1,self,self,with_guess,guessAC,5.595202398800605,1.231659130034799,4.542817296082983,1.3680678072099505e-05,on_on_0,31
mock,scale1,self,self,with_guess,conditionAC:guessAC,0.8832922248553097,2.2525245298103678,0.39213434223052435,0.6956784860010471,on_on_0,31
