study,scale,guesser,respondent,model_type,component,est,se,t,p,model_name,trial_id
mock,scale1,self,self,without_guess,intercept,23.365384615384617,0.6672638272230254,35.01671102512051,3.523082906132399e-64,off_on_m2,37
mock,scale1,self,self,without_guess,conditionAC,1.6640271493212675,0.8864081669567483,1.877269649978826,0.06295043997839596,off_on_m2,37
mock,scale1,self,self,with_guess,intercept,21.291666666666668,0.9311099864661534,22.866972727330573,8.609677661395575e-45,off_on_m2,37
mock,scale1,self,self,with_guess,conditionAC,-0.29166666666666724,1.9594437991359768,-0.14885176436051833,0.8819290685868182,off_on_m2,37
mock,scale1,self,self,with_guess,guessAC,3.8511904761904754,1.2688890241726651,3.035088493023659,0.0029690380824928184,off_on_m2,37
mock,scale1,self,self,with_guess,conditionAC:guessAC,0.6406128024980497,2.2189265088811565,0.2887039295506295,0.7733232321508066,off_on_m2,37
