study,scale,guesser,respondent,model_type,component,est,se,t,p,model_name,trial_id
mock,scale1,self,self,without_guess,intercept,23.76923076923077,0.7782297029532721,30.542692830959663,7.252265531472618e-58,on_on_0,43
mock,scale1,self,self,without_guess,conditionAC,13.745475113122172,1.0338177139572966,13.29584019266471,3.269178913178496e-25,on_on_0,43
mock,scale1,self,self,with_guess,intercept,19.538461538461537,0.876048284866957,22.302950506236982,9.161692695057638e-44,on_on_0,43
mock,scale1,self,self,with_guess,conditionAC,11.239316239316244,1.7275905157068325,6.505775608936907,2.0434168207259075e-09,on_on_0,43
mock,scale1,self,self,with_guess,guessAC,8.461538461538462,1.2389193657525392,6.829773345579104,4.1471127730324725e-10,on_on_0,43
mock,scale1,self,self,with_guess,conditionAC:guessAC,-0.6969433579603076,2.0224323381789664,-0.34460651404924014,0.7310141926599243,on_on_0,43
