study,scale,guesser,respondent,model_type,component,est,se,t,p,model_name,trial_id
mock,scale1,self,self,without_guess,intercept,19.923076923076927,0.6370672932175964,31.273112173837514,6.04530721024282e-59,on_off_p1,4
mock,scale1,self,self,without_guess,conditionAC,10.50339366515837,0.84629441694636,12.411039769182477,3.838229698156514e-23,on_off_p1,4
mock,scale1,self,self,with_guess,intercept,20.680000000000003,0.9215262569408051,22.441031760344508,5.117403416928529e-44,on_off_p1,4
mock,scale1,self,self,with_guess,conditionAC,9.704615384615384,1.5755342050040477,6.159571371914741,1.0824609014076456e-08,on_off_p1,4
mock,scale1,self,self,with_guess,guessAC,-1.457777777777777,1.2788732511259775,-1.1398923048036886,0.2566793925919733,on_off_p1,4
mock,scale1,self,self,with_guess,conditionAC:guessAC,1.5095260295260284,1.9117057877010812,0.7896225660023275,0.43135931646705183,on_off_p1,4
