study,scale,guesser,respondent,model_type,component,est,se,t,p,model_name,trial_id
mock,scale1,self,self,without_guess,intercept,21.384615384615387,0.6278702081225545,34.05897446314463,6.937297326606752e-63,on_on_m3,11
mock,scale1,self,self,without_guess,conditionAC,10.18891402714932,0.834076803750738,12.215798330958325,1.10662310782965e-22,on_on_m3,11
mock,scale1,self,self,with_guess,intercept,20.17857142857143,0.7758344985017385,26.008860739680312,3.164930970735085e-50,on_on_m3,11
mock,scale1,self,self,with_guess,conditionAC,5.376984126984127,1.573072339066362,3.41814167947002,0.000870501964376167,on_on_m3,11
mock,scale1,self,self,with_guess,guessAC,2.6130952380952386,1.1419974604357908,2.288179552604321,0.023938261000587158,on_on_m3,11
mock,scale1,self,self,with_guess,conditionAC:guessAC,4.322874630078019,1.860766554225109,2.3231687071451157,0.021912518529131706,on_on_m3,11
