study,scale,guesser,respondent,model_type,component,est,se,t,p,model_name,trial_id
mock,scale1,self,self,without_guess,intercept,25.519230769230766,0.9362168370604667,27.25782079433226,9.390735685633465e-53,off_on_p2,33
mock,scale1,self,self,without_guess,conditionAC,2.7454751131221733,1.243691350491023,2.2075212728931737,0.029211774491657946,off_on_p2,33
mock,scale1,self,self,with_guess,intercept,20.185185185185183,0.899620539939819,22.437443665454204,5.195288227011169e-44,off_on_p2,33
mock,scale1,self,self,with_guess,conditionAC,-0.7236467236467244,1.5780388177750757,-0.45857346187910364,0.647398509630772,off_on_p2,33
mock,scale1,self,self,with_guess,guessAC,11.09481481481482,1.297451194085447,8.55123866345923,5.711652551773867e-14,off_on_p2,33
mock,scale1,self,self,with_guess,conditionAC:guessAC,-0.2108987308987326,1.9394767658241512,-0.10874001411876383,0.9135965796159946,off_on_p2,33
