study,scale,guesser,respondent,model_type,component,est,se,t,p,model_name,trial_id
mock,scale1,self,self,without_guess,intercept,25.288461538461533,0.8679186977472851,29.13690142187127,9.880985317975027e-56,off_on_p1,12
mock,scale1,self,self,without_guess,conditionAC,2.623303167420816,1.1529625772453558,2.2752717383840677,0.024694647715367123,off_on_p1,12
mock,scale1,self,self,with_guess,intercept,20.04,0.9294498316071776,21.56114221393468,2.1760106317971443e-42,off_on_p1,12
mock,scale1,self,self,with_guess,conditionAC,-0.3399999999999963,1.7388414140343966,-0.19553249494509145,0.8453181969304198,off_on_p1,12
mock,scale1,self,self,with_guess,guessAC,10.108148148148148,1.289869408444123,7.836567083438999,2.4548385884287736e-12,off_on_p1,12
mock,scale1,self,self,with_guess,conditionAC:guessAC,-0.4805619412515989,2.048369189343509,-0.23460709317035586,0.8149273107907506,off_on_p1,12
