study,scale,guesser,respondent,model_type,component,est,se,t,p,model_name,trial_id
mock,scale1,self,self,without_guess,intercept,23.13461538461538,0.7697783301170166,30.05360696643488,3.9290459967311195e-57,on_on_m3,1
mock,scale1,self,self,without_guess,conditionAC,7.688914027149322,1.0225907215767411,7.519053190013031,1.1814126858814309e-11,on_on_m3,1
mock,scale1,self,self,with_guess,intercept,19.000000000000007,1.0155608177607707,18.708874611658874,7.956293981619214e-37,on_on_m3,1
mock,scale1,self,self,with_guess,conditionAC,7.666666666666667,1.9149598425226582,4.003565242687826,0.00011041222415091696,on_on_m3,1
mock,scale1,self,self,with_guess,guessAC,7.413793103448277,1.359905121914737,5.45169878690486,2.8505495622032254e-07,on_on_m3,1
mock,scale1,self,self,with_guess,conditionAC:guessAC,-2.622832651470876,2.2106800829556175,-1.1864370026640048,0.23787405580611654,on_on_m3,1
