study,scale,guesser,respondent,model_type,component,est,se,t,p,model_name,trial_id
mock,scale1,self,self,without_guess,intercept,23.980769230769226,0.7474916068592192,32.08165685168115,4.072234037302644e-60,off_on_p2,18
mock,scale1,self,self,without_guess,conditionAC,5.107466063348417,0.9929845407762142,5.143550431667264,1.0849799878628406e-06,off_on_p2,18
mock,scale1,self,self,with_guess,intercept,19.999999999999996,0.8239201742358833,24.274196245465546,2.76833350189973e-47,off_on_p2,18
mock,scale1,self,self,with_guess,conditionAC,1.2500000000000027,1.6985549527259272,0.7359196698310757,0.46326509431492535,off_on_p2,18
mock,scale1,self,self,with_guess,guessAC,7.961538461538459,1.1651990847171896,6.832770953875953,4.085783254597052e-10,off_on_p2,18
mock,scale1,self,self,with_guess,conditionAC:guessAC,0.9217948717948705,1.9642044982125082,0.4692967929936698,0.6397383982605771,off_on_p2,18
