study,scale,guesser,respondent,model_type,component,est,se,t,p,model_name,trial_id
mock,scale1,self,self,without_guess,intercept,25.307692307692303,0.8441199086872859,29.981157945971198,5.055584930395834e-57,off_on_p2,7
mock,scale1,self,self,without_guess,conditionAC,2.5746606334841653,1.1213477344713099,2.2960412317576577,0.023438506022236,off_on_p2,7
mock,scale1,self,self,with_guess,intercept,20.4074074074074,0.8487863581260973,24.043043590452758,6.998407985527933e-47,off_on_p2,7
mock,scale1,self,self,with_guess,conditionAC,0.8783068783068809,1.4525339816870648,0.6046721724794072,0.5465777972665488,off_on_p2,7
mock,scale1,self,self,with_guess,guessAC,10.192592592592598,1.2241370944551941,8.326348934903278,1.8806373099642938e-13,off_on_p2,7
mock,scale1,self,self,with_guess,conditionAC:guessAC,-1.885714285714289,1.8022617604294895,-1.0463043311005569,0.2975958780217579,off_on_p2,7
