study,scale,guesser,respondent,model_type,component,est,se,t,p,model_name,trial_id
mock,scale1,self,self,without_guess,intercept,24.769230769230763,0.8384643133010806,29.541186638836095,2.3607717150497636e-56,on_on_p1,32
mock,scale1,self,self,without_guess,conditionAC,14.039592760180996,1.1138347152803867,12.604736203294577,1.3456585945015803e-23,on_on_p1,32
mock,scale1,self,self,with_guess,intercept,20.583333333333325,0.9747261393032419,21.117042524423113,1.4964024639525395e-41,on_on_p1,32
mock,scale1,self,self,with_guess,conditionAC,7.559523809523812,2.0512303780160512,3.6853606940217896,0.00034864232366721404,on_on_p1,32
mock,scale1,self,self,with_guess,guessAC,7.773809523809527,1.3283278213245107,5.852327564785971,4.587026196885808e-08,on_on_p1,32
mock,scale1,self,self,with_guess,conditionAC:guessAC,4.116120218579231,2.322868083080078,1.7719991283884426,0.0790202286836775,on_on_p1,32
