study,scale,guesser,respondent,model_type,component,est,se,t,p,model_name,trial_id
mock,scale1,self,self,without_guess,intercept,19.40384615384615,0.6035803626610894,32.14790830552818,3.2724751589391503e-60,on_off_p3,42
mock,scale1,self,self,without_guess,conditionAC,14.27262443438914,0.8018096306885248,17.800515095002094,3.243401827192869e-35,on_off_p3,42
mock,scale1,self,self,with_guess,intercept,19.21428571428571,0.8227062564482162,23.35497702088415,1.1466057354328245e-45,on_off_p3,42
mock,scale1,self,self,with_guess,conditionAC,16.185714285714287,1.603749737557686,10.092418977017664,1.4268991505592926e-17,on_off_p3,42
mock,scale1,self,self,with_guess,guessAC,0.41071428571428625,1.2109908200304067,0.33915557320572726,0.7351057480044436,on_off_p3,42
mock,scale1,self,self,with_guess,conditionAC:guessAC,-2.4314039408867005,1.9205258246791657,-1.2660095009619983,0.2080463124674769,on_off_p3,42
