study,scale,guesser,respondent,model_type,component,est,se,t,p,model_name,trial_id
mock,scale1,self,self,without_guess,intercept,24.94230769230769,0.7796412603164522,31.992031414786513,5.476954536783264e-60,on_on_0,46
mock,scale1,self,self,without_guess,conditionAC,12.734162895927604,1.0356928582762357,12.295308202783032,7.187914747423715e-23,on_on_0,46
mock,scale1,self,self,with_guess,intercept,20.16666666666666,0.9274083839632994,21.74518477014838,9.855488949725822e-43,on_on_0,46
mock,scale1,self,self,with_guess,conditionAC,11.11904761904762,1.9516540834455562,5.697243027523325,9.37722891056201e-08,on_on_0,46
mock,scale1,self,self,with_guess,guessAC,8.869047619047622,1.2638445902647573,7.017514405936322,1.62337343755804e-10,on_on_0,46
mock,scale1,self,self,with_guess,conditionAC:guessAC,-1.7449258391881377,2.210105226714379,-0.7895216110511655,0.43141805937950317,on_on_0,46
