study,scale,guesser,respondent,model_type,component,est,se,t,p,model_name,trial_id
mock,scale1,self,self,without_guess,intercept,23.749999999999993,0.8112500118909596,29.27580850771345,6.031709183243383e-56,on_on_m1,24
mock,scale1,self,self,without_guess,conditionAC,11.441176470588239,1.07768262963782,10.61646180047767,6.872618793772555e-19,on_on_m1,24
mock,scale1,self,self,with_guess,intercept,19.678571428571423,0.8814039064720811,22.326394612133196,8.297812664773893e-44,on_on_m1,24
mock,scale1,self,self,with_guess,conditionAC,8.921428571428573,1.7181725222189221,5.192393927885108,8.960841981626356e-07,on_on_m1,24
mock,scale1,self,self,with_guess,guessAC,8.821428571428571,1.2973914214347693,6.79935786971141,4.823219037304442e-10,on_on_m1,24
mock,scale1,self,self,with_guess,conditionAC:guessAC,-1.0938423645320228,2.057549643126215,-0.531623802218474,0.5960031849745819,on_on_m1,24
