study,scale,guesser,respondent,model_type,component,est,se,t,p,model_name,trial_id
mock,scale1,self,self,without_guess,intercept,24.403846153846153,0.9108571763560688,26.792176410658588,5.41873921667047e-52,off_on_p1,45
mock,scale1,self,self,without_guess,conditionAC,3.4932126696832584,1.2100030109729316,2.886945435676609,0.004627824263550216,off_on_p1,45
mock,scale1,self,self,with_guess,intercept,20.24,1.0609572684374717,19.077111399414346,1.4375062978311968e-37,off_on_p1,45
mock,scale1,self,self,with_guess,conditionAC,-1.5399999999999985,1.9848693002502844,-0.7758697259339999,0.43940489234371305,off_on_p1,45
mock,scale1,self,self,with_guess,guessAC,8.01925925925926,1.4723724483951657,5.446488263210827,2.917783740354672e-07,off_on_p1,45
mock,scale1,self,self,with_guess,conditionAC:guessAC,2.7634993614303958,2.338192020670419,1.1818958139451825,0.2396642311497281,off_on_p1,45
