study,scale,guesser,respondent,model_type,component,est,se,t,p,model_name,trial_id
mock,scale1,self,self,without_guess,intercept,24.44230769230769,0.8195536848275873,29.823925076305056,8.751503231778622e-57,on_on_m2=,30
mock,scale1,self,self,without_guess,conditionAC,8.704751131221721,1.0887134141738208,7.995447670521625,9.836033457369743e-13,on_on_m2=,30
mock,scale1,self,self,with_guess,intercept,21.62962962962963,1.0231157684479346,21.140940543260076,1.3480960872290482e-41,on_on_m2=,30
mock,scale1,self,self,with_guess,conditionAC,4.370370370370374,2.2548373324918103,1.9382198029960316,0.05502632023589697,on_on_m2=,30
mock,scale1,self,self,with_guess,guessAC,5.8503703703703716,1.4755585455499083,3.9648514035680416,0.00012742156341943555,on_on_m2=,30
mock,scale1,self,self,with_guess,conditionAC:guessAC,2.1168427443837254,2.5842060951854178,0.8191462547540509,0.4143827378440721,on_on_m2=,30
