study,scale,guesser,respondent,model_type,component,est,se,t,p,model_name,trial_id
mock,scale1,self,self,without_guess,intercept,24.615384615384606,0.9803373616257929,25.109095683716895,3.685714911198132e-49,off_on_p3,26
mock,scale1,self,self,without_guess,conditionAC,3.9434389140271517,1.3023020404603585,3.028052472860414,0.003023553271624879,off_on_p3,26
mock,scale1,self,self,with_guess,intercept,18.999999999999996,0.9731001116169222,19.525226411113266,1.8338300964229483e-38,off_on_p3,26
mock,scale1,self,self,with_guess,conditionAC,0.6428571428571458,1.6448393992196728,0.3908327725868697,0.6966377251331408,off_on_p3,26
mock,scale1,self,self,with_guess,guessAC,11.230769230769234,1.3761713753954243,8.160879837761648,4.4990324251503256e-13,off_on_p3,26
mock,scale1,self,self,with_guess,conditionAC:guessAC,-0.0032560032560063,2.026905711580702,-0.0016063910804548843,0.9987210452204953,off_on_p3,26
