study,scale,guesser,respondent,model_type,component,est,se,t,p,model_name,trial_id
mock,scale1,self,self,without_guess,intercept,20.384615384615376,0.5644332783387986,36.11519052280188,1.2531125276854897e-65,on_off_p1,23
mock,scale1,self,self,without_guess,conditionAC,11.762443438914026,0.749805769786554,15.687320520702878,1.1967314466739743e-30,on_off_p1,23
mock,scale1,self,self,with_guess,intercept,20.742857142857137,0.6824809976291281,30.39331089790893,4.473069793452609e-57,on_off_p1,23
mock,scale1,self,self,with_guess,conditionAC,13.25714285714286,1.3506688056251965,9.81524323500342,6.410619078692959e-17,on_off_p1,23
mock,scale1,self,self,with_guess,guessAC,-1.0957983193277283,1.1936246387638987,-0.9180426440112044,0.3605014277030829,on_off_p1,23
mock,scale1,self,self,with_guess,conditionAC:guessAC,-1.1542016806722721,1.7533905394139728,-0.6582684545897204,0.5116699853742466,on_off_p1,23
