study,scale,guesser,respondent,model_type,component,est,se,t,p,model_name,trial_id
mock,scale1,self,self,without_guess,intercept,19.826923076923066,0.6148586241422026,32.246312076347415,2.366597735963532e-60,on_off_m1,1
mock,scale1,self,self,without_guess,conditionAC,8.776018099547512,0.8167919250645559,10.74449664625895,3.4087470814096075e-19,on_off_m1,1
mock,scale1,self,self,with_guess,intercept,20.71999999999999,0.8869281038574383,23.36153281183032,1.1161766870910392e-45,on_off_m1,1
mock,scale1,self,self,with_guess,conditionAC,7.94666666666667,1.5573945676526975,5.102539094279668,1.3229969002668392e-06,on_off_m1,1
mock,scale1,self,self,with_guess,guessAC,-1.7199999999999958,1.2308587185139972,-1.3973983968497488,0.16496083481075915,on_off_m1,1
mock,scale1,self,self,with_guess,conditionAC:guessAC,1.642619047619043,1.8721722107564278,0.8773867265957138,0.3820901553950602,on_off_m1,1
