study,scale,guesser,respondent,model_type,component,est,se,t,p,model_name,trial_id
mock,scale1,self,self,without_guess,intercept,20.653846153846153,0.6061815435670889,34.07204718294149,6.657701151760509e-63,on_off_m2,27
mock,scale1,self,self,without_guess,conditionAC,7.8167420814479645,0.8052650974840286,9.707041949130298,9.926860963463398e-17,on_off_m2,27
mock,scale1,self,self,with_guess,intercept,21.533333333333328,0.7809495726060539,27.57326988665337,9.208208929587473e-53,on_off_m2,27
mock,scale1,self,self,with_guess,conditionAC,4.366666666666669,1.5618991452121078,2.7957417609532467,0.006062107675138683,on_off_m2,27
mock,scale1,self,self,with_guess,guessAC,-2.078787878787878,1.2006414236032734,-1.7313977661616726,0.08603948699446097,on_off_m2,27
mock,scale1,self,self,with_guess,conditionAC:guessAC,5.092580982236153,1.8938434099357568,2.6890190369059623,0.008222369947871832,on_off_m2,27
