study,scale,guesser,respondent,model_type,component,est,se,t,p,model_name,trial_id
mock,scale1,self,self,without_guess,intercept,24.499999999999996,0.7865636746605927,31.148145775447745,9.217705058465535e-59,on_on_m2=,13
mock,scale1,self,self,without_guess,conditionAC,9.764705882352942,1.0448887480568065,9.345211057648477,7.111041937366719e-16,on_on_m2=,13
mock,scale1,self,self,with_guess,intercept,20.6,1.1459823255563388,17.97584442674484,2.524515567896512e-35,on_on_m2=,13
mock,scale1,self,self,with_guess,conditionAC,9.000000000000002,1.9848996124395168,4.534234347972219,1.4161426724143077e-05,on_on_m2=,13
mock,scale1,self,self,with_guess,guessAC,6.3374999999999995,1.460846560061053,4.338237959594563,3.081563328123485e-05,on_on_m2=,13
mock,scale1,self,self,with_guess,conditionAC:guessAC,-0.8685344827586214,2.2833040249661742,-0.38038494797971034,0.7043553248945945,on_on_m2=,13
