study,scale,guesser,respondent,model_type,component,est,se,t,p,model_name,trial_id
mock,scale1,self,self,without_guess,intercept,19.461538461538463,0.5504295945795126,35.356998702814366,1.2418950481631608e-64,on_off_p1,8
mock,scale1,self,self,without_guess,conditionAC,11.83257918552036,0.7312029636021243,16.18234577063192,9.703429566010877e-32,on_off_p1,8
mock,scale1,self,self,with_guess,intercept,19.63636363636364,0.852665377523263,23.029390138252573,4.3878349749954706e-45,on_off_p1,8
mock,scale1,self,self,with_guess,conditionAC,12.220779220779221,1.7355159436556107,7.041582801618023,1.4384732800045343e-10,on_off_p1,8
mock,scale1,self,self,with_guess,guessAC,-0.3030303030303019,1.1225861331971845,-0.26993946751084086,0.7876864595211286,on_off_p1,8
mock,scale1,self,self,with_guess,conditionAC:guessAC,-0.3246043573912443,1.9512527991172903,-0.16635689518963875,0.8681657126147186,on_off_p1,8
