study,scale,guesser,respondent,model_type,component,est,se,t,p,model_name,trial_id
mock,scale1,self,self,without_guess,intercept,22.90384615384615,0.698428061756932,32.793421982831475,3.9606819317601895e-61,off_on_m2,20
mock,scale1,self,self,without_guess,conditionAC,2.5226244343891415,0.927807431956284,2.718909492964701,0.007538391661109243,off_on_m2,20
mock,scale1,self,self,with_guess,intercept,19.95833333333333,0.8730986136620562,22.85919714111292,8.892724178574938e-45,off_on_m2,20
mock,scale1,self,self,with_guess,conditionAC,-0.9583333333333306,1.6099142968516231,-0.5952697825017544,0.5528226776700145,off_on_m2,20
mock,scale1,self,self,with_guess,guessAC,5.470238095238098,1.1898328489643202,4.597484512214988,1.0968858211638396e-05,off_on_m2,20
mock,scale1,self,self,with_guess,conditionAC:guessAC,2.0642446633825924,1.8869711278490005,1.0939460773497207,0.27624505415543776,off_on_m2,20
