study,scale,guesser,respondent,model_type,component,est,se,t,p,model_name,trial_id
mock,scale1,self,self,without_guess,intercept,24.0,0.7967418217248713,30.122681332382243,3.090949467424923e-57,off_on_m1,3
mock,scale1,self,self,without_guess,conditionAC,1.794117647058824,1.0584096258778184,1.6951070768756735,0.0926924353912063,off_on_m1,3
mock,scale1,self,self,with_guess,intercept,19.838709677419356,0.755677849817378,26.25286645918457,1.2522031719035506e-50,off_on_m1,3
mock,scale1,self,self,with_guess,conditionAC,-0.29325513196480646,1.476607245546168,-0.19860063185341958,0.8429228168918514,off_on_m1,3
mock,scale1,self,self,with_guess,guessAC,10.304147465437786,1.1891283053973376,8.665294921219404,3.113197227859065e-14,off_on_m1,3
mock,scale1,self,self,with_guess,conditionAC:guessAC,-2.849602010892336,1.825901582033771,-1.5606547685436154,0.12132936337364074,off_on_m1,3
