study,scale,guesser,respondent,model_type,component,est,se,t,p,model_name,trial_id
mock,scale1,self,self,without_guess,intercept,22.057692307692303,0.7070444659253394,31.197036920194904,7.814087669256213e-59,on_on_m3,38
mock,scale1,self,self,without_guess,conditionAC,9.5158371040724,0.939253655643341,10.131275025546252,9.78459481971232e-18,on_on_m3,38
mock,scale1,self,self,with_guess,intercept,19.18181818181818,1.0063689752682368,19.060422820273722,1.5528374681607545e-37,on_on_m3,38
mock,scale1,self,self,with_guess,conditionAC,8.373737373737377,1.867741772118752,4.483348554248093,1.7364863874365954e-05,on_on_m3,38
mock,scale1,self,self,with_guess,guessAC,4.984848484848485,1.3249463227855298,3.762302214906699,0.000265576678215873,on_on_m3,38
mock,scale1,self,self,with_guess,conditionAC:guessAC,-0.3539633624379404,2.146813871042313,-0.16487845882330054,0.8693266261560112,on_on_m3,38
