study,scale,guesser,respondent,model_type,component,est,se,t,p,model_name,trial_id
mock,scale1,self,self,without_guess,intercept,23.17307692307692,0.6688085711264401,34.64829537702798,1.099786517022481e-63,off_on_m2,14
mock,scale1,self,self,without_guess,conditionAC,1.4886877828054308,0.8884602392495655,1.6755817728690314,0.09646806671465313,off_on_m2,14
mock,scale1,self,self,with_guess,intercept,19.54545454545454,0.8891142924481318,21.98306192068638,3.5620491522844665e-43,off_on_m2,14
mock,scale1,self,self,with_guess,conditionAC,0.45454545454545586,1.650126290658513,0.2754610099352221,0.7834521582293805,off_on_m2,14
mock,scale1,self,self,with_guess,guessAC,6.2878787878787925,1.1705733595386523,5.3716230056328795,4.0733058162819e-07,off_on_m2,14
mock,scale1,self,self,with_guess,conditionAC:guessAC,-0.9149974319465868,1.8966829690480682,-0.4824198070412461,0.6304168367870113,off_on_m2,14
