study,scale,guesser,respondent,model_type,component,est,se,t,p,model_name,trial_id
mock,scale1,self,self,without_guess,intercept,19.826923076923087,0.6039748634640856,32.82739775494326,3.547330051307893e-61,on_off_m2,1
mock,scale1,self,self,without_guess,conditionAC,8.496606334841626,0.8023336943637613,10.5898660302174,7.950201811619065e-19,on_off_m2,1
mock,scale1,self,self,with_guess,intercept,20.318181818181817,0.9336737965348002,21.761542300522848,9.187369055462228e-43,on_off_m2,1
mock,scale1,self,self,with_guess,conditionAC,7.306818181818182,1.8080515323847675,4.041266551833675,9.594789766887307e-05,on_off_m2,1
mock,scale1,self,self,with_guess,guessAC,-0.8515151515151494,1.2292386726948352,-0.6927175091623093,0.4898713410820583,on_off_m2,1
mock,scale1,self,self,with_guess,conditionAC:guessAC,1.6431818181818167,2.05620324334152,0.7991339491866061,0.4258460043685889,on_off_m2,1
