study,scale,guesser,respondent,model_type,component,est,se,t,p,model_name,trial_id
mock,scale1,self,self,without_guess,intercept,22.86538461538461,0.714066394474999,32.02137055083773,4.970215127008713e-60,on_on_m3,19
mock,scale1,self,self,without_guess,conditionAC,8.208144796380092,0.9485817423165072,8.653070610799647,2.9832597574885386e-14,on_on_m3,19
mock,scale1,self,self,with_guess,intercept,19.095238095238084,0.9772037825092007,19.540691959057472,1.7088057681878396e-38,on_on_m3,19
mock,scale1,self,self,with_guess,conditionAC,6.904761904761908,1.720544803515996,4.01312531394229,0.00010655883923034637,on_on_m3,19
mock,scale1,self,self,with_guess,guessAC,6.324116743471586,1.26562767919417,4.996822404751905,2.0819775160699445e-06,on_on_m3,19
mock,scale1,self,self,with_guess,conditionAC:guessAC,-0.37584088140261945,1.9881926782713377,-0.1890364477800007,0.8503945982235522,on_on_m3,19
