study,scale,guesser,respondent,model_type,component,est,se,t,p,model_name,trial_id
mock,scale1,self,self,without_guess,intercept,23.576923076923077,0.6183974762201543,38.125839744742926,3.458799229192315e-68,on_on_m2=,34
mock,scale1,self,self,without_guess,conditionAC,8.555429864253394,0.8214930151814938,10.41448887105051,2.077045211257293e-18,on_on_m2=,34
mock,scale1,self,self,with_guess,intercept,21.416666666666664,0.862751722308291,24.823673036973375,3.1265855327881756e-48,on_on_m2=,34
mock,scale1,self,self,with_guess,conditionAC,8.583333333333334,1.4943298173555153,5.743934995905444,7.568666229858008e-08,on_on_m2=,34
mock,scale1,self,self,with_guess,guessAC,4.011904761904763,1.1757324128569508,3.412260067030136,0.0008877355060370332,on_on_m2=,34
mock,scale1,self,self,with_guess,conditionAC:guessAC,-1.4226190476190488,1.7860657494847507,-0.7965098978184033,0.42736287106037263,on_on_m2=,34
