study,scale,guesser,respondent,model_type,component,est,se,t,p,model_name,trial_id
mock,scale1,self,self,without_guess,intercept,25.90384615384615,0.8789187385896333,29.472401732397973,3.0086945339884264e-56,on_on_p2,14
mock,scale1,self,self,without_guess,conditionAC,15.743212669683256,1.1675752771126546,13.483681076748473,1.1981794497958434e-25,on_on_p2,14
mock,scale1,self,self,with_guess,intercept,19.380952380952376,1.0218437142178722,18.966650292297114,2.3973816413175603e-37,on_on_p2,14
mock,scale1,self,self,with_guess,conditionAC,13.494047619047622,1.9455324692841394,6.9359148881297115,2.4432649220024434e-10,on_on_p2,14
mock,scale1,self,self,with_guess,guessAC,10.94162826420891,1.32344318725817,8.267546631054952,2.56522924447243e-13,on_on_p2,14
mock,scale1,self,self,with_guess,conditionAC:guessAC,-0.9999615975422446,2.2040624955641865,-0.4536902195626166,0.6508994485116445,on_on_p2,14
