study,scale,guesser,respondent,model_type,component,est,se,t,p,model_name,trial_id
mock,scale1,self,self,without_guess,intercept,20.615384615384617,0.5274865042153141,39.08229774722283,2.2991875067645745e-69,on_off_p2,22
mock,scale1,self,self,without_guess,conditionAC,11.399321266968325,0.7007248500818857,16.26789925551551,6.304465638058934e-32,on_off_p2,22
mock,scale1,self,self,with_guess,intercept,20.307692307692303,0.7495214353667005,27.094211518789777,5.363707652202269e-52,on_off_p2,22
mock,scale1,self,self,with_guess,conditionAC,10.999999999999998,1.2982092074170775,8.473210586670884,8.642919978412273e-14,on_off_p2,22
mock,scale1,self,self,with_guess,guessAC,0.6153846153846165,1.0599833791849371,0.580560627146635,0.5626627685554701,on_off_p2,22
mock,scale1,self,self,with_guess,conditionAC:guessAC,0.2587412587412581,1.5851496401415182,0.16322828595422595,0.8706227293959758,on_off_p2,22
