study,scale,guesser,respondent,model_type,component,est,se,t,p,model_name,trial_id
mock,scale1,self,self,without_guess,intercept,22.730769230769237,0.7181691051628106,31.6509984450196,1.7018135832504546e-59,on_on_m1,1
mock,scale1,self,self,without_guess,conditionAC,12.960407239819004,0.9540318748007929,13.584878642052928,6.986077342856647e-26,on_on_m1,1
mock,scale1,self,self,with_guess,intercept,19.925925925925934,0.8599260959868116,23.171672564559003,2.4372268770667424e-45,on_on_m1,1
mock,scale1,self,self,with_guess,conditionAC,9.874074074074073,1.6541008720959982,5.969450981282728,2.6563300178348922e-08,on_on_m1,1
mock,scale1,self,self,with_guess,guessAC,5.834074074074073,1.240203052876007,4.704128134941264,7.095336367724394e-06,on_on_m1,1
mock,scale1,self,self,with_guess,conditionAC:guessAC,1.0728224776500643,1.9694968385251237,0.5447190656337675,0.5869924338527748,on_on_m1,1
