study,scale,guesser,respondent,model_type,component,est,se,t,p,model_name,trial_id
mock,scale1,self,self,without_guess,intercept,23.46153846153846,0.8720399424371178,26.904201653848276,3.5473074921488566e-52,on_on_m1,16
mock,scale1,self,self,without_guess,conditionAC,10.876696832579187,1.158437330711759,9.389111127743442,5.602510103521243e-16,on_on_m1,16
mock,scale1,self,self,with_guess,intercept,19.159999999999993,0.9848589593496728,19.454562318904856,2.53305326383306e-38,on_on_m1,16
mock,scale1,self,self,with_guess,conditionAC,8.10666666666667,1.6082679460100928,5.040619435821172,1.7265659431043374e-06,on_on_m1,16
mock,scale1,self,self,with_guess,guessAC,8.284444444444444,1.3667649399652078,6.061352762425507,1.724022745751085e-08,on_on_m1,16
mock,scale1,self,self,with_guess,conditionAC:guessAC,0.7885115303983203,1.985484139292304,0.3971381663513935,0.6919953389331851,on_on_m1,16
