study,scale,guesser,respondent,model_type,component,est,se,t,p,model_name,trial_id
mock,scale1,self,self,without_guess,intercept,23.961538461538463,0.8034438461025987,29.823538480968846,8.763342641558734e-57,on_on_p1,26
mock,scale1,self,self,without_guess,conditionAC,14.538461538461535,1.0673127447060704,13.621557140185104,5.74666071209652e-26,on_on_p1,26
mock,scale1,self,self,with_guess,intercept,20.000000000000004,0.842494435619457,23.73902919049512,2.391672875768061e-46,on_on_p1,26
mock,scale1,self,self,with_guess,conditionAC,10.833333333333329,1.5188284434595236,7.132690581338875,9.089051099618966e-11,on_on_p1,26
mock,scale1,self,self,with_guess,guessAC,8.239999999999998,1.215062754767619,6.781542737334501,5.268684746884358e-10,on_on_p1,26
mock,scale1,self,self,with_guess,conditionAC:guessAC,1.0695238095238104,1.8481460866178354,0.5787009031743113,0.5639129545161823,on_on_p1,26
