study,scale,guesser,respondent,model_type,component,est,se,t,p,model_name,trial_id
mock,scale1,self,self,without_guess,intercept,24.51923076923076,0.7629903275552669,32.13570327659851,3.406887290658954e-60,on_on_0,41
mock,scale1,self,self,without_guess,conditionAC,11.68665158371041,1.0135733874090864,11.530148412424312,4.6328696135891564e-21,on_on_0,41
mock,scale1,self,self,with_guess,intercept,21.379310344827584,0.8563473109834634,24.96570033048242,1.7889085699013432e-48,on_on_0,41
mock,scale1,self,self,with_guess,conditionAC,8.176245210727972,1.7596264517437643,4.646580075348055,8.982426042152817e-06,on_on_0,41
mock,scale1,self,self,with_guess,guessAC,7.098950524737633,1.2876199359162737,5.513234399936501,2.1625694386617622e-07,on_on_0,41
mock,scale1,self,self,with_guess,conditionAC:guessAC,0.5658329027576585,2.09317231097624,0.27032313574497757,0.7873920289329817,on_on_0,41
