study,scale,guesser,respondent,model_type,component,est,se,t,p,model_name,trial_id
mock,scale1,self,self,without_guess,intercept,24.249999999999996,0.81635224962948,29.70531411043016,1.3258540250824838e-56,on_on_0,42
mock,scale1,self,self,without_guess,conditionAC,12.838235294117647,1.084460556174017,11.838360760128532,8.622359589475736e-22,on_on_0,42
mock,scale1,self,self,with_guess,intercept,20.269230769230777,0.9595540973998827,21.123593577636317,1.4541860018359205e-41,on_on_0,42
mock,scale1,self,self,with_guess,conditionAC,9.480769230769232,1.9781714485369664,4.792693392567719,4.918867683273992e-06,on_on_0,42
mock,scale1,self,self,with_guess,guessAC,7.961538461538459,1.3570144183735882,5.866952004150803,4.285812563571549e-08,on_on_0,42
mock,scale1,self,self,with_guess,conditionAC:guessAC,0.3551282051282052,2.2875522815533063,0.15524375464199844,0.876898969083376,on_on_0,42
