study,scale,guesser,respondent,model_type,component,est,se,t,p,model_name,trial_id
mock,scale1,self,self,without_guess,intercept,23.826923076923073,0.8048957040494634,29.602497512471295,1.902532182888862e-56,on_on_p1,30
mock,scale1,self,self,without_guess,conditionAC,15.805429864253393,1.06924142522022,14.781909390573901,1.2748561389586167e-28,on_on_p1,30
mock,scale1,self,self,with_guess,intercept,19.559999999999995,0.9751528026446661,20.05839489662773,1.635607360712612e-39,on_on_p1,30
mock,scale1,self,self,with_guess,conditionAC,13.940000000000003,1.9805447047684146,7.038467733870218,1.4611759112670416e-10,on_on_p1,30
mock,scale1,self,self,with_guess,guessAC,8.21777777777778,1.353294955699673,6.07242179036208,1.6362109904557628e-08,on_on_p1,30
mock,scale1,self,self,with_guess,conditionAC:guessAC,-1.2677777777777788,2.2801884764378655,-0.5559969234465717,0.5792838253957338,on_on_p1,30
