study,scale,guesser,respondent,model_type,component,est,se,t,p,model_name,trial_id
mock,scale1,self,self,without_guess,intercept,24.230769230769234,0.9662061718320473,25.078259627367807,4.165237530577377e-49,on_on_p3,10
mock,scale1,self,self,without_guess,conditionAC,16.8868778280543,1.2835298524127583,13.156591407913593,6.89333406686543e-25,on_on_p3,10
mock,scale1,self,self,with_guess,intercept,18.107142857142854,0.865018830140727,20.93265744769633,3.3557907295276153e-41,on_on_p3,10
mock,scale1,self,self,with_guess,conditionAC,15.392857142857142,1.498256563307532,10.273845961919946,5.33098966332396e-18,on_on_p3,10
mock,scale1,self,self,with_guess,guessAC,13.267857142857146,1.2732732421122617,10.420274850704315,2.4073404126306874e-18,on_on_p3,10
mock,scale1,self,self,with_guess,conditionAC:guessAC,-3.675264550264552,1.8723582221656065,-1.9629067273321599,0.0520507279117257,on_on_p3,10
