study,scale,guesser,respondent,model_type,component,est,se,t,p,model_name,trial_id
mock,scale1,self,self,without_guess,intercept,22.153846153846153,0.6881575592817024,32.19298524740511,2.820706722535579e-60,off_on_m3,49
mock,scale1,self,self,without_guess,conditionAC,2.3461538461538467,0.9141638671452246,2.5664478005245153,0.011525664923230101,off_on_m3,49
mock,scale1,self,self,with_guess,intercept,18.375000000000004,0.8886622814322379,20.677146294974296,1.0347653077594832e-40,off_on_m3,49
mock,scale1,self,self,with_guess,conditionAC,3.51388888888889,1.7016587157676333,2.0649786331002007,0.04115369740830742,off_on_m3,49
mock,scale1,self,self,with_guess,guessAC,7.017857142857144,1.2110425529697573,5.7948889786306275,5.984581145926187e-08,off_on_m3,49
mock,scale1,self,self,with_guess,conditionAC:guessAC,-4.00844094700027,1.9732683796420898,-2.0313713980088806,0.044502835496638624,off_on_m3,49
