study,scale,guesser,respondent,model_type,component,est,se,t,p,model_name,trial_id
mock,scale1,self,self,without_guess,intercept,23.21153846153846,0.7160151940745959,32.417661878722974,1.3484983172150593e-60,on_on_0,16
mock,scale1,self,self,without_guess,conditionAC,14.58257918552036,0.9511705712180136,15.331192560811422,7.424214405458203e-30,on_on_0,16
mock,scale1,self,self,with_guess,intercept,19.279999999999998,0.8207570695646166,23.490507380250012,6.582026912411062e-46,on_on_0,16
mock,scale1,self,self,with_guess,conditionAC,11.942222222222222,1.5952649966618258,7.486042912752388,1.5029920489600764e-11,on_on_0,16
mock,scale1,self,self,with_guess,guessAC,7.571851851851855,1.1390280570227478,6.64764296644594,1.0204029771435046e-09,on_on_0,16
mock,scale1,self,self,with_guess,conditionAC:guessAC,0.002536095417448802,1.85850874447968,0.0013645862173001632,0.9989135620231828,on_on_0,16
