study,scale,guesser,respondent,model_type,component,est,se,t,p,model_name,trial_id
mock,scale1,self,self,without_guess,intercept,22.51923076923076,0.6303213003570673,35.726590163578415,4.039489126566181e-65,on_on_m3,42
mock,scale1,self,self,without_guess,conditionAC,8.157239819004529,0.8373328894038123,9.741931700321182,8.206931184859909e-17,on_on_m3,42
mock,scale1,self,self,with_guess,intercept,19.739130434782613,0.8490775100548641,23.24773675080282,1.7815580568151816e-45,on_on_m3,42
mock,scale1,self,self,with_guess,conditionAC,6.594202898550723,1.6010359069674225,4.118710186232507,7.171260675989512e-05,on_on_m3,42
mock,scale1,self,self,with_guess,guessAC,4.985007496251874,1.1369726309175292,4.384456899572865,2.5703514068282592e-05,on_on_m3,42
mock,scale1,self,self,with_guess,conditionAC:guessAC,0.02064222126225029,1.8482780228785844,0.011168352924578545,0.9911083140176575,on_on_m3,42
