study,scale,guesser,respondent,model_type,component,est,se,t,p,model_name,trial_id
mock,scale1,self,self,without_guess,intercept,22.82692307692307,0.7921837033489691,28.815188927040396,3.1206981817091187e-55,on_on_m1,37
mock,scale1,self,self,without_guess,conditionAC,11.908371040723987,1.0523545196521893,11.315930913338775,1.4936722527098173e-20,on_on_m1,37
mock,scale1,self,self,with_guess,intercept,19.172413793103438,0.8407385057076834,22.80425324038804,1.1178606379975613e-44,on_on_m1,37
mock,scale1,self,self,with_guess,conditionAC,9.160919540229889,1.554040181649194,5.894905195120532,3.7631364350982804e-08,on_on_m1,37
mock,scale1,self,self,with_guess,guessAC,8.262368815592207,1.2641502424973174,6.535907313730346,1.764125652966726e-09,on_on_m1,37
mock,scale1,self,self,with_guess,conditionAC:guessAC,-0.48855929178268315,1.916329373883008,-0.2549453650510654,0.7992167450479406,on_on_m1,37
