study,scale,guesser,respondent,model_type,component,est,se,t,p,model_name,trial_id
mock,scale1,self,self,without_guess,intercept,24.46153846153846,0.9932459056712591,24.627877469081305,2.515410825573207e-48,off_on_p3,28
mock,scale1,self,self,without_guess,conditionAC,4.950226244343892,1.3194500385963308,3.751734510243439,0.00027379983385056154,off_on_p3,28
mock,scale1,self,self,with_guess,intercept,19.20689655172414,0.866599156907711,22.163530161118757,1.6532961684419188e-43,off_on_p3,28
mock,scale1,self,self,with_guess,conditionAC,-0.12997347480106103,1.5576548483990167,-0.08344176820343088,0.9336441021224889,off_on_p3,28
mock,scale1,self,self,with_guess,guessAC,11.880059970014994,1.3030348044196192,9.117223829878018,2.7726953105535133e-15,off_on_p3,28
mock,scale1,self,self,with_guess,conditionAC:guessAC,0.8975624076073849,1.941435792430948,0.4623188730251603,0.6447186541993752,off_on_p3,28
