study,scale,guesser,respondent,model_type,component,est,se,t,p,model_name,trial_id
mock,scale1,self,self,without_guess,intercept,19.57692307692308,0.6065506453656806,32.27582597842335,2.1477118610812507e-60,on_off_m2,39
mock,scale1,self,self,without_guess,conditionAC,7.981900452488687,0.8057554205546973,9.906108291513318,3.349797182144116e-17,on_off_m2,39
mock,scale1,self,self,with_guess,intercept,19.166666666666668,0.8986630357616497,21.32797934703325,5.97048010617837e-42,on_off_m2,39
mock,scale1,self,self,with_guess,conditionAC,8.742424242424242,1.6030038227865735,5.453776290581075,2.8241670487576115e-07,on_off_m2,39
mock,scale1,self,self,with_guess,guessAC,0.7619047619047624,1.2246712838248517,0.622130013145411,0.5350773108599585,on_off_m2,39
mock,scale1,self,self,with_guess,conditionAC:guessAC,-1.179767600820232,1.8978634996987953,-0.621629322133794,0.5354054156164609,on_off_m2,39
