study,scale,guesser,respondent,model_type,component,est,se,t,p,model_name,trial_id
mock,scale1,self,self,without_guess,intercept,22.65384615384615,0.6670974800476522,33.95882435686601,9.511476761550087e-63,off_on_m3,29
mock,scale1,self,self,without_guess,conditionAC,1.302036199095024,0.8861871876547315,1.469256402296703,0.14442431123816463,off_on_m3,29
mock,scale1,self,self,with_guess,intercept,20.260869565217387,0.9449326828863576,21.44160100731119,3.647887957392259e-42,off_on_m3,29
mock,scale1,self,self,with_guess,conditionAC,0.4057971014492772,1.7817821542233099,0.2277478761853279,0.8202431944774232,off_on_m3,29
mock,scale1,self,self,with_guess,guessAC,4.290854572713646,1.2653292376473855,3.3910973089435528,0.0009524301973437685,off_on_m3,29
mock,scale1,self,self,with_guess,conditionAC:guessAC,-0.4998941207362441,2.0569362516334952,-0.24302849460660642,0.8084125452916067,off_on_m3,29
