study,scale,guesser,respondent,model_type,component,est,se,t,p,model_name,trial_id
mock,scale1,self,self,without_guess,intercept,24.82692307692307,0.8290797076158286,29.94515828679182,5.73125286892466e-57,on_on_p3,27
mock,scale1,self,self,without_guess,conditionAC,17.570135746606336,1.1013679955457116,15.953010998744878,3.096159358848274e-31,on_on_p3,27
mock,scale1,self,self,with_guess,intercept,21.285714285714278,0.9313994371092013,22.853475574109297,9.106967124082585e-45,on_on_p3,27
mock,scale1,self,self,with_guess,conditionAC,12.714285714285714,1.9757965739197492,6.435017593467155,2.882361483312259e-09,on_on_p3,27
mock,scale1,self,self,with_guess,guessAC,7.672619047619049,1.3709828499301382,5.596436926990025,1.4847299154129204e-07,on_on_p3,27
mock,scale1,self,self,with_guess,conditionAC:guessAC,1.8440476190476176,2.3066635624230805,0.7994436852813078,0.4256671676745606,on_on_p3,27
