study,scale,guesser,respondent,model_type,component,est,se,t,p,model_name,trial_id
mock,scale1,self,self,without_guess,intercept,20.5,0.597240936903138,34.32450579543033,3.015734426071409e-63,on_off_m2,40
mock,scale1,self,self,without_guess,conditionAC,7.779411764705882,0.7933881959629977,9.805303134442777,5.808027025889964e-17,on_off_m2,40
mock,scale1,self,self,with_guess,intercept,20.458333333333332,0.886626513890504,23.07435319474315,3.6428823305887137e-45,on_off_m2,40
mock,scale1,self,self,with_guess,conditionAC,7.905303030303031,1.5815334943044987,4.998504969241576,2.067095559935527e-06,on_off_m2,40
mock,scale1,self,self,with_guess,guessAC,0.07738095238095326,1.2082682694511397,0.06404285731686378,0.9490463329957353,on_off_m2,40
mock,scale1,self,self,with_guess,conditionAC:guessAC,-0.1778594212804757,1.8724438767550153,-0.09498785169930424,0.9244883674538907,on_off_m2,40
