study,scale,guesser,respondent,model_type,component,est,se,t,p,model_name,trial_id
mock,scale1,self,self,without_guess,intercept,24.903846153846153,0.7890556853351685,31.561582555821403,2.2945786994479387e-59,on_on_p1,40
mock,scale1,self,self,without_guess,conditionAC,12.728506787330314,1.0481991906793002,12.143213714066528,1.6413933873786967e-22,on_on_p1,40
mock,scale1,self,self,with_guess,intercept,21.304347826086957,0.9598273785813836,22.196020140178327,1.4405103335056378e-43,on_on_p1,40
mock,scale1,self,self,with_guess,conditionAC,10.28388746803069,1.4723079894181437,6.9848751361424615,1.912188535729878e-10,on_on_p1,40
mock,scale1,self,self,with_guess,guessAC,6.454272863568214,1.2852742499113374,5.021708685141285,1.8721219267899636e-06,on_on_p1,40
mock,scale1,self,self,with_guess,conditionAC:guessAC,1.6045506658435484,1.8203917681436776,0.8814315104708309,0.3799070198466957,on_on_p1,40
