study,scale,guesser,respondent,model_type,component,est,se,t,p,model_name,trial_id
mock,scale1,self,self,without_guess,intercept,22.442307692307697,0.6827922848170782,32.86842600794771,3.105632785130137e-61,on_on_m2=,31
mock,scale1,self,self,without_guess,conditionAC,10.690045248868778,0.9070365167489053,11.785683433325431,1.1489703298708608e-21,on_on_m2=,31
mock,scale1,self,self,with_guess,intercept,20.000000000000007,0.7968458634404744,25.098956922042223,1.0615565656015121e-48,on_on_m2=,31
mock,scale1,self,self,with_guess,conditionAC,8.090909090909086,1.5195254403711889,5.324628911071501,5.015829801497947e-07,on_on_m2=,31
mock,scale1,self,self,with_guess,guessAC,5.521739130434783,1.198152439388211,4.608544746822233,1.04873011225571e-05,on_on_m2=,31
mock,scale1,self,self,with_guess,conditionAC:guessAC,0.49261493655086247,1.8527317724589085,0.2658857282385101,0.7907992071703148,on_on_m2=,31
