study,scale,guesser,respondent,model_type,component,est,se,t,p,model_name,trial_id
mock,scale1,self,self,without_guess,intercept,23.730769230769234,0.6971390036751869,34.04022598888463,7.359070260858534e-63,on_on_m1,49
mock,scale1,self,self,without_guess,conditionAC,11.445701357466064,0.9260950184180051,12.359100448481083,5.0859214570938745e-23,on_on_m1,49
mock,scale1,self,self,with_guess,intercept,20.260869565217384,0.8890442220991033,22.789495799635116,1.1887732328582707e-44,on_on_m1,49
mock,scale1,self,self,with_guess,conditionAC,9.557312252964428,1.5630269985693899,6.114617509302182,1.3400274596851273e-08,on_on_m1,49
mock,scale1,self,self,with_guess,guessAC,6.221889055472266,1.1904907811499221,5.226322751917828,7.727248647382277e-07,on_on_m1,49
mock,scale1,self,self,with_guess,conditionAC:guessAC,0.1704554421353915,1.8408843670861437,0.09259432324106161,0.9263855800412373,on_on_m1,49
