study,scale,guesser,respondent,model_type,component,est,se,t,p,model_name,trial_id
mock,scale1,self,self,without_guess,intercept,24.769230769230766,0.8385629218825728,29.53771282138718,2.3898389918228384e-56,off_on_0,24
mock,scale1,self,self,without_guess,conditionAC,1.8778280542986445,1.113965709121804,1.6857144155532688,0.09449343600081309,off_on_0,24
mock,scale1,self,self,with_guess,intercept,19.333333333333325,1.1244338002223375,17.19383864973686,1.0876658192567312e-33,off_on_0,24
mock,scale1,self,self,with_guess,conditionAC,-0.7878787878787823,1.8257299850493425,-0.4315417911359379,0.6668754554243355,off_on_0,24
mock,scale1,self,self,with_guess,guessAC,8.313725490196086,1.3905804045992844,5.978601066647278,2.5447873105187235e-08,off_on_0,24
mock,scale1,self,self,with_guess,conditionAC:guessAC,1.3513462801388443,2.0980756237341325,0.6440884517469073,0.5207895944061174,off_on_0,24
