study,scale,guesser,respondent,model_type,component,est,se,t,p,model_name,trial_id
mock,scale1,self,self,without_guess,intercept,20.576923076923073,0.5379580052273178,38.25005460831121,2.4244211010473017e-68,on_off_m3,9
mock,scale1,self,self,without_guess,conditionAC,7.3054298642533935,0.7146354258371538,10.222596865661268,5.937234023444209e-18,on_off_m3,9
mock,scale1,self,self,with_guess,intercept,20.826086956521735,0.804548134925228,25.885445571826775,5.0706443118554415e-50,on_off_m3,9
mock,scale1,self,self,with_guess,conditionAC,4.798913043478262,1.5837545873556906,3.0300862783865696,0.003014936907444016,on_off_m3,9
mock,scale1,self,self,with_guess,guessAC,-0.4467766116941513,1.0773447639740457,-0.4147016132942514,0.6791262803907504,on_off_m3,9
mock,scale1,self,self,with_guess,conditionAC:guessAC,3.0051099450274856,1.8082542458299276,1.6618846337331517,0.0992360743862407,on_off_m3,9
