study,scale,guesser,respondent,model_type,component,est,se,t,p,model_name,trial_id
mock,scale1,self,self,without_guess,intercept,23.423076923076913,0.7800082864301984,30.029266779043386,4.276092310832987e-57,on_on_m2=,24
mock,scale1,self,self,without_guess,conditionAC,9.429864253393667,1.036180423960809,9.100600663104526,2.67736665939885e-15,on_on_m2=,24
mock,scale1,self,self,with_guess,intercept,19.652173913043477,0.9671026436204583,20.320670243929165,5.046531896974622e-40,on_on_m2=,24
mock,scale1,self,self,with_guess,conditionAC,6.514492753623189,1.6516421958013678,3.9442518301988483,0.00013746419163537932,on_on_m2=,24
mock,scale1,self,self,with_guess,guessAC,6.761619190404799,1.2950163254393587,5.2212617382339115,7.900137380131739e-07,on_on_m2=,24
mock,scale1,self,self,with_guess,conditionAC:guessAC,1.35742842864282,1.9631193672003322,0.6914650485969646,0.4906549079411767,on_on_m2=,24
