study,scale,guesser,respondent,model_type,component,est,se,t,p,model_name,trial_id
mock,scale1,self,self,without_guess,intercept,20.21153846153846,0.5712304145900912,35.38246204212015,1.1490657979234707e-64,on_off_m2,26
mock,scale1,self,self,without_guess,conditionAC,8.141402714932125,0.7588352373513373,10.728814786394391,3.7144409134749286e-19,on_off_m2,26
mock,scale1,self,self,with_guess,intercept,21.32142857142857,0.7671426401386886,27.793303951366795,4.1300142836227673e-53,on_off_m2,26
mock,scale1,self,self,with_guess,conditionAC,5.789682539682539,1.5554488356098892,3.7221941391678195,0.0003062011449932783,on_off_m2,26
mock,scale1,self,self,with_guess,guessAC,-2.404761904761902,1.1292033913447157,-2.1296091768713015,0.03531767148360388,on_off_m2,26
mock,scale1,self,self,with_guess,conditionAC:guessAC,3.836023675006724,1.8399199440688723,2.0848861861476364,0.03927364832340727,on_off_m2,26
