study,scale,guesser,respondent,model_type,component,est,se,t,p,model_name,trial_id
mock,scale1,self,self,without_guess,intercept,20.076923076923073,0.5733271115401014,35.01826910468508,3.50623620659071e-64,on_off_m1,40
mock,scale1,self,self,without_guess,conditionAC,8.658371040723981,0.7616205363954305,11.368352909313606,1.121464929513374e-20,on_off_m1,40
mock,scale1,self,self,with_guess,intercept,19.04166666666666,0.8377261036785241,22.730181837539906,1.522545688702917e-44,on_off_m1,40
mock,scale1,self,self,with_guess,conditionAC,10.776515151515152,1.4943066457681073,7.21171600356216,6.09315105687455e-11,on_off_m1,40
mock,scale1,self,self,with_guess,guessAC,1.9226190476190503,1.1416282433560294,1.6841025603633917,0.09485089156170778,on_off_m1,40
mock,scale1,self,self,with_guess,conditionAC:guessAC,-3.2144850763271857,1.7691723500887848,-1.8169428638006178,0.07180757991503298,on_off_m1,40
