study,scale,guesser,respondent,model_type,component,est,se,t,p,model_name,trial_id
mock,scale1,self,self,without_guess,intercept,25.942307692307686,0.9852527600138951,26.330611539664016,3.1469632531907735e-51,off_on_p3,17
mock,scale1,self,self,without_guess,conditionAC,2.4106334841628976,1.3088317654316532,1.8418207349726645,0.06801243648592492,off_on_p3,17
mock,scale1,self,self,with_guess,intercept,20.6,0.8714161797138148,23.63968041856341,3.581732001206689e-46,off_on_p3,17
mock,scale1,self,self,with_guess,conditionAC,-2.9124999999999988,1.394946515304167,-2.0878936705074533,0.03899614659649854,off_on_p3,17
mock,scale1,self,self,with_guess,guessAC,10.288888888888886,1.209331621796612,8.507913547818644,7.189397431185283e-14,off_on_p3,17
mock,scale1,self,self,with_guess,conditionAC:guessAC,3.658226495726496,1.7361084290883633,2.1071417167460234,0.037259769806395365,off_on_p3,17
