study,scale,guesser,respondent,model_type,component,est,se,t,p,model_name,trial_id
mock,scale1,self,self,without_guess,intercept,25.019230769230766,0.8804000432236718,28.418025375851162,1.3081728311061216e-54,on_on_p1,47
mock,scale1,self,self,without_guess,conditionAC,14.09841628959276,1.1695430752635407,12.05463619748753,2.6565688232824244e-22,on_on_p1,47
mock,scale1,self,self,with_guess,intercept,20.27999999999999,1.0036070323344755,20.207112292574298,8.387809105774823e-40,on_on_p1,47
mock,scale1,self,self,with_guess,conditionAC,10.820000000000002,1.8775768329762812,5.762746860722843,6.940961921692317e-08,on_on_p1,47
mock,scale1,self,self,with_guess,guessAC,9.12740740740741,1.392783090690524,6.553358859980242,1.6199646581024127e-09,on_on_p1,47
mock,scale1,self,self,with_guess,conditionAC:guessAC,0.2725925925925902,2.211800630150911,0.12324464912282407,0.9021266553591445,on_on_p1,47
