study,scale,guesser,respondent,model_type,component,est,se,t,p,model_name,trial_id
mock,scale1,self,self,without_guess,intercept,23.692307692307697,0.9120114448250457,25.978081554505792,1.2242240559326963e-50,on_on_p3,30
mock,scale1,self,self,without_guess,conditionAC,19.2341628959276,1.2115363669799848,15.875844440289391,4.581286467518095e-31,on_on_p3,30
mock,scale1,self,self,with_guess,intercept,19.09374999999999,0.8757158095567374,21.803591749319573,7.671565178086518e-43,on_on_p3,30
mock,scale1,self,self,with_guess,conditionAC,16.90625,1.8691057084252918,9.04510104687626,4.084057263004724e-15,on_on_p3,30
mock,scale1,self,self,with_guess,guessAC,11.956250000000004,1.412049314181269,8.46730342908204,8.917967643887087e-14,on_on_p3,30
mock,scale1,self,self,with_guess,conditionAC:guessAC,-3.973199152542376,2.266383719384645,-1.7531008180826306,0.08222642888916505,on_on_p3,30
