study,scale,guesser,respondent,model_type,component,est,se,t,p,model_name,trial_id
mock,scale1,self,self,without_guess,intercept,19.846153846153843,0.6332510195011589,31.340105637394117,4.824373500054639e-59,on_off_m2,21
mock,scale1,self,self,without_guess,conditionAC,9.021493212669684,0.8412247937305014,10.7242359948319,3.808763188971839e-19,on_off_m2,21
mock,scale1,self,self,with_guess,intercept,20.499999999999993,0.9359693836689494,21.902425824700696,5.02564971164447e-43,on_off_m2,21
mock,scale1,self,self,with_guess,conditionAC,9.000000000000002,2.0928911667423526,4.300271386786332,3.5734353807643035e-05,on_off_m2,21
mock,scale1,self,self,with_guess,guessAC,-1.214285714285714,1.2755112662969554,-0.9519992071971339,0.3430768258698125,on_off_m2,21
mock,scale1,self,self,with_guess,conditionAC:guessAC,0.5207373271889394,2.3388449048587137,0.2226472247506281,0.824201637435602,on_off_m2,21
