study,scale,guesser,respondent,model_type,component,est,se,t,p,model_name,trial_id
mock,scale1,self,self,without_guess,intercept,23.78846153846154,0.7199474148284896,33.0419431315391,1.772339675272305e-61,off_on_0,1
mock,scale1,self,self,without_guess,conditionAC,3.270361990950227,0.9563942210673304,3.4194706731921927,0.0008621986532354664,off_on_0,1
mock,scale1,self,self,with_guess,intercept,19.739130434782613,0.8969012140541054,22.008143288779017,3.2008856748072833e-43,off_on_0,1
mock,scale1,self,self,with_guess,conditionAC,0.5465838509316777,1.8567619138532485,0.2943747643968949,0.7689976775791602,off_on_0,1
mock,scale1,self,self,with_guess,guessAC,7.260869565217393,1.2010118286495775,6.045627022159761,1.8567971287253078e-08,off_on_0,1
mock,scale1,self,self,with_guess,conditionAC:guessAC,0.28948172283881335,2.0949636693101543,0.13817982959777822,0.8903378784063649,off_on_0,1
