study,scale,guesser,respondent,model_type,component,est,se,t,p,model_name,trial_id
mock,scale1,self,self,without_guess,intercept,24.19230769230769,0.8041377774456967,30.084779462983747,3.525673715772507e-57,off_on_p1,47
mock,scale1,self,self,without_guess,conditionAC,4.528280542986426,1.068234578596556,4.239031982034948,4.480725959510137e-05,off_on_p1,47
mock,scale1,self,self,with_guess,intercept,19.43333333333333,0.7382599865598413,26.323156729500088,9.597730838039148e-51,off_on_p1,47
mock,scale1,self,self,with_guess,conditionAC,1.5666666666666649,1.6973100098579292,0.9230291800363567,0.35790794287060135,off_on_p1,47
mock,scale1,self,self,with_guess,guessAC,11.248484848484853,1.135009931940476,9.91047261520771,3.826868058566111e-17,off_on_p1,47
mock,scale1,self,self,with_guess,conditionAC:guessAC,-2.6419274714356673,1.9728475537259853,-1.3391442569630054,0.1831418635216953,off_on_p1,47
