study,scale,guesser,respondent,model_type,component,est,se,t,p,model_name,trial_id
mock,scale1,self,self,without_guess,intercept,19.615384615384613,0.6693151647738841,29.306649016403675,5.406952186427066e-56,on_off_0,36
mock,scale1,self,self,without_guess,conditionAC,10.19343891402715,0.8891332095622102,11.464467646019179,6.6323031712818116e-21,on_off_0,36
mock,scale1,self,self,with_guess,intercept,19.78947368421052,1.1121404109736361,17.794042450885854,6.013644979459974e-35,on_off_0,36
mock,scale1,self,self,with_guess,conditionAC,8.793859649122808,1.7875156201028202,4.91959877173939,2.8893999310624103e-06,on_off_0,36
mock,scale1,self,self,with_guess,guessAC,-0.2743221690590089,1.396060770508822,-0.1964972978640656,0.8445647911312287,on_off_0,36
mock,scale1,self,self,with_guess,conditionAC:guessAC,1.7624174071542473,2.0801416164358684,0.8472583756936644,0.39859580176341225,on_off_0,36
