study,scale,guesser,respondent,model_type,component,est,se,t,p,model_name,trial_id
mock,scale1,self,self,without_guess,intercept,21.115384615384613,0.6195645677077167,34.081007397675975,6.472647137743975e-63,on_off_m3,18
mock,scale1,self,self,without_guess,conditionAC,5.502262443438915,0.8230434055727524,6.685263992377066,8.069955458837139e-10,on_off_m3,18
mock,scale1,self,self,with_guess,intercept,21.884615384615383,0.870836735750842,25.130560627700557,9.382382731744808e-49,on_off_m3,18
mock,scale1,self,self,with_guess,conditionAC,2.543956043956045,1.8907960708576468,1.3454417867507686,0.18110674248883551,on_off_m3,18
mock,scale1,self,self,with_guess,guessAC,-1.5384615384615372,1.2315491223115562,-1.2492084242437052,0.21410373683676262,on_off_m3,18
mock,scale1,self,self,with_guess,conditionAC:guessAC,3.9787425689065024,2.157938917399248,1.8437697827432904,0.0677688771784659,on_off_m3,18
