study,scale,guesser,respondent,model_type,component,est,se,t,p,model_name,trial_id
mock,scale1,self,self,without_guess,intercept,22.980769230769226,0.6340498122389835,36.24442242103749,8.510415972842897e-66,on_on_m3,12
mock,scale1,self,self,without_guess,conditionAC,9.15158371040724,0.8422859278391195,10.865174649047722,1.760283086967571e-19,on_on_m3,12
mock,scale1,self,self,with_guess,intercept,20.863636363636356,0.8966202134641691,23.269201441519936,1.6309744687234634e-45,on_on_m3,12
mock,scale1,self,self,with_guess,conditionAC,6.954545454545456,1.5529917648131935,4.478159905363056,1.7728294580592572e-05,on_on_m3,12
mock,scale1,self,self,with_guess,guessAC,3.6696969696969717,1.1804553637475623,3.1087130292219403,0.0023640715081509897,on_on_m3,12
mock,scale1,self,self,with_guess,conditionAC:guessAC,1.4770334928229638,1.8197852636419873,0.8116526286551717,0.41865335715726903,on_on_m3,12
