study,scale,guesser,respondent,model_type,component,est,se,t,p,model_name,trial_id
mock,scale1,self,self,without_guess,intercept,20.01923076923077,0.544244430846429,36.78352893404187,1.715236298738899e-66,on_off_p1,22
mock,scale1,self,self,without_guess,conditionAC,10.671945701357464,0.722986453994842,14.760920681694545,1.4221034466009524e-28,on_off_p1,22
mock,scale1,self,self,with_guess,intercept,20.576923076923073,0.7727990271796812,26.62648677498761,3.063632097087835e-51,on_off_p1,22
mock,scale1,self,self,with_guess,conditionAC,9.994505494505493,1.677932618327235,5.956440315505171,2.8232508104262874e-08,on_off_p1,22
mock,scale1,self,self,with_guess,guessAC,-1.1153846153846145,1.0929028652262394,-1.0205706754677795,0.30958164531504134,on_off_p1,22
mock,scale1,self,self,with_guess,conditionAC:guessAC,1.248874076742928,1.9150008579294135,0.6521532727109417,0.5155924716076907,on_off_p1,22
