study,scale,guesser,respondent,model_type,component,est,se,t,p,model_name,trial_id
mock,scale1,self,self,without_guess,intercept,20.480769230769226,0.6049573996353167,33.854894977920004,1.3207688184242185e-62,on_off_p2,39
mock,scale1,self,self,without_guess,conditionAC,11.945701357466062,0.803638917351997,14.8645132777135,8.295417723977392e-29,on_off_p2,39
mock,scale1,self,self,with_guess,intercept,20.666666666666664,0.8408935693531738,24.57703022103467,8.287654999712621e-48,on_off_p2,39
mock,scale1,self,self,with_guess,conditionAC,13.333333333333332,1.6174910761497974,8.243219100207586,2.9163494048220963e-13,on_off_p2,39
mock,scale1,self,self,with_guess,guessAC,-0.38666666666666616,1.2127539526043212,-0.31883356540403035,0.7504261087116123,on_off_p2,39
mock,scale1,self,self,with_guess,conditionAC:guessAC,-1.4581609195402303,1.9259064634812324,-0.7571296670890683,0.4505073394228206,on_off_p2,39
