study,scale,guesser,respondent,model_type,component,est,se,t,p,model_name,trial_id
mock,scale1,self,self,without_guess,intercept,24.230769230769226,0.7629777629088615,31.758159161007704,1.1905435841312519e-59,on_on_0,24
mock,scale1,self,self,without_guess,conditionAC,13.01923076923077,1.0135566962522542,12.845093735131854,3.6782593666396615e-24,on_on_0,24
mock,scale1,self,self,with_guess,intercept,20.666666666666668,0.8967175015382055,23.047020529002292,4.079000803598569e-45,on_on_0,24
mock,scale1,self,self,with_guess,conditionAC,10.458333333333336,1.8756192215763123,5.575936316404307,1.6293260961362257e-07,on_on_0,24
mock,scale1,self,self,with_guess,guessAC,7.413333333333332,1.2932643725607833,5.732264408285094,7.985726304448107e-08,on_on_0,24
mock,scale1,self,self,with_guess,conditionAC:guessAC,-0.4716666666666685,2.1790419796371205,-0.21645597977199868,0.8290125365371099,on_on_0,24
