study,scale,guesser,respondent,model_type,component,est,se,t,p,model_name,trial_id
mock,scale1,self,self,without_guess,intercept,22.249999999999996,0.790804325802989,28.13591083661204,3.653791745595925e-54,off_on_m1,7
mock,scale1,self,self,without_guess,conditionAC,3.102941176470589,1.0505221237209394,2.9537133073218875,0.003790414141323529,off_on_m1,7
mock,scale1,self,self,with_guess,intercept,17.923076923076923,0.8496114281442506,21.09561657171338,1.6432854038011807e-41,off_on_m1,7
mock,scale1,self,self,with_guess,conditionAC,-0.22307692307691945,1.61202434342659,-0.138383098237051,0.8901775956565412,off_on_m1,7
mock,scale1,self,self,with_guess,guessAC,8.653846153846157,1.2015320044287736,7.202343443161404,6.389622865370856e-11,off_on_m1,7
mock,scale1,self,self,with_guess,conditionAC:guessAC,0.31856763925729104,1.9089382709009333,0.1668821062018634,0.8677533700043585,off_on_m1,7
