study,scale,guesser,respondent,model_type,component,est,se,t,p,model_name,trial_id
mock,scale1,self,self,without_guess,intercept,23.557692307692307,0.8176081495705787,28.812937248809465,3.1460256021688117e-55,on_on_0,44
mock,scale1,self,self,without_guess,conditionAC,14.457013574660634,1.086128921697896,13.310587063698332,3.0211228909532844e-25,on_on_0,44
mock,scale1,self,self,with_guess,intercept,18.73076923076922,0.8724491823866923,21.469180794609596,3.237479859972772e-42,on_on_0,44
mock,scale1,self,self,with_guess,conditionAC,10.55494505494506,1.8942970804480432,5.571958677383687,1.6589375379390338e-07,on_on_0,44
mock,scale1,self,self,with_guess,guessAC,9.65384615384616,1.2338294662125786,7.824295348918894,2.6166729247058723e-12,on_on_0,44
mock,scale1,self,self,with_guess,conditionAC:guessAC,0.07683300306250755,2.1619345703211823,0.035539004795641455,0.9717110286950195,on_on_0,44
