study,scale,guesser,respondent,model_type,component,est,se,t,p,model_name,trial_id
mock,scale1,self,self,without_guess,intercept,24.942307692307693,0.8245086274189484,30.251117893559694,1.9808031606052268e-57,off_on_p3,32
mock,scale1,self,self,without_guess,conditionAC,4.748868778280543,1.0952956705476797,4.335695744972652,3.076067970832683e-05,off_on_p3,32
mock,scale1,self,self,with_guess,intercept,20.107142857142865,0.7902663913254433,25.4434999107313,2.7783168806786027e-49,off_on_p3,32
mock,scale1,self,self,with_guess,conditionAC,1.2261904761904756,1.6023342647027994,0.765252608773182,0.4456752998676694,off_on_p3,32
mock,scale1,self,self,with_guess,guessAC,10.476190476190473,1.163240631480363,9.006038985122336,5.0361763239691856e-15,off_on_p3,32
mock,scale1,self,self,with_guess,conditionAC:guessAC,-0.8434221146085545,1.8953801007126287,-0.4449883768914969,0.6571573888559665,off_on_p3,32
