study,scale,guesser,respondent,model_type,component,est,se,t,p,model_name,trial_id
mock,scale1,self,self,without_guess,intercept,22.44230769230769,0.6594805236324845,34.030281241200605,7.593184365589584e-63,off_on_m3,14
mock,scale1,self,self,without_guess,conditionAC,1.6900452488687792,0.8760686526790574,1.929124211556417,0.05611676659089686,off_on_m3,14
mock,scale1,self,self,with_guess,intercept,19.346153846153843,0.8381440581132708,23.08213445992039,3.5275355569247047e-45,off_on_m3,14
mock,scale1,self,self,with_guess,conditionAC,2.4038461538461555,1.7278782405424207,1.3912127008969875,0.1668234767267315,off_on_m3,14
mock,scale1,self,self,with_guess,guessAC,6.192307692307693,1.185314694206211,5.224188751371717,7.799693187391481e-07,off_on_m3,14
mock,scale1,self,self,with_guess,conditionAC:guessAC,-3.4923076923076937,1.9981138714353774,-1.7478021359207812,0.08314431921032314,off_on_m3,14
