study,scale,guesser,respondent,model_type,component,est,se,t,p,model_name,trial_id
mock,scale1,self,self,without_guess,intercept,22.096153846153843,0.6607006117488157,33.443519580929845,4.883208478020678e-62,off_on_m3,19
mock,scale1,self,self,without_guess,conditionAC,1.903846153846155,0.8776894449752976,2.1691569435470863,0.0320764217696158,off_on_m3,19
mock,scale1,self,self,with_guess,intercept,20.285714285714278,0.7650490255286031,26.515574308062234,4.646227309558154e-51,off_on_m3,19
mock,scale1,self,self,with_guess,conditionAC,-2.285714285714284,1.3586560234277016,-1.6823347825358637,0.09519394204859723,off_on_m3,19
mock,scale1,self,self,with_guess,guessAC,3.922619047619052,1.1261216740809619,3.4832994852180046,0.0006994769495599379,off_on_m3,19
mock,scale1,self,self,with_guess,conditionAC:guessAC,3.495562770562768,1.681299235203318,2.0790842566106638,0.039813795772504976,off_on_m3,19
