study,scale,guesser,respondent,model_type,component,est,se,t,p,model_name,trial_id
mock,scale1,self,self,without_guess,intercept,23.269230769230766,0.9588945743459651,24.266724822279915,1.0811323952521907e-47,on_on_0,12
mock,scale1,self,self,without_guess,conditionAC,14.010180995475116,1.2738169630566307,10.998582529358465,8.479219563075791e-20,on_on_0,12
mock,scale1,self,self,with_guess,intercept,18.25,1.0462019353488663,17.444051079789254,3.2354601381915874e-34,on_on_0,12
mock,scale1,self,self,with_guess,conditionAC,13.134615384615385,1.857957482138264,7.069384262496241,1.2507144927312332e-10,on_on_0,12
mock,scale1,self,self,with_guess,guessAC,10.875000000000002,1.5399675518150957,7.061837106361164,1.2991419645447075e-10,on_on_0,12
mock,scale1,self,self,with_guess,conditionAC:guessAC,-3.5868881118881113,2.2991709747684874,-1.5600788941976311,0.12146538100714538,on_on_0,12
