study,scale,guesser,respondent,model_type,component,est,se,t,p,model_name,trial_id
mock,scale1,self,self,without_guess,intercept,18.634615384615383,0.675869874977406,27.571306363134365,2.921134119502089e-53,on_off_p2,23
mock,scale1,self,self,without_guess,conditionAC,13.90950226244344,0.897840632952171,15.49217283328768,3.247578577364548e-30,on_off_p2,23
mock,scale1,self,self,with_guess,intercept,17.714285714285715,0.9136281449791712,19.388944847676036,3.421019579124295e-38,on_off_p2,23
mock,scale1,self,self,with_guess,conditionAC,16.685714285714287,1.7809891273482585,9.368790650933336,7.158702084239187e-16,on_off_p2,23
mock,scale1,self,self,with_guess,guessAC,1.994047619047621,1.3448242162004587,1.4827570733976057,0.14085072370914628,on_off_p2,23
mock,scale1,self,self,with_guess,conditionAC:guessAC,-4.1699096880131385,2.132773918799853,-1.9551578586255478,0.05296968924598664,on_off_p2,23
