study,scale,guesser,respondent,model_type,component,est,se,t,p,model_name,trial_id
mock,scale1,self,self,without_guess,intercept,24.32692307692308,0.731676747677005,33.248183920233146,9.127281533184913e-62,off_on_p1,42
mock,scale1,self,self,without_guess,conditionAC,3.761312217194569,0.97197572871948,3.8697594045376764,0.0001790347265474032,off_on_p1,42
mock,scale1,self,self,with_guess,intercept,20.58064516129032,0.7120258245970574,28.90435213208329,7.733367693646732e-55,off_on_p1,42
mock,scale1,self,self,with_guess,conditionAC,1.4193548387096764,1.5010822390574965,0.9455543485751084,0.34634136849139774,off_on_p1,42
mock,scale1,self,self,with_guess,guessAC,9.276497695852534,1.1204378458451014,8.27935055054807,2.410348719330738e-13,off_on_p1,42
mock,scale1,self,self,with_guess,conditionAC:guessAC,-2.2595485433101614,1.8077687377272267,-1.2499101772004997,0.21384817663554848,off_on_p1,42
