study,scale,guesser,respondent,model_type,component,est,se,t,p,model_name,trial_id
mock,scale1,self,self,without_guess,intercept,20.038461538461533,0.612031395231695,32.74090462446886,4.697210640111323e-61,on_off_p1,43
mock,scale1,self,self,without_guess,conditionAC,11.270361990950224,0.8130361710525936,13.862067140701871,1.601692196125257e-26,on_off_p1,43
mock,scale1,self,self,with_guess,intercept,19.769230769230763,0.8630218752293571,22.90698687559557,7.290257044692514e-45,on_off_p1,43
mock,scale1,self,self,with_guess,conditionAC,9.230769230769232,1.7791651743946324,5.188258720222554,9.12373194813379e-07,on_off_p1,43
mock,scale1,self,self,with_guess,guessAC,0.53846153846154,1.2204972405740182,0.4411821023112624,0.6599023835014655,on_off_p1,43
mock,scale1,self,self,with_guess,conditionAC:guessAC,2.0782051282051253,2.057421947403348,1.0101015646440477,0.31454897363214607,on_off_p1,43
