study,scale,guesser,respondent,model_type,component,est,se,t,p,model_name,trial_id
mock,scale1,self,self,without_guess,intercept,22.73076923076922,0.7946676018849955,28.60412224790664,6.671397303798736e-55,on_on_m2=,29
mock,scale1,self,self,without_guess,conditionAC,9.842760180995477,1.0556541859287036,9.323848957541323,7.985449413300394e-16,on_on_m2=,29
mock,scale1,self,self,with_guess,intercept,19.76923076923076,0.9884415763354054,20.000403911098246,2.123728696128364e-39,on_on_m2=,29
mock,scale1,self,self,with_guess,conditionAC,7.384615384615386,1.712031030526393,4.3133653847061755,3.395827555345746e-05,on_on_m2=,29
mock,scale1,self,self,with_guess,guessAC,5.923076923076925,1.3978674828669715,4.237223481963345,4.561286106583866e-05,on_on_m2=,29
mock,scale1,self,self,with_guess,conditionAC:guessAC,0.7776223776223754,2.0904376247257273,0.3719902322961692,0.710578799410811,on_on_m2=,29
