study,scale,guesser,respondent,model_type,component,est,se,t,p,model_name,trial_id
mock,scale1,self,self,without_guess,intercept,25.403846153846153,0.9360640160366248,27.139005152028183,1.4656438305398993e-52,on_on_p2,18
mock,scale1,self,self,without_guess,conditionAC,14.566742081447964,1.2434883396307164,11.714417913861507,1.6946189573390347e-21,on_on_p2,18
mock,scale1,self,self,with_guess,intercept,18.80952380952381,1.0097769230776108,18.627405102699225,1.1644583099842728e-36,on_on_p2,18
mock,scale1,self,self,with_guess,conditionAC,11.959706959706962,1.6330264675636172,7.323645511729008,3.449264153277031e-11,on_on_p2,18
mock,scale1,self,self,with_guess,guessAC,11.061443932411672,1.3078148555432076,8.45795862122796,9.370976091272779e-14,on_on_p2,18
mock,scale1,self,self,with_guess,conditionAC:guessAC,0.31477984381210167,1.9356720793795787,0.16262043926003977,0.8711002422748979,on_on_p2,18
