study,scale,guesser,respondent,model_type,component,est,se,t,p,model_name,trial_id
mock,scale1,self,self,without_guess,intercept,19.69230769230769,0.59206037423143,33.26064122746067,8.769597162019992e-62,on_off_p1,40
mock,scale1,self,self,without_guess,conditionAC,10.440045248868778,0.7865062208366909,13.27395126991187,3.6755399559232866e-25,on_off_p1,40
mock,scale1,self,self,with_guess,intercept,19.42307692307692,0.8435458086342974,23.02551530013874,4.4588072012528146e-45,on_off_p1,40
mock,scale1,self,self,with_guess,conditionAC,10.961538461538463,1.4610641990663764,7.502434505302993,1.3816608712488055e-11,on_off_p1,40
mock,scale1,self,self,with_guess,guessAC,0.538461538461541,1.1929539230536033,0.4513682616368295,0.6525668744724078,on_off_p1,40
mock,scale1,self,self,with_guess,conditionAC:guessAC,-0.8503496503496538,1.7840001258207498,-0.47665335783451285,0.6345056504866741,on_off_p1,40
