study,scale,guesser,respondent,model_type,component,est,se,t,p,model_name,trial_id
mock,scale1,self,self,without_guess,intercept,25.519230769230766,0.847810601345561,30.10015530441489,3.342342950703064e-57,on_on_p3,16
mock,scale1,self,self,without_guess,conditionAC,17.392533936651585,1.1262505330054926,15.442864111449671,4.182278218488918e-30,on_on_p3,16
mock,scale1,self,self,with_guess,intercept,20.67999999999999,0.8618783237479013,23.994106163469162,8.523242804966874e-47,on_on_p3,16
mock,scale1,self,self,with_guess,conditionAC,12.420000000000005,1.6124266982758386,7.702675732968612,4.91888012757624e-12,on_on_p3,16
mock,scale1,self,self,with_guess,guessAC,9.320000000000004,1.1960952014819133,7.792021896294629,3.0946337749941712e-12,on_on_p3,16
mock,scale1,self,self,with_guess,conditionAC:guessAC,2.183448275862063,1.899451636109799,1.149515067587563,0.25270818848170856,on_on_p3,16
