study,scale,guesser,respondent,model_type,component,est,se,t,p,model_name,trial_id
mock,scale1,self,self,without_guess,intercept,19.884615384615383,0.6133362594378226,32.42041388983167,1.336397354860878e-60,on_off_p2,5
mock,scale1,self,self,without_guess,conditionAC,11.585972850678735,0.8147695817994263,14.219937893472906,2.4180111833972986e-27,on_off_p2,5
mock,scale1,self,self,with_guess,intercept,19.933333333333334,0.8128934947178975,24.521457562224555,1.0332888494338913e-47,on_off_p2,5
mock,scale1,self,self,with_guess,conditionAC,10.400000000000002,1.991174277286662,5.223048589283655,7.838670287823655e-07,on_off_p2,5
mock,scale1,self,self,with_guess,guessAC,-0.11515151515151296,1.2497524001185052,-0.09213946309732549,0.9267461698508108,on_off_p2,5
mock,scale1,self,self,with_guess,conditionAC:guessAC,1.3624633431085027,2.277191285319278,0.5983086936491046,0.550800421414432,on_off_p2,5
