study,scale,guesser,respondent,model_type,component,est,se,t,p,model_name,trial_id
mock,scale1,self,self,without_guess,intercept,20.17307692307692,0.6005445865487593,33.591305916199495,3.0482121266519787e-62,on_off_m1,4
mock,scale1,self,self,without_guess,conditionAC,9.179864253393665,0.7977768379171551,11.506807188537286,5.262778898006849e-21,on_off_m1,4
mock,scale1,self,self,with_guess,intercept,19.80769230769231,0.8551973864500235,23.16154448263137,2.5412022926571697e-45,on_off_m1,4
mock,scale1,self,self,with_guess,conditionAC,9.423076923076923,1.4812453238315564,6.361591001483893,4.11175126781021e-09,on_off_m1,4
mock,scale1,self,self,with_guess,guessAC,0.7307692307692334,1.2094317424236487,0.6042252779845215,0.5468738127144972,on_off_m1,4
mock,scale1,self,self,with_guess,conditionAC:guessAC,-0.5797202797202816,1.8086418418680608,-0.32052795987596744,0.749144824170809,on_off_m1,4
