study,scale,guesser,respondent,model_type,component,est,se,t,p,model_name,trial_id
mock,scale1,self,self,without_guess,intercept,21.692307692307693,0.7179447092447404,30.214454418262168,2.248753283405443e-57,on_on_m2=,3
mock,scale1,self,self,without_guess,conditionAC,11.528280542986424,0.9537337822528467,12.087524587579445,2.22156337679628e-22,on_on_m2=,3
mock,scale1,self,self,with_guess,intercept,19.8,0.7520241174218978,26.328942837470034,9.39010043243856e-51,on_on_m2=,3
mock,scale1,self,self,with_guess,conditionAC,6.999999999999997,1.5952840591345578,4.387933271142632,2.53539582565073e-05,on_on_m2=,3
mock,scale1,self,self,with_guess,guessAC,5.788235294117648,1.3152520269688774,4.400856395148224,2.4094237204658954e-05,on_on_m2=,3
mock,scale1,self,self,with_guess,conditionAC:guessAC,1.7393509127789057,2.0125986071181576,0.8642314004527134,0.3892443607013373,on_on_m2=,3
