study,scale,guesser,respondent,model_type,component,est,se,t,p,model_name,trial_id
mock,scale1,self,self,without_guess,intercept,23.269230769230766,0.7468436604980458,31.15676278715852,8.953059989861973e-59,on_on_m2=,44
mock,scale1,self,self,without_guess,conditionAC,9.627828054298643,0.992123794362484,9.704260807982399,1.0078536947759597e-16,on_on_m2=,44
mock,scale1,self,self,with_guess,intercept,20.692307692307693,0.875664235912235,23.630413169439546,3.719447087057778e-46,on_on_m2=,44
mock,scale1,self,self,with_guess,conditionAC,5.307692307692308,1.5166949469709705,3.4995120925881857,0.0006621310049282108,on_on_m2=,44
mock,scale1,self,self,with_guess,guessAC,5.153846153846153,1.2383762385121564,4.161777328704423,6.089812665365643e-05,on_on_m2=,44
mock,scale1,self,self,with_guess,conditionAC:guessAC,3.373426573426572,1.8519268201608863,1.821576606970628,0.07109604464279655,on_on_m2=,44
