study,scale,guesser,respondent,model_type,component,est,se,t,p,model_name,trial_id
mock,scale1,self,self,without_guess,intercept,22.980769230769226,0.7033186446627984,32.67476186670298,5.824561071860379e-61,off_on_m3,10
mock,scale1,self,self,without_guess,conditionAC,1.7839366515837127,0.9343041914868888,1.9093745568503606,0.05864191952668722,off_on_m3,10
mock,scale1,self,self,with_guess,intercept,19.26315789473684,1.02008698060126,18.883838595197776,3.5213079610065423e-37,off_on_m3,10
mock,scale1,self,self,with_guess,conditionAC,-0.513157894736838,1.8740194467970877,-0.27382741177733416,0.7847042442204003,off_on_m3,10
mock,scale1,self,self,with_guess,guessAC,5.858054226475283,1.2805068515381666,4.574793347992234,1.2024653005335743e-05,off_on_m3,10
mock,scale1,self,self,with_guess,conditionAC:guessAC,0.9586124401913841,2.10726966183302,0.45490734173884984,0.6500261240732859,off_on_m3,10
