study,scale,guesser,respondent,model_type,component,est,se,t,p,model_name,trial_id
mock,scale1,self,self,without_guess,intercept,20.230769230769223,0.5677646602752116,35.63231501756872,5.374570293781781e-65,on_off_p3,36
mock,scale1,self,self,without_guess,conditionAC,12.51923076923077,0.7542312519350141,16.598663522775173,1.2001383112945182e-32,on_off_p3,36
mock,scale1,self,self,with_guess,intercept,20.499999999999993,0.7842679500264041,26.139025570673663,1.9284849867941203e-50,on_off_p3,36
mock,scale1,self,self,with_guess,conditionAC,15.875,1.616809798372748,9.818718327893317,6.29109738513707e-17,on_off_p3,36
mock,scale1,self,self,with_guess,guessAC,-0.5384615384615347,1.1091223714618852,-0.48548433636931543,0.6282485183629858,on_off_p3,36
mock,scale1,self,self,with_guess,conditionAC:guessAC,-3.5698717948717986,1.8696746158381352,-1.9093545821455684,0.05868647859111372,on_off_p3,36
