study,scale,guesser,respondent,model_type,component,est,se,t,p,model_name,trial_id
mock,scale1,self,self,without_guess,intercept,25.673076923076923,0.8789661420873803,29.208266045502235,7.666100072502536e-56,on_on_p2,48
mock,scale1,self,self,without_guess,conditionAC,14.532805429864256,1.167638248977502,12.446325257493577,3.1705094969111625e-23,on_on_p2,48
mock,scale1,self,self,with_guess,intercept,19.956521739130434,0.979218203323692,20.38005591745885,3.8714868325243724e-40,on_on_p2,48
mock,scale1,self,self,with_guess,conditionAC,13.043478260869566,1.6295175885929043,8.004502898390111,1.0219028240799091e-12,on_on_p2,48
mock,scale1,self,self,with_guess,guessAC,10.250374812593707,1.3112398852765923,7.817314686421011,2.713413551819722e-12,on_on_p2,48
mock,scale1,self,self,with_guess,conditionAC:guessAC,-1.3412839035027944,1.9536608209578055,-0.6865490105110538,0.49373707483804263,on_on_p2,48
