study,scale,guesser,respondent,model_type,component,est,se,t,p,model_name,trial_id
mock,scale1,self,self,without_guess,intercept,20.403846153846157,0.5980996931891158,34.11445681413278,5.826438055651645e-63,on_off_m2,44
mock,scale1,self,self,without_guess,conditionAC,7.007918552036197,0.7945289869878676,8.820217596596269,1.2155005352487918e-14,on_off_m2,44
mock,scale1,self,self,with_guess,intercept,20.80952380952381,0.927702920090059,22.431236723393816,5.332847277954221e-44,on_off_m2,44
mock,scale1,self,self,with_guess,conditionAC,3.790476190476188,1.6333895416051953,2.3206198484356277,0.022054814531131346,on_off_m2,44
mock,scale1,self,self,with_guess,guessAC,-0.6804915514592933,1.201516525775606,-0.5663605425818181,0.5722428342246628,on_off_m2,44
mock,scale1,self,self,with_guess,conditionAC:guessAC,3.977043275597225,1.8874795476107655,2.1070656265555296,0.03726650051079133,on_off_m2,44
