study,scale,guesser,respondent,model_type,component,est,se,t,p,model_name,trial_id
mock,scale1,self,self,without_guess,intercept,24.903846153846153,0.8762355389048635,28.42140617233064,1.2922290260688854e-54,off_on_p2,47
mock,scale1,self,self,without_guess,conditionAC,3.022624434389142,1.1640108547400918,2.5967321714229668,0.010608207632010532,off_on_p2,47
mock,scale1,self,self,with_guess,intercept,18.999999999999993,0.8287589115064443,22.925846993866383,6.740927694525701e-45,off_on_p2,47
mock,scale1,self,self,with_guess,conditionAC,-0.6249999999999936,1.7085302651564953,-0.3658114888253067,0.7151719985876048,off_on_p2,47
mock,scale1,self,self,with_guess,guessAC,11.807692307692308,1.1720420925899775,10.07446096206296,1.5728937327896243e-17,off_on_p2,47
mock,scale1,self,self,with_guess,conditionAC:guessAC,-0.9826923076923122,1.9757399233783246,-0.4973793848392774,0.6198630164373726,off_on_p2,47
