study,scale,guesser,respondent,model_type,component,est,se,t,p,model_name,trial_id
mock,scale1,self,self,without_guess,intercept,21.03846153846154,0.5442908364518116,38.652977653655874,7.708397041886354e-69,off_off_0,4
mock,scale1,self,self,without_guess,conditionAC,-0.8619909502262434,0.7230481002371909,-1.1921626651718928,0.23558946594513544,off_off_0,4
mock,scale1,self,self,with_guess,intercept,20.958333333333336,0.8048059983572373,26.041472573655383,2.7950446356999794e-50,off_off_0,4
mock,scale1,self,self,with_guess,conditionAC,0.20833333333333529,1.3939648793909296,0.14945378926932734,0.8814551032367436,off_off_0,4
mock,scale1,self,self,with_guess,guessAC,0.14880952380952542,1.0967657019549584,0.13568032219121737,0.8923091758804065,off_off_0,4
mock,scale1,self,self,with_guess,conditionAC:guessAC,-1.3511904761904778,1.6661067042554067,-0.81098675897492,0.4190341017168304,off_off_0,4
