study,scale,guesser,respondent,model_type,component,est,se,t,p,model_name,trial_id
mock,scale1,self,self,without_guess,intercept,23.51923076923077,0.7688589579980953,30.589785713713482,6.17019308720278e-58,on_on_m2=,22
mock,scale1,self,self,without_guess,conditionAC,9.083710407239817,1.0213694071259403,8.893658204234569,8.184504147103235e-15,on_on_m2=,22
mock,scale1,self,self,with_guess,intercept,20.34615384615385,0.9386676963798303,21.67556625696514,1.3291963157002356e-42,on_on_m2=,22
mock,scale1,self,self,with_guess,conditionAC,7.225274725274724,1.586637994743258,4.553826864863325,1.3087051443209288e-05,on_on_m2=,22
mock,scale1,self,self,with_guess,guessAC,6.346153846153847,1.3274765867818672,4.7806145203197135,5.172134218503445e-06,on_on_m2=,22
mock,scale1,self,self,with_guess,conditionAC:guessAC,-0.010175010175010072,1.9551851781284824,-0.005204115849911295,0.9958566743145125,on_on_m2=,22
