study,scale,guesser,respondent,model_type,component,est,se,t,p,model_name,trial_id
mock,scale1,self,self,without_guess,intercept,24.211538461538456,0.7673785603808883,31.55097068325842,2.377529038213957e-59,on_on_m1,43
mock,scale1,self,self,without_guess,conditionAC,10.861990950226248,1.0194028138764655,10.655249134462895,5.557353883583163e-19,on_on_m1,43
mock,scale1,self,self,with_guess,intercept,20.541666666666668,0.9166868492843832,22.408597530009988,5.86640511599853e-44,on_on_m1,43
mock,scale1,self,self,with_guess,conditionAC,7.367424242424244,1.6351540735795713,4.505645285337525,1.5883329351106124e-05,on_on_m1,43
mock,scale1,self,self,with_guess,guessAC,6.81547619047619,1.249233601365372,5.455725961122959,2.799625228867408e-07,on_on_m1,43
mock,scale1,self,self,with_guess,conditionAC:guessAC,1.731573251310094,1.9359275308750437,0.894441152209566,0.3729380030226801,on_on_m1,43
