study,scale,guesser,respondent,model_type,component,est,se,t,p,model_name,trial_id
mock,scale1,self,self,without_guess,intercept,20.69230769230769,0.5191174926784194,39.86054791863095,2.6404607495159136e-70,on_off_m2,42
mock,scale1,self,self,without_guess,conditionAC,6.71945701357466,0.6896072682903897,9.743889489785852,8.119761490518504e-17,on_off_m2,42
mock,scale1,self,self,with_guess,intercept,20.633333333333333,0.6889893156032908,29.94724717213711,2.051006707999325e-56,on_off_m2,42
mock,scale1,self,self,with_guess,conditionAC,6.366666666666665,1.5840333803108522,4.01927556944366,0.00010414815880500275,on_off_m2,42
mock,scale1,self,self,with_guess,guessAC,0.1393939393939399,1.0592605998526763,0.13159551050357868,0.8955322081341706,on_off_m2,42
mock,scale1,self,self,with_guess,conditionAC:guessAC,0.31962245404868356,1.8411818472856036,0.17359635308152363,0.8624852711930031,on_off_m2,42
