study,scale,guesser,respondent,model_type,component,est,se,t,p,model_name,trial_id
mock,scale1,self,self,without_guess,intercept,24.173076923076927,0.796462137702208,30.350566309173487,1.4048919894147234e-57,on_on_0,26
mock,scale1,self,self,without_guess,conditionAC,13.356334841628959,1.0580380873772408,12.623680565921623,1.2147117787280227e-23,on_on_0,26
mock,scale1,self,self,with_guess,intercept,19.391304347826082,0.965083073888702,20.09288616957174,1.4005767293122799e-39,on_on_0,26
mock,scale1,self,self,with_guess,conditionAC,12.762541806020067,1.6059953113791305,7.946811373353498,1.3816769379570032e-12,on_on_0,26
mock,scale1,self,self,with_guess,guessAC,8.574212893553227,1.292311983981666,6.634785562489119,1.0869636225174424e-09,on_on_0,26
mock,scale1,self,self,with_guess,conditionAC:guessAC,-1.92805904739938,1.925459498226493,-1.001350092887065,0.3187418397370718,on_on_0,26
