study,scale,guesser,respondent,model_type,component,est,se,t,p,model_name,trial_id
mock,scale1,self,self,without_guess,intercept,20.192307692307697,0.6432877997503534,31.38922842955192,4.089817608833737e-59,on_off_m1,42
mock,scale1,self,self,without_guess,conditionAC,8.60180995475113,0.8545578767178736,10.065801497013126,1.399688730202014e-17,on_off_m1,42
mock,scale1,self,self,with_guess,intercept,19.68181818181819,0.9931312831825228,19.817942013413514,4.8434483129382087e-39,on_off_m1,42
mock,scale1,self,self,with_guess,conditionAC,8.24125874125874,1.6295549438951766,5.057367824345584,1.6068975307939798e-06,on_off_m1,42
mock,scale1,self,self,with_guess,guessAC,0.8848484848484852,1.3075180913096351,0.6767389994292194,0.4999188211201827,on_off_m1,42
mock,scale1,self,self,with_guess,conditionAC:guessAC,0.19207459207459074,1.9424899039361172,0.09888061280801771,0.9214037330534351,on_off_m1,42
