study,scale,guesser,respondent,model_type,component,est,se,t,p,model_name,trial_id
mock,scale1,self,self,without_guess,intercept,23.980769230769226,0.8008368525727552,29.944637479817526,5.741667986133661e-57,on_on_0,19
mock,scale1,self,self,without_guess,conditionAC,13.916289592760183,1.0638495562912662,13.081069132814592,1.0337999093288275e-24,on_on_0,19
mock,scale1,self,self,with_guess,intercept,19.961538461538456,0.983969488603341,20.286745364302018,5.872725553130476e-40,on_on_0,19
mock,scale1,self,self,with_guess,conditionAC,12.238461538461541,2.450064268119183,4.995159391413239,2.096788943340004e-06,on_on_0,19
mock,scale1,self,self,with_guess,guessAC,8.03846153846154,1.3915429957441636,5.776653371865643,6.51005539185725e-08,on_on_0,19
mock,scale1,self,self,with_guess,conditionAC:guessAC,-1.8892551892551923,2.7148819138262423,-0.695888531885556,0.48789053273956284,on_on_0,19
