study,scale,guesser,respondent,model_type,component,est,se,t,p,model_name,trial_id
mock,scale1,self,self,without_guess,intercept,24.846153846153847,0.7391368670158206,33.6150920822923,2.826009020930677e-62,off_on_p1,49
mock,scale1,self,self,without_guess,conditionAC,3.242081447963802,0.981885917821021,3.3018921945214936,0.0012710619309839063,off_on_p1,49
mock,scale1,self,self,with_guess,intercept,20.499999999999996,0.8543059746143102,23.996086424720417,8.455485534632222e-47,off_on_p1,49
mock,scale1,self,self,with_guess,conditionAC,1.200000000000003,1.5752623826175125,0.7617778557030226,0.44773863253721924,off_on_p1,49
mock,scale1,self,self,with_guess,guessAC,8.071428571428573,1.1642227988418576,6.932889975576708,2.4804902584235864e-10,off_on_p1,49
mock,scale1,self,self,with_guess,conditionAC:guessAC,-0.5817733990147811,1.8463558219210148,-0.3150927855333341,0.7532573157744215,off_on_p1,49
