study,scale,guesser,respondent,model_type,component,est,se,t,p,model_name,trial_id
mock,scale1,self,self,without_guess,intercept,22.423076923076923,0.6223553543749069,36.02937898011441,1.6212426208524772e-65,off_on_m3,37
mock,scale1,self,self,without_guess,conditionAC,1.6063348416289598,0.8267507488949979,1.9429493638511037,0.05440419513879785,off_on_m3,37
mock,scale1,self,self,with_guess,intercept,21.172413793103445,0.8001275728700493,26.461297561785322,5.699116314815849e-51,off_on_m3,37
mock,scale1,self,self,with_guess,conditionAC,-0.1724137931034484,1.5257834147109375,-0.1130001751500966,0.910225743008924,off_on_m3,37
mock,scale1,self,self,with_guess,guessAC,2.827586206896553,1.2030868794585046,2.350275990183865,0.020448539974882888,off_on_m3,37
mock,scale1,self,self,with_guess,conditionAC:guessAC,0.7864488808227466,1.860362015153399,0.42273970034692343,0.6732678018082618,off_on_m3,37
