study,scale,guesser,respondent,model_type,component,est,se,t,p,model_name,trial_id
mock,scale1,self,self,without_guess,intercept,25.269230769230766,0.7577533579200908,33.347566863432554,6.637083265254776e-62,off_on_p1,43
mock,scale1,self,self,without_guess,conditionAC,1.230769230769232,1.0066164800130362,1.222679396976784,0.2238872595172579,off_on_p1,43
mock,scale1,self,self,with_guess,intercept,21.640000000000004,0.8863559515999746,24.414570648436793,1.5808010066562342e-47,off_on_p1,43
mock,scale1,self,self,with_guess,conditionAC,-0.7733333333333315,1.4474132079326407,-0.5342864975219438,0.5941658385826378,off_on_p1,43
mock,scale1,self,self,with_guess,guessAC,6.989629629629629,1.2300646985800778,5.682326822075368,1.0039692463832806e-07,off_on_p1,43
mock,scale1,self,self,with_guess,conditionAC:guessAC,0.23804332634521255,1.786901227797285,0.13321571592328513,0.8942536080234992,off_on_p1,43
