study,scale,guesser,respondent,model_type,component,est,se,t,p,model_name,trial_id
mock,scale1,self,self,without_guess,intercept,20.55769230769231,0.6170204059998634,33.31768626740825,7.303699173511094e-62,on_off_m2,6
mock,scale1,self,self,without_guess,conditionAC,6.707013574660633,0.8196636843532082,8.182640883929238,3.661096190114809e-13,on_off_m2,6
mock,scale1,self,self,with_guess,intercept,19.999999999999993,0.8296793272577737,24.105698844038063,5.439603998847217e-47,on_off_m2,6
mock,scale1,self,self,with_guess,conditionAC,7.272727272727276,1.5821363992214765,4.596776407082205,1.1000406511374489e-05,on_off_m2,6
mock,scale1,self,self,with_guess,guessAC,1.2608695652173951,1.2475214536118762,1.0106997050566728,0.3142637492321113,on_off_m2,6
mock,scale1,self,self,with_guess,conditionAC:guessAC,-1.2704389432078262,1.9290722598795784,-0.6585750931316242,0.5114737131785405,on_off_m2,6
