study,scale,guesser,respondent,model_type,component,est,se,t,p,model_name,trial_id
mock,scale1,self,self,without_guess,intercept,22.999999999999996,0.7120162073510959,32.302635477311085,1.9666015289791294e-60,on_on_m2=,18
mock,scale1,self,self,without_guess,conditionAC,10.75,0.9458582279639006,11.365339627209208,1.1400908355773798e-20,on_on_m2=,18
mock,scale1,self,self,with_guess,intercept,20.103448275862064,0.8560874790227784,23.482936929307854,6.788915626383287e-46,on_on_m2=,18
mock,scale1,self,self,with_guess,conditionAC,10.796551724137933,1.6906373087638717,6.386083915320638,3.653002133753948e-09,on_on_m2=,18
mock,scale1,self,self,with_guess,guessAC,6.548725637181413,1.2872292476893417,5.087458701654574,1.411864934388577e-06,on_on_m2=,18
mock,scale1,self,self,with_guess,conditionAC:guessAC,-3.207346326836585,2.0368531513148973,-1.5746576157275118,0.1180589836245789,on_on_m2=,18
