study,scale,guesser,respondent,model_type,component,est,se,t,p,model_name,trial_id
mock,scale1,self,self,without_guess,intercept,23.48076923076923,0.6809970834984302,34.47998500983794,1.8561343893863066e-63,on_on_m2=,40
mock,scale1,self,self,without_guess,conditionAC,10.092760180995477,0.9046517312334017,11.156514526573682,3.572374054857665e-20,on_on_m2=,40
mock,scale1,self,self,with_guess,intercept,19.409090909090903,0.8915102755277035,21.77102321967322,8.821188806277107e-43,on_on_m2=,40
mock,scale1,self,self,with_guess,conditionAC,10.190909090909093,1.5947820629756098,6.3901578325344826,3.581756138842919e-09,on_on_m2=,40
mock,scale1,self,self,with_guess,guessAC,7.057575757575763,1.1737278178424653,6.012957732013993,2.165587607447311e-08,on_on_m2=,40
mock,scale1,self,self,with_guess,conditionAC:guessAC,-2.3989550679205895,1.8513909725088125,-1.2957582183031686,0.197631211067692,on_on_m2=,40
