study,scale,guesser,respondent,model_type,component,est,se,t,p,model_name,trial_id
mock,scale1,self,self,without_guess,intercept,24.884615384615383,0.8324835742891847,29.89201967842199,6.898524604539656e-57,off_on_p1,5
mock,scale1,self,self,without_guess,conditionAC,1.9095022624434403,1.1058897680371886,1.7266660002041252,0.08684463799341112,off_on_p1,5
mock,scale1,self,self,with_guess,intercept,19.52173913043478,0.9472556579077813,20.608733204669115,1.4008061001402988e-40,off_on_p1,5
mock,scale1,self,self,with_guess,conditionAC,0.11462450592885753,1.6653684159396387,0.06882831740518136,0.9452447829501391,off_on_p1,5
mock,scale1,self,self,with_guess,guessAC,9.616191904047978,1.2684398594579824,7.581117726903566,9.216838386843292e-12,off_on_p1,5
mock,scale1,self,self,with_guess,conditionAC:guessAC,-1.077116943920389,1.9614188911313248,-0.5491519169059903,0.5839567658158408,off_on_p1,5
