study,scale,guesser,respondent,model_type,component,est,se,t,p,model_name,trial_id
mock,scale1,self,self,without_guess,intercept,20.019230769230763,0.584052852125455,34.27640272002407,3.5056225385378313e-63,on_off_p2,16
mock,scale1,self,self,without_guess,conditionAC,12.68665158371041,0.7758688496766767,16.351541357791646,4.139298823345522e-32,on_off_p2,16
mock,scale1,self,self,with_guess,intercept,20.208333333333325,0.8651987817748045,23.356867530348865,1.1377461244498536e-45,on_off_p2,16
mock,scale1,self,self,with_guess,conditionAC,13.347222222222227,1.6567295345379167,8.05636764720618,7.788134757181105e-13,on_off_p2,16
mock,scale1,self,self,with_guess,guessAC,-0.35119047619047317,1.1790671927902447,-0.29785450595006907,0.7663470196572354,on_off_p2,16
mock,scale1,self,self,with_guess,conditionAC:guessAC,-0.6280938929244057,1.9211678427821972,-0.3269333781970931,0.7443074716767621,on_off_p2,16
