study,scale,guesser,respondent,model_type,component,est,se,t,p,model_name,trial_id
mock,scale1,self,self,without_guess,intercept,21.749999999999993,0.6753929017588944,32.20347732905909,2.724902698150532e-60,off_on_m3,21
mock,scale1,self,self,without_guess,conditionAC,2.588235294117649,0.8972070110786943,2.8847693588638643,0.004657775267497028,off_on_m3,21
mock,scale1,self,self,with_guess,intercept,19.56666666666666,0.7552674674464472,25.90693695946072,4.670543644588018e-50,off_on_m3,21
mock,scale1,self,self,with_guess,conditionAC,-0.42380952380952075,1.338946112349205,-0.31652470543862243,0.7521731685663668,off_on_m3,21
mock,scale1,self,self,with_guess,guessAC,5.160606060606063,1.1611574410497498,4.444363768569224,2.0281486253832996e-05,off_on_m3,21
mock,scale1,self,self,with_guess,conditionAC:guessAC,1.3817219817219792,1.6992761158992378,0.8131238759810306,0.4178128289638725,off_on_m3,21
