study,scale,guesser,respondent,model_type,component,est,se,t,p,model_name,trial_id
mock,scale1,self,self,without_guess,intercept,24.903846153846153,0.8786896555695096,28.34202724021497,1.7238800592980183e-54,off_on_p2,45
mock,scale1,self,self,without_guess,conditionAC,3.213800904977377,1.1672709581136858,2.753260399942522,0.006834328749806847,off_on_p2,45
mock,scale1,self,self,with_guess,intercept,20.185185185185183,0.9226712936379774,21.876897357018148,5.605189684139963e-43,off_on_p2,45
mock,scale1,self,self,with_guess,conditionAC,-0.9629629629629606,1.845342587275955,-0.5218342488830003,0.6027807364893609,off_on_p2,45
mock,scale1,self,self,with_guess,guessAC,9.814814814814817,1.3306954638441675,7.375703217970983,2.6446013465047408e-11,off_on_p2,45
mock,scale1,self,self,with_guess,conditionAC:guessAC,0.43753923414940105,2.171245159893755,0.20151535267938653,0.8406485754370181,off_on_p2,45
