study,scale,guesser,respondent,model_type,component,est,se,t,p,model_name,trial_id
mock,scale1,self,self,without_guess,intercept,25.5,0.8363540364216712,30.489480398876758,8.707007605069074e-58,off_on_p2,13
mock,scale1,self,self,without_guess,conditionAC,3.617647058823531,1.1110313763548627,3.2561160159963447,0.0014745891010477408,off_on_p2,13
mock,scale1,self,self,with_guess,intercept,20.080000000000002,0.9002677657310734,22.304475139897733,9.102855890076595e-44,off_on_p2,13
mock,scale1,self,self,with_guess,conditionAC,0.08666666666667246,2.046335894163313,0.04235212162082898,0.9662908090379678,off_on_p2,13
mock,scale1,self,self,with_guess,guessAC,10.438518518518517,1.2493711988918117,8.35501773034103,1.6162008599568938e-13,off_on_p2,13
mock,scale1,self,self,with_guess,conditionAC:guessAC,-0.6213142174432529,2.294503042617013,-0.2707837845072579,0.7870385634336223,off_on_p2,13
