study,scale,guesser,respondent,model_type,component,est,se,t,p,model_name,trial_id
mock,scale1,self,self,without_guess,intercept,19.92307692307692,0.5960279697591304,33.42641274222135,5.157542514677616e-62,on_off_p1,18
mock,scale1,self,self,without_guess,conditionAC,11.782805429864254,0.7917768633253915,14.881472262750306,7.59562686348719e-29,on_off_p1,18
mock,scale1,self,self,with_guess,intercept,19.545454545454543,0.9224158572193075,21.18941732460649,1.0911079064677808e-41,on_off_p1,18
mock,scale1,self,self,with_guess,conditionAC,11.65454545454545,1.6500676482128893,7.063071303269258,1.291097491049131e-10,on_off_p1,18
mock,scale1,self,self,with_guess,guessAC,0.654545454545455,1.2144169068566852,0.5389792013350969,0.5909341232310491,on_off_p1,18
mock,scale1,self,self,with_guess,conditionAC:guessAC,-0.06144200626959332,1.91557230223056,-0.03207501288155403,0.9744673537038793,on_off_p1,18
