study,scale,guesser,respondent,model_type,component,est,se,t,p,model_name,trial_id
mock,scale1,self,self,without_guess,intercept,19.865384615384613,0.567663829246709,34.994980465368066,3.766727882265868e-64,on_off_m3,1
mock,scale1,self,self,without_guess,conditionAC,6.9728506787330335,0.7540973057453647,9.246619269964013,1.214112808183678e-15,on_off_m3,1
mock,scale1,self,self,with_guess,intercept,19.46428571428571,0.7763556030484735,25.071353433731083,1.1825600637025839e-48,on_off_m3,1
mock,scale1,self,self,with_guess,conditionAC,6.2500000000000036,1.73598390312923,3.60026379780017,0.0004689809256756964,on_off_m3,1
mock,scale1,self,self,with_guess,guessAC,0.8690476190476216,1.1427645055596443,0.7604783092401214,0.4485117230669361,on_off_m3,1
mock,scale1,self,self,with_guess,conditionAC:guessAC,0.3838797814207621,1.9983705481636465,0.1920963966234986,0.8480025742130299,on_off_m3,1
