study,scale,guesser,respondent,model_type,component,est,se,t,p,model_name,trial_id
mock,scale1,self,self,without_guess,intercept,25.615384615384613,0.7741682124769419,33.08762127216319,1.5296437897663483e-61,off_on_p1,23
mock,scale1,self,self,without_guess,conditionAC,3.2228506787330318,1.0284223393223206,3.1337812837250607,0.0021773813858508907,off_on_p1,23
mock,scale1,self,self,with_guess,intercept,20.913043478260875,0.9005939583157746,23.221389934006364,1.9856723981257047e-45,off_on_p1,23
mock,scale1,self,self,with_guess,conditionAC,0.30917874396135103,1.6981762533885851,0.182065167466809,0.8558493660279103,off_on_p1,23
mock,scale1,self,self,with_guess,guessAC,8.43178410794603,1.205956664790891,6.9917803467739645,1.8471251350350124e-10,off_on_p1,23
mock,scale1,self,self,with_guess,conditionAC:guessAC,0.345993669831751,1.9604193974996724,0.1764896176160228,0.8602170666457954,off_on_p1,23
