study,scale,guesser,respondent,model_type,component,est,se,t,p,model_name,trial_id
mock,scale1,self,self,without_guess,intercept,25.788461538461537,0.7687842624268469,33.5444711850035,3.53854268388374e-62,off_on_p1,35
mock,scale1,self,self,without_guess,conditionAC,2.0350678733031686,1.0212701798612682,1.9926831444149453,0.04860420769314186,off_on_p1,35
mock,scale1,self,self,with_guess,intercept,20.958333333333325,0.8153143718162087,25.70583085227134,1.0097478518720273e-49,off_on_p1,35
mock,scale1,self,self,with_guess,conditionAC,-1.0583333333333287,1.5033654195258719,-0.7039761056011942,0.48285843534400696,off_on_p1,35
mock,scale1,self,self,with_guess,guessAC,8.970238095238097,1.1110862010773042,8.07339528340879,7.122927249978813e-13,off_on_p1,35
mock,scale1,self,self,with_guess,conditionAC:guessAC,0.31941707717569373,1.762085812145175,0.18127214632460678,0.8564703229548809,off_on_p1,35
