study,scale,guesser,respondent,model_type,component,est,se,t,p,model_name,trial_id
mock,scale1,self,self,without_guess,intercept,23.25,0.7757919144735052,29.969376538009836,5.267379729825758e-57,on_on_0,25
mock,scale1,self,self,without_guess,conditionAC,14.41176470588235,1.0305793013090772,13.984139490843676,8.392224970547619e-27,on_on_0,25
mock,scale1,self,self,with_guess,intercept,19.999999999999996,0.9768852638587985,20.47323338771425,2.556483517202214e-40,on_on_0,25
mock,scale1,self,self,with_guess,conditionAC,12.250000000000004,2.013900563499602,6.082723358849899,1.558447821731529e-08,on_on_0,25
mock,scale1,self,self,with_guess,guessAC,6.500000000000001,1.381524389031532,4.704947702411966,7.071456039572317e-06,on_on_0,25
mock,scale1,self,self,with_guess,conditionAC:guessAC,-0.36666666666666914,2.3288693365088333,-0.1574440699263672,0.8751686113073853,on_on_0,25
