study,scale,guesser,respondent,model_type,component,est,se,t,p,model_name,trial_id
mock,scale1,self,self,without_guess,intercept,22.499999999999996,0.7538137689452213,29.84822104202642,8.03887524522739e-57,on_on_m2=,27
mock,scale1,self,self,without_guess,conditionAC,10.779411764705882,1.0013830420544552,10.76452397535178,3.054646920883873e-19,on_on_m2=,27
mock,scale1,self,self,with_guess,intercept,19.11538461538461,0.9592638287792501,19.927140002464874,2.955639207595677e-39,on_on_m2=,27
mock,scale1,self,self,with_guess,conditionAC,10.313186813186814,2.0827925647943872,4.951614955570445,2.5232201391037337e-06,on_on_m2=,27
mock,scale1,self,self,with_guess,guessAC,6.7692307692307745,1.3566039165535582,4.989835785251124,2.1448955334328764e-06,on_on_m2=,27
mock,scale1,self,self,with_guess,conditionAC:guessAC,-2.4764907223923642,2.377061811007954,-1.0418284921847485,0.2996576759412243,on_on_m2=,27
