study,scale,guesser,respondent,model_type,component,est,se,t,p,model_name,trial_id
mock,scale1,self,self,without_guess,intercept,25.46153846153846,0.8716110970357831,29.21204026443592,7.563986269564724e-56,on_on_p1,41
mock,scale1,self,self,without_guess,conditionAC,11.111990950226245,1.157867642905233,9.59694401887325,1.8087466986281363e-16,on_on_p1,41
mock,scale1,self,self,with_guess,intercept,20.590909090909083,0.9930916884704842,20.734147037946002,8.043402059752591e-41,on_on_p1,41
mock,scale1,self,self,with_guess,conditionAC,8.284090909090914,1.5304570776598898,5.41282145707576,3.39113748597789e-07,on_on_p1,41
mock,scale1,self,self,with_guess,guessAC,8.442424242424249,1.3074659624489426,6.457089121166265,2.589547193834145e-09,on_on_p1,41
mock,scale1,self,self,with_guess,conditionAC:guessAC,1.6248834498834455,1.8662225557972734,0.8706804259952132,0.3857269527292986,on_on_p1,41
