study,scale,guesser,respondent,model_type,component,est,se,t,p,model_name,trial_id
mock,scale1,self,self,without_guess,intercept,21.961538461538463,0.6952578151972678,31.587618264035253,2.103202310575667e-59,off_on_m2,24
mock,scale1,self,self,without_guess,conditionAC,2.332579185520362,0.9235960056401776,2.525540573233172,0.012878032533295256,off_on_m2,24
mock,scale1,self,self,with_guess,intercept,19.346153846153843,0.8651626225729159,22.361291786531556,7.161291497893957e-44,off_on_m2,24
mock,scale1,self,self,with_guess,conditionAC,0.8413461538461556,1.4017236547123935,0.6002225552930286,0.54952872902875,off_on_m2,24
mock,scale1,self,self,with_guess,guessAC,5.230769230769232,1.223524714500893,4.275164341819607,3.939293039232153e-05,off_on_m2,24
mock,scale1,self,self,with_guess,conditionAC:guessAC,0.13942307692307598,1.7571535930094837,0.079345981750113,0.9368941528689159,off_on_m2,24
