study,scale,guesser,respondent,model_type,component,est,se,t,p,model_name,trial_id
mock,scale1,self,self,without_guess,intercept,21.980769230769234,0.6746414223476418,32.58141066150334,7.895425151233432e-61,on_on_m3,14
mock,scale1,self,self,without_guess,conditionAC,8.960407239819004,0.896208729049521,9.998125380146668,2.02623427152724e-17,on_on_m3,14
mock,scale1,self,self,with_guess,intercept,20.76666666666667,0.8119408107282337,25.576577002011938,1.6611115603542493e-49,on_on_m3,14
mock,scale1,self,self,with_guess,conditionAC,4.01111111111111,1.6901895792719308,2.3731723117349617,0.019280010092127358,on_on_m3,14
mock,scale1,self,self,with_guess,guessAC,2.8696969696969696,1.2482877321018786,2.2989066510050105,0.023300381898304492,on_on_m3,14
mock,scale1,self,self,with_guess,conditionAC:guessAC,4.233881184728642,2.022603763067352,2.0932825608451395,0.03850313021730748,on_on_m3,14
