study,scale,guesser,respondent,model_type,component,est,se,t,p,model_name,trial_id
mock,scale1,self,self,without_guess,intercept,20.730769230769226,0.6385283179381399,32.46648370695692,1.149316505537347e-60,on_off_m2,9
mock,scale1,self,self,without_guess,conditionAC,7.622171945701357,0.8482352748073432,8.985917200192548,4.97586765456771e-15,on_off_m2,9
mock,scale1,self,self,with_guess,intercept,20.39130434782608,0.9674236029323637,21.077947949603328,1.7752718226396596e-41,on_off_m2,9
mock,scale1,self,self,with_guess,conditionAC,7.942028985507247,1.8241914397690577,4.353725608159145,2.9002268065869694e-05,on_off_m2,9
mock,scale1,self,self,with_guess,guessAC,0.6086956521739144,1.2954461118239389,0.4698733869499937,0.6393276042879967,on_off_m2,9
mock,scale1,self,self,with_guess,conditionAC:guessAC,-0.5860967821174174,2.105894647943706,-0.278312489511149,0.7812679784459393,on_off_m2,9
