study,scale,guesser,respondent,model_type,component,est,se,t,p,model_name,trial_id
mock,scale1,self,self,without_guess,intercept,24.0,0.7596602219989482,31.59307188264654,2.0651981839213206e-59,off_on_m1,31
mock,scale1,self,self,without_guess,conditionAC,1.98529411764706,1.009149600832443,1.9672941613507053,0.05149583681474783,off_on_m1,31
mock,scale1,self,self,with_guess,intercept,19.999999999999996,0.9404125200007662,21.26726258385384,7.7737104230466e-42,off_on_m1,31
mock,scale1,self,self,with_guess,conditionAC,0.40000000000000285,1.7340350072683806,0.23067585044325115,0.817972979644237,off_on_m1,31
mock,scale1,self,self,with_guess,guessAC,7.428571428571429,1.2815662404743264,5.79647871016172,5.9407957210587394e-08,off_on_m1,31
mock,scale1,self,self,with_guess,conditionAC:guessAC,-0.8802955665024648,2.0324522863072847,-0.4331199174677076,0.6657319403425065,off_on_m1,31
