study,scale,guesser,respondent,model_type,component,est,se,t,p,model_name,trial_id
mock,scale1,self,self,without_guess,intercept,25.384615384615376,0.7800894698438495,32.54064612575352,9.019064022909341e-61,off_on_p1,24
mock,scale1,self,self,without_guess,conditionAC,1.835972850678735,1.0362882698201918,1.771681591066642,0.07902871725075365,off_on_p1,24
mock,scale1,self,self,with_guess,intercept,19.64999999999999,0.9201364718885312,21.35552779433839,5.297470016917665e-42,off_on_p1,24
mock,scale1,self,self,with_guess,conditionAC,-0.6499999999999966,1.651695515391675,-0.39353500323929785,0.6946467686769249,off_on_p1,24
mock,scale1,self,self,with_guess,guessAC,9.318750000000007,1.17294845633201,7.944722506512493,1.3968342787184974e-12,off_on_p1,24
mock,scale1,self,self,with_guess,conditionAC:guessAC,0.15582627118643672,1.8826192955233845,0.08277099441027223,0.934176293119716,off_on_p1,24
