study,scale,guesser,respondent,model_type,component,est,se,t,p,model_name,trial_id
mock,scale1,self,self,without_guess,intercept,23.096153846153843,0.7665450613215613,30.130197181539387,3.0113813123438775e-57,on_on_m3,32
mock,scale1,self,self,without_guess,conditionAC,8.374434389140273,1.01829557511543,8.22397209002011,2.9410740484270836e-13,on_on_m3,32
mock,scale1,self,self,with_guess,intercept,21.06666666666667,0.9204440315717235,22.887504230641643,7.905109940347202e-45,on_on_m3,32
mock,scale1,self,self,with_guess,conditionAC,4.058333333333334,2.006061258403152,2.0230355959138624,0.04536872143984941,on_on_m3,32
mock,scale1,self,self,with_guess,guessAC,4.796969696969697,1.4151019107745697,3.3898404492606677,0.0009564083221687726,on_on_m3,32
mock,scale1,self,self,with_guess,conditionAC:guessAC,2.394696969696969,2.3671051059714006,1.0116563745547098,0.3138079178146631,on_on_m3,32
