study,scale,guesser,respondent,model_type,component,est,se,t,p,model_name,trial_id
mock,scale1,self,self,without_guess,intercept,24.269230769230763,0.8221441580016184,29.519434679462854,2.548828038287257e-56,on_on_p2,44
mock,scale1,self,self,without_guess,conditionAC,17.89253393665158,1.092154656579092,16.382784094603945,3.5380953174943874e-32,on_on_p2,44
mock,scale1,self,self,with_guess,intercept,20.107142857142858,0.8502295472474941,23.649075619915912,3.4473540137854578e-46,on_on_p2,44
mock,scale1,self,self,with_guess,conditionAC,13.559523809523807,1.7239148107164928,7.865541687578055,2.1111085484295344e-12,on_on_p2,44
mock,scale1,self,self,with_guess,guessAC,9.017857142857142,1.2515040071293437,7.20561587616646,6.284520757616723e-11,on_on_p2,44
mock,scale1,self,self,with_guess,conditionAC:guessAC,0.7731033091202576,2.039196127508307,0.37912160517140264,0.7052906435163614,on_on_p2,44
