study,scale,guesser,respondent,model_type,component,est,se,t,p,model_name,trial_id
mock,scale1,self,self,without_guess,intercept,20.84615384615384,0.5733777547567283,36.356753768723394,6.085466651690884e-66,on_off_p1,0
mock,scale1,self,self,without_guess,conditionAC,9.845022624434392,0.7616878119751752,12.925272624363929,2.388617906316178e-24,on_off_p1,0
mock,scale1,self,self,with_guess,intercept,20.75757575757575,0.7160176533322863,28.990312823953055,5.712227888455692e-55,on_off_p1,0
mock,scale1,self,self,with_guess,conditionAC,7.492424242424247,1.6209539041573038,4.622231528736398,9.91964237904123e-06,on_off_p1,0
mock,scale1,self,self,with_guess,guessAC,0.24242424242424518,1.1845369193762167,0.20465739687700663,0.8381984711403674,on_off_p1,0
mock,scale1,self,self,with_guess,conditionAC:guessAC,2.5242424242424213,1.9493364760401268,1.2949239165575743,0.19791793607864272,on_off_p1,0
