study,scale,guesser,respondent,model_type,component,est,se,t,p,model_name,trial_id
mock,scale1,self,self,without_guess,intercept,23.61538461538461,0.6670195423517364,35.40433692860473,1.0749192178355505e-64,on_on_m1,29
mock,scale1,self,self,without_guess,conditionAC,11.105203619909505,0.8860836534792599,12.532906544776292,1.9843233482981522e-23,on_on_m1,29
mock,scale1,self,self,with_guess,intercept,20.09090909090909,0.8596519979451982,23.37097934854083,1.0737539989831827e-45,on_on_m1,29
mock,scale1,self,self,with_guess,conditionAC,9.009090909090911,1.5377922435191782,5.85845776440773,4.458315431298038e-08,on_on_m1,29
mock,scale1,self,self,with_guess,guessAC,6.109090909090908,1.1317844464045985,5.397751248921993,3.6266148379536815e-07,on_on_m1,29
mock,scale1,self,self,with_guess,conditionAC:guessAC,0.48056426332288277,1.7852311882247591,0.2691888123469083,0.7882626081747626,on_on_m1,29
