study,scale,guesser,respondent,model_type,component,est,se,t,p,model_name,trial_id
mock,scale1,self,self,without_guess,intercept,23.307692307692307,0.7417068247266138,31.424400491775582,3.634079144141442e-59,off_on_m2,19
mock,scale1,self,self,without_guess,conditionAC,0.5011312217194586,0.9852999070268514,0.5086078037210265,0.6119767714250186,off_on_m2,19
mock,scale1,self,self,with_guess,intercept,20.159999999999997,0.8957949258351473,22.505150920792367,3.907815157878606e-44,off_on_m2,19
mock,scale1,self,self,with_guess,conditionAC,-2.31384615384615,1.531541326893519,-1.5107957671239653,0.13355983801620247,off_on_m2,19
mock,scale1,self,self,with_guess,guessAC,6.062222222222224,1.243163893070208,4.876446505577409,3.4655786390510757e-06,off_on_m2,19
mock,scale1,self,self,with_guess,conditionAC:guessAC,1.3098057498057474,1.8583261533939288,0.7048309293896561,0.4823282367672068,off_on_m2,19
