study,scale,guesser,respondent,model_type,component,est,se,t,p,model_name,trial_id
mock,scale1,self,self,without_guess,intercept,22.230769230769226,0.7955492702240662,27.943925112907134,7.382716073919239e-54,on_on_m1,23
mock,scale1,self,self,without_guess,conditionAC,12.004524886877826,1.0568254138364892,11.359042590865583,1.1800202430447403e-20,on_on_m1,23
mock,scale1,self,self,with_guess,intercept,18.14285714285714,0.9078464698825757,19.984499301080948,2.2815896058936902e-39,on_on_m1,23
mock,scale1,self,self,with_guess,conditionAC,11.482142857142858,1.9258331853907147,5.962168968862872,2.7485216586405476e-08,on_on_m1,23
mock,scale1,self,self,with_guess,guessAC,8.857142857142858,1.3363138208904688,6.628041047454552,1.1235749354820673e-09,on_on_m1,23
mock,scale1,self,self,with_guess,conditionAC:guessAC,-3.632142857142858,2.2483333024679926,-1.6154823900690611,0.10892294326359209,on_on_m1,23
