study,scale,guesser,respondent,model_type,component,est,se,t,p,model_name,trial_id
mock,scale1,self,self,without_guess,intercept,24.269230769230763,0.812514479077883,29.869290202401984,7.46836768404757e-57,off_on_0,6
mock,scale1,self,self,without_guess,conditionAC,1.6572398190045263,1.0793623760823443,1.5353877953571506,0.12736561277131983,off_on_0,6
mock,scale1,self,self,with_guess,intercept,19.629629629629626,0.8435781735951956,23.269484967790568,1.6290736376969523e-45,off_on_0,6
mock,scale1,self,self,with_guess,conditionAC,-0.5387205387205353,1.5679087731090573,-0.3435917624545775,0.7317752970883316,off_on_0,6
mock,scale1,self,self,with_guess,guessAC,9.650370370370368,1.2166257439038963,7.932078059933499,1.492177178144438e-12,off_on_0,6
mock,scale1,self,self,with_guess,conditionAC:guessAC,-1.4956654261917435,1.8878498624410769,-0.7922586726561927,0.4298271019026981,off_on_0,6
