study,scale,guesser,respondent,model_type,component,est,se,t,p,model_name,trial_id
mock,scale1,self,self,without_guess,intercept,20.192307692307697,0.6146406030402045,32.852218991765646,3.2730769341485296e-61,on_off_0,15
mock,scale1,self,self,without_guess,conditionAC,10.807692307692307,0.8165023009646188,13.236572995476019,4.490040039724219e-25,on_off_0,15
mock,scale1,self,self,with_guess,intercept,20.310344827586214,0.8231059510978692,24.675249644952775,5.616839608890281e-48,on_off_0,15
mock,scale1,self,self,with_guess,conditionAC,9.151193633952252,1.4794786785261314,6.185417719617795,9.571313769681749e-09,on_off_0,15
mock,scale1,self,self,with_guess,guessAC,-0.26686656671664266,1.2376376014864465,-0.21562577477940753,0.8296581447560563,on_off_0,15
mock,scale1,self,self,with_guess,conditionAC:guessAC,2.168964468814545,1.8439982795811807,1.1762291173651054,0.241911558844476,on_off_0,15
