study,scale,guesser,respondent,model_type,component,est,se,t,p,model_name,trial_id
mock,scale1,self,self,without_guess,intercept,22.249999999999993,0.8524612143328671,26.100894241168213,7.615356856609737e-51,on_on_0,21
mock,scale1,self,self,without_guess,conditionAC,14.088235294117649,1.1324285111381593,12.440728183325337,3.2680803742768636e-23,on_on_0,21
mock,scale1,self,self,with_guess,intercept,18.94117647058823,0.8464425638520275,22.377391307438394,6.691128646295814e-44,on_on_0,21
mock,scale1,self,self,with_guess,conditionAC,10.877005347593585,1.7120143803962131,6.3533376075242485,4.278778788614861e-09,on_on_0,21
mock,scale1,self,self,with_guess,guessAC,9.558823529411766,1.4386757167389983,6.644182158769215,1.0379124488510105e-09,on_on_0,21
mock,scale1,self,self,with_guess,conditionAC:guessAC,-1.78051411952341,2.1706407207845952,-0.8202712233647902,0.41374387863293993,on_on_0,21
