study,scale,guesser,respondent,model_type,component,est,se,t,p,model_name,trial_id
mock,scale1,self,self,without_guess,intercept,21.692307692307693,0.6083362786794384,35.658415341259655,4.965716632100148e-65,off_on_m3,3
mock,scale1,self,self,without_guess,conditionAC,3.0871040723981897,0.8081274957188677,3.8200705813778364,0.00021432927955014174,off_on_m3,3
mock,scale1,self,self,with_guess,intercept,19.40740740740741,0.7734201463811052,25.09296854784068,1.0867018248447964e-48,off_on_m3,3
mock,scale1,self,self,with_guess,conditionAC,2.3925925925925933,1.4877033556674628,1.6082457456843935,0.11049977978167207,off_on_m3,3
mock,scale1,self,self,with_guess,guessAC,4.752592592592594,1.1154423981015755,4.260724355360041,4.165749785910827e-05,off_on_m3,3
mock,scale1,self,self,with_guess,conditionAC:guessAC,-1.2594891443167318,1.7713714472186295,-0.7110248651090969,0.4784960841503314,off_on_m3,3
