study,scale,guesser,respondent,model_type,component,est,se,t,p,model_name,trial_id
mock,scale1,self,self,without_guess,intercept,22.980769230769226,0.6179179093753869,37.19065086493284,5.183928116797643e-67,off_on_m2,3
mock,scale1,self,self,without_guess,conditionAC,1.8427601809954763,0.8208559478769875,2.244925173243223,0.026636118356334223,off_on_m2,3
mock,scale1,self,self,with_guess,intercept,20.407407407407405,0.7448371723538565,27.398481392806044,1.7468605003399435e-52,off_on_m2,3
mock,scale1,self,self,with_guess,conditionAC,-0.6574074074074046,1.5579387209628586,-0.4219725709115854,0.6738260573803416,off_on_m2,3
mock,scale1,self,self,with_guess,guessAC,5.352592592592594,1.0742194467173753,4.982773872646944,2.2103698014294894e-06,off_on_m2,3
mock,scale1,self,self,with_guess,conditionAC:guessAC,0.39740740740740516,1.80996965462273,0.21956578464860546,0.8265952424464629,off_on_m2,3
