study,scale,guesser,respondent,model_type,component,est,se,t,p,model_name,trial_id
mock,scale1,self,self,without_guess,intercept,24.92307692307692,0.8160880967885322,30.5396893070174,7.327439121242683e-58,on_on_0,33
mock,scale1,self,self,without_guess,conditionAC,11.753393665158372,1.0841096496420155,10.841517432336726,2.0037530839315799e-19,on_on_0,33
mock,scale1,self,self,with_guess,intercept,20.84615384615384,0.9166295309303656,22.742180065915285,1.448159032186052e-44,on_on_0,33
mock,scale1,self,self,with_guess,conditionAC,9.582417582417586,1.5493866961512057,6.184652034395958,9.606300826827965e-09,on_on_0,33
mock,scale1,self,self,with_guess,guessAC,8.153846153846159,1.296309914313412,6.290043811139736,5.80238141841289e-09,on_on_0,33
mock,scale1,self,self,with_guess,conditionAC:guessAC,-0.28612128612128995,1.9092810795788921,-0.14985812680047947,0.881136798378839,on_on_0,33
