study,scale,guesser,respondent,model_type,component,est,se,t,p,model_name,trial_id
mock,scale1,self,self,without_guess,intercept,20.346153846153847,0.6538839353344436,31.115849077630806,1.0281692096632414e-58,on_off_p1,14
mock,scale1,self,self,without_guess,conditionAC,10.71266968325792,0.8686340198215805,12.332777025539855,5.866097925785227e-23,on_off_p1,14
mock,scale1,self,self,with_guess,intercept,19.78787878787879,0.8215617002783303,24.085688002708757,5.895178333166226e-47,on_off_p1,14
mock,scale1,self,self,with_guess,conditionAC,12.212121212121213,1.643123400556661,7.432260539886391,1.9802463767571676e-11,on_off_p1,14
mock,scale1,self,self,with_guess,guessAC,1.5279106858054226,1.3591426985020936,1.1241723827007477,0.26326085416750356,on_off_p1,14
mock,scale1,self,self,with_guess,conditionAC:guessAC,-2.650717703349282,2.0646859743860957,-1.283835767876243,0.20175792291709818,on_off_p1,14
