study,scale,guesser,respondent,model_type,component,est,se,t,p,model_name,trial_id
mock,scale1,self,self,without_guess,intercept,20.34615384615384,0.6168010567674689,32.98657423316355,2.1191802947860008e-61,on_off_m3,4
mock,scale1,self,self,without_guess,conditionAC,7.580316742081447,0.8193722959351978,9.251370567062663,1.1832336004423173e-15,on_off_m3,4
mock,scale1,self,self,with_guess,intercept,20.679999999999993,0.8961428679478309,23.07667754736166,3.608034719753857e-45,on_off_m3,4
mock,scale1,self,self,with_guess,conditionAC,7.153333333333336,1.5735751616311302,4.545911442779996,1.3511266046774863e-05,on_off_m3,4
mock,scale1,self,self,with_guess,guessAC,-0.6429629629629596,1.2436467592473786,-0.5169980608899455,0.6061418694366612,on_off_m3,4
mock,scale1,self,self,with_guess,conditionAC:guessAC,0.7560582010581968,1.8916231957727763,0.39968752907437666,0.6901216656680136,on_off_m3,4
