study,scale,guesser,respondent,model_type,component,est,se,t,p,model_name,trial_id
mock,scale1,self,self,without_guess,intercept,22.230769230769234,0.702070340922249,31.664589621556438,1.6263320164336736e-59,on_on_m3,29
mock,scale1,self,self,without_guess,conditionAC,8.107466063348417,0.9326459169254299,8.692973309823275,2.408421499997623e-14,on_on_m3,29
mock,scale1,self,self,with_guess,intercept,18.959999999999994,0.8988484285581657,21.093656502702633,1.657426413355472e-41,on_on_m3,29
mock,scale1,self,self,with_guess,conditionAC,7.373333333333336,1.7470473158933193,4.2204542866448485,4.865320066097781e-05,on_on_m3,29
mock,scale1,self,self,with_guess,guessAC,6.299259259259261,1.2474014749353979,5.049905251703744,1.659185938092689e-06,on_on_m3,29
mock,scale1,self,self,with_guess,conditionAC:guessAC,-1.683440050219714,2.0353375272458174,-0.8271060832341234,0.40987513551091814,on_on_m3,29
