study,scale,guesser,respondent,model_type,component,est,se,t,p,model_name,trial_id
mock,scale1,self,self,without_guess,intercept,19.36538461538462,0.6283738660071538,30.81825273612533,2.825144167455448e-58,on_off_m1,3
mock,scale1,self,self,without_guess,conditionAC,11.19343891402715,0.8347458741304691,13.409397112249323,1.781360186959393e-25,on_off_m1,3
mock,scale1,self,self,with_guess,intercept,20.047619047619058,0.9921967765036216,20.205285405445863,8.456761515549735e-40,on_off_m1,3
mock,scale1,self,self,with_guess,conditionAC,11.352380952380951,1.7469426934627685,6.498427793231385,2.117887043405167e-09,on_off_m1,3
mock,scale1,self,self,with_guess,guessAC,-1.1443932411674347,1.2850458891243512,-0.8905465951470735,0.37501578345361164,on_off_m1,3
mock,scale1,self,self,with_guess,conditionAC:guessAC,0.15818634461571085,2.018697022829371,0.07836061718365225,0.9376762113436252,on_off_m1,3
