study,scale,guesser,respondent,model_type,component,est,se,t,p,model_name,trial_id
mock,scale1,self,self,without_guess,intercept,23.38461538461538,0.7719065356864164,30.294620272674145,1.7042363446896398e-57,on_on_0,34
mock,scale1,self,self,without_guess,conditionAC,14.674208144796383,1.0254178773743658,14.310466463068142,1.5018318264723244e-27,on_on_0,34
mock,scale1,self,self,with_guess,intercept,19.935483870967737,0.7619385310068222,26.164162934016577,1.7528910234862893e-50,on_on_0,34
mock,scale1,self,self,with_guess,conditionAC,10.175627240143374,1.6063074633495908,6.334794223594283,4.678826569456879e-09,on_on_0,34
mock,scale1,self,self,with_guess,guessAC,8.540706605222736,1.198980060633032,7.123309957893255,9.529931970757298e-11,on_on_0,34
mock,scale1,self,self,with_guess,conditionAC:guessAC,0.6193687243441204,1.934492554681467,0.32017115953496417,0.7494145749435102,on_on_0,34
