study,scale,guesser,respondent,model_type,component,est,se,t,p,model_name,trial_id
mock,scale1,self,self,without_guess,intercept,23.711538461538456,0.7808154907662656,30.36765886684544,1.324456879393806e-57,on_on_m2=,42
mock,scale1,self,self,without_guess,conditionAC,8.18552036199095,1.0372527322243497,7.891538973763326,1.6979427577708369e-12,on_on_m2=,42
mock,scale1,self,self,with_guess,intercept,20.10714285714285,0.8933372745399419,22.50789643530523,3.862993220145364e-44,on_on_m2=,42
mock,scale1,self,self,with_guess,conditionAC,5.892857142857145,1.8113195001634312,3.2533504676151535,0.0014942716151123833,on_on_m2=,42
mock,scale1,self,self,with_guess,guessAC,7.80952380952381,1.3149568636189726,5.938996194925167,3.06331774676542e-08,on_on_m2=,42
mock,scale1,self,self,with_guess,conditionAC:guessAC,-1.012913640032286,2.142585983630133,-0.4727528546210922,0.637277808264525,on_on_m2=,42
