study,scale,guesser,respondent,model_type,component,est,se,t,p,model_name,trial_id
mock,scale1,self,self,without_guess,intercept,26.3076923076923,0.8127880723858214,32.36722240579871,1.5909219934844874e-60,on_on_p3,7
mock,scale1,self,self,without_guess,conditionAC,16.001131221719458,1.079725823541486,14.819624457286727,1.047643177304682e-28,on_on_p3,7
mock,scale1,self,self,with_guess,intercept,20.874999999999993,0.8425537500667806,24.775867413023143,3.7748775221058154e-48,on_on_p3,7
mock,scale1,self,self,with_guess,conditionAC,11.553571428571432,1.773084538887748,6.516086049579431,1.9432583927530017e-09,on_on_p3,7
mock,scale1,self,self,with_guess,guessAC,10.089285714285715,1.1482072164136536,8.786990335942066,1.626577409102938e-14,on_on_p3,7
mock,scale1,self,self,with_guess,conditionAC:guessAC,0.9247658079625243,2.0078883035891146,0.46056636034459625,0.6459720042019921,on_on_p3,7
