study,scale,guesser,respondent,model_type,component,est,se,t,p,model_name,trial_id
mock,scale1,self,self,without_guess,intercept,22.86538461538461,0.6756304754205218,33.84303320709871,1.3712683077788386e-62,on_on_m1,11
mock,scale1,self,self,without_guess,conditionAC,11.811085972850682,0.8975226092354186,13.159652861460847,6.781078087617191e-25,on_on_m1,11
mock,scale1,self,self,with_guess,intercept,19.99999999999999,0.8838122581548021,22.629240334090202,2.3220849164856804e-44,on_on_m1,11
mock,scale1,self,self,with_guess,conditionAC,9.66666666666667,1.6923716282495007,5.711905414454009,8.767878281729602e-08,on_on_m1,11
mock,scale1,self,self,with_guess,guessAC,5.321428571428575,1.2044330853524279,4.418201921007075,2.2497906641062324e-05,on_on_m1,11
mock,scale1,self,self,with_guess,conditionAC:guessAC,0.452582728006455,1.9624989368809231,0.23061552773412583,0.8180197355357877,on_on_m1,11
