study,scale,guesser,respondent,model_type,component,est,se,t,p,model_name,trial_id
mock,scale1,self,self,without_guess,intercept,23.557692307692307,0.8080979254972247,29.152026709135775,9.36313958929722e-56,off_on_0,47
mock,scale1,self,self,without_guess,conditionAC,3.7364253393665154,1.0734953276916197,3.4806163035670603,0.0007019891699718375,off_on_0,47
mock,scale1,self,self,with_guess,intercept,18.80769230769231,0.9426656378096191,19.95160484622514,2.6465667497253077e-39,off_on_0,47
mock,scale1,self,self,with_guess,conditionAC,4.049450549450551,2.0467538987846634,1.978474574718076,0.050245276652267794,off_on_0,47
mock,scale1,self,self,with_guess,guessAC,9.499999999999996,1.3331305297734473,7.126083896386673,9.397399480985196e-11,off_on_0,47
mock,scale1,self,self,with_guess,conditionAC:guessAC,-4.553864168618266,2.335931389217803,-1.949485412815634,0.05365107517605525,off_on_0,47
