study,scale,guesser,respondent,model_type,component,est,se,t,p,model_name,trial_id
mock,scale1,self,self,without_guess,intercept,23.788461538461537,0.610233311961371,38.98256793291448,3.0421344982410337e-69,on_on_m1,7
mock,scale1,self,self,without_guess,conditionAC,11.108597285067873,0.8106475570881344,13.703362438999042,3.719080393524702e-26,on_on_m1,7
mock,scale1,self,self,with_guess,intercept,21.230769230769234,0.7501135619381444,28.303406721394484,6.553540854141303e-54,on_on_m1,7
mock,scale1,self,self,with_guess,conditionAC,9.069230769230769,1.4232404157037948,6.372240887177181,3.9056921352057025e-09,on_on_m1,7
mock,scale1,self,self,with_guess,guessAC,5.115384615384617,1.0608207726129146,4.822100723748913,4.3515310871376e-06,on_on_m1,7
mock,scale1,self,self,with_guess,conditionAC:guessAC,0.27427055702917613,1.6853827979140883,0.1627348738628558,0.8710103409706087,on_on_m1,7
