study,scale,guesser,respondent,model_type,component,est,se,t,p,model_name,trial_id
mock,scale1,self,self,without_guess,intercept,23.461538461538467,0.8189767112857749,28.647381712117777,5.7074173013696e-55,on_on_p2,19
mock,scale1,self,self,without_guess,conditionAC,16.96493212669683,1.087946949638033,15.593528831843477,1.9325703699706437e-30,on_on_p2,19
mock,scale1,self,self,with_guess,intercept,18.933333333333334,0.7882838833987343,24.018419927223558,7.727847349718797e-47,on_on_p2,19
mock,scale1,self,self,with_guess,conditionAC,13.495238095238097,1.8123183570289592,7.446394858219965,1.8419238757690038e-11,on_on_p2,19
mock,scale1,self,self,with_guess,guessAC,10.703030303030303,1.2119172827114193,8.831485824745764,1.2823790532813316e-14,on_on_p2,19
mock,scale1,self,self,with_guess,conditionAC:guessAC,-1.7873394365197632,2.1065261009899747,-0.8484772325772713,0.39791972783898255,on_on_p2,19
