study,scale,guesser,respondent,model_type,component,est,se,t,p,model_name,trial_id
mock,scale1,self,self,without_guess,intercept,24.115384615384613,0.8036379457570182,30.00777245861404,4.608166235952647e-57,off_on_0,15
mock,scale1,self,self,without_guess,conditionAC,2.2375565610859742,1.0675705910209186,2.09593312133692,0.03822554210008137,off_on_0,15
mock,scale1,self,self,with_guess,intercept,20.44,0.9437295834656686,21.658746698326404,1.4289373222033341e-42,off_on_0,15
mock,scale1,self,self,with_guess,conditionAC,-0.824615384615381,1.613495250759734,-0.5110739459735631,0.6102706405860286,off_on_0,15
mock,scale1,self,self,with_guess,guessAC,7.0785185185185195,1.3096865243938793,5.4047425751703795,3.5154498289485707e-07,off_on_0,15
mock,scale1,self,self,with_guess,conditionAC:guessAC,1.2515514115514093,1.9577665781604952,0.6392750931152165,0.5239043888389483,off_on_0,15
