study,scale,guesser,respondent,model_type,component,est,se,t,p,model_name,trial_id
mock,scale1,self,self,without_guess,intercept,21.3076923076923,0.7123413418080577,29.91219385584069,6.429523035174059e-57,on_on_m2=,43
mock,scale1,self,self,without_guess,conditionAC,11.50113122171946,0.9462901438362314,12.153916319041667,1.5486712300702618e-22,on_on_m2=,43
mock,scale1,self,self,with_guess,intercept,20.314285714285717,0.8161663722597438,24.88988324530078,2.409415508668308e-48,on_on_m2=,43
mock,scale1,self,self,with_guess,conditionAC,7.685714285714285,1.6690189598452196,4.60492928518142,1.0642421858451216e-05,on_on_m2=,43
mock,scale1,self,self,with_guess,guessAC,3.0386554621848747,1.4274335763838701,2.1287543690002915,0.035389928250868646,on_on_m2=,43
mock,scale1,self,self,with_guess,conditionAC:guessAC,2.6981866430782833,2.1368409025908117,1.2626988934023438,0.20922984513945417,on_on_m2=,43
