study,scale,guesser,respondent,model_type,component,est,se,t,p,model_name,trial_id
mock,scale1,self,self,without_guess,intercept,23.442307692307686,0.738818908266077,31.729436577799675,1.3100694883457542e-59,off_on_m2,18
mock,scale1,self,self,without_guess,conditionAC,0.41063348416289797,0.98146353431838,0.4183889363226116,0.6764232523602549,off_on_m2,18
mock,scale1,self,self,with_guess,intercept,19.34615384615384,0.8601820902285162,22.490765694754625,4.151363421691297e-44,off_on_m2,18
mock,scale1,self,self,with_guess,conditionAC,0.403846153846159,1.5307052480609544,0.26383012298268244,0.7923789422038935,off_on_m2,18
mock,scale1,self,self,with_guess,guessAC,8.192307692307695,1.2164811781116054,6.734430289357174,6.652243535581519e-10,off_on_m2,18
mock,scale1,self,self,with_guess,conditionAC:guessAC,-3.2101648351648397,1.8510815558816227,-1.7342103728303426,0.08553731638046974,off_on_m2,18
