study,scale,guesser,respondent,model_type,component,est,se,t,p,model_name,trial_id
mock,scale1,self,self,without_guess,intercept,23.49999999999999,0.8113046641502427,28.96569074284048,1.8200326904904197e-55,on_on_m1,12
mock,scale1,self,self,without_guess,conditionAC,11.367647058823533,1.077755230919344,10.54752204647314,1.0025058732389573e-18,on_on_m1,12
mock,scale1,self,self,with_guess,intercept,19.46153846153845,0.9669518473071507,20.126688330692566,1.2032155460655062e-39,on_on_m1,12
mock,scale1,self,self,with_guess,conditionAC,9.427350427350433,1.906854758361554,4.943926843935817,2.6068009441379357e-06,on_on_m1,12
mock,scale1,self,self,with_guess,guessAC,8.076923076923078,1.3674764166234905,5.906444146851354,3.5661175305237994e-08,on_on_m1,12
mock,scale1,self,self,with_guess,conditionAC:guessAC,-1.186150948862816,2.232290981258941,-0.5313603642271871,0.5961851082747635,on_on_m1,12
