study,scale,guesser,respondent,model_type,component,est,se,t,p,model_name,trial_id
mock,scale1,self,self,without_guess,intercept,20.269230769230777,0.6017358881112073,33.68459679686714,2.265837144878278e-62,on_off_m1,41
mock,scale1,self,self,without_guess,conditionAC,9.083710407239817,0.7993593895124617,11.363737670961838,1.150118701349947e-20,on_off_m1,41
mock,scale1,self,self,with_guess,intercept,20.653846153846164,0.8543154155956246,24.17590245570648,4.103721798249773e-47,on_off_m1,41
mock,scale1,self,self,with_guess,conditionAC,7.846153846153843,1.444056616741606,5.433411512533379,3.093424558833184e-07,on_off_m1,41
mock,scale1,self,self,with_guess,guessAC,-0.7692307692307707,1.2081844472797398,-0.6366832241241929,0.5255856240242304,on_off_m1,41
mock,scale1,self,self,with_guess,conditionAC:guessAC,1.8433048433048445,1.7794847361438733,1.0358643745937763,0.3024200160729897,on_off_m1,41
