study,scale,guesser,respondent,model_type,component,est,se,t,p,model_name,trial_id
mock,scale1,self,self,without_guess,intercept,25.403846153846146,0.7664575123841505,33.14449365213303,1.2736775133471645e-61,off_on_0,32
mock,scale1,self,self,without_guess,conditionAC,0.3020361990950245,1.0181792731521535,0.29664343702456136,0.7672602458579203,off_on_0,32
mock,scale1,self,self,with_guess,intercept,21.384615384615387,0.8479209412735919,25.220058078168616,6.6174915920955076e-49,off_on_0,32
mock,scale1,self,self,with_guess,conditionAC,-1.769230769230767,1.4686421510874874,-1.2046711092424403,0.2307823727745103,off_on_0,32
mock,scale1,self,self,with_guess,guessAC,8.03846153846154,1.1991412949692744,6.703514900358352,7.749369627782449e-10,off_on_0,32
mock,scale1,self,self,with_guess,conditionAC:guessAC,-0.5083916083916108,1.7932530165340832,-0.2835024414871509,0.7772970663802317,off_on_0,32
