study,scale,guesser,respondent,model_type,component,est,se,t,p,model_name,trial_id
mock,scale1,self,self,without_guess,intercept,20.34615384615384,0.6378290797048546,31.899069035185263,7.453166563957332e-60,on_off_m1,16
mock,scale1,self,self,without_guess,conditionAC,8.345022624434389,0.8473063911254388,9.848884313677926,4.5784719361832693e-17,on_off_m1,16
mock,scale1,self,self,with_guess,intercept,20.730769230769226,0.8876852610414627,23.353738245520915,1.1524487215185875e-45,on_off_m1,16
mock,scale1,self,self,with_guess,conditionAC,4.86923076923077,1.6842643621512927,2.8910133579097725,0.004585488557180087,on_off_m1,16
mock,scale1,self,self,with_guess,guessAC,-0.7692307692307676,1.2553765352835382,-0.6127490419095891,0.54124171059788,on_off_m1,16
mock,scale1,self,self,with_guess,conditionAC:guessAC,4.39336870026525,1.9944839619424561,2.2027596030336016,0.029588555964727987,on_off_m1,16
