study,scale,guesser,respondent,model_type,component,est,se,t,p,model_name,trial_id
mock,scale1,self,self,without_guess,intercept,22.423076923076923,0.6555563984641671,34.204649631381145,4.389523179105733e-63,off_on_m3,40
mock,scale1,self,self,without_guess,conditionAC,1.9739819004524894,0.8708557571863808,2.2667151065638733,0.025229094728384898,off_on_m3,40
mock,scale1,self,self,with_guess,intercept,19.821428571428573,0.7872241374614437,25.178888232958148,7.769512533549801e-49,off_on_m3,40
mock,scale1,self,self,with_guess,conditionAC,0.542207792207793,1.4822940409279204,0.36578963231098827,0.7151882651174948,off_on_m3,40
mock,scale1,self,self,with_guess,guessAC,5.636904761904764,1.1587625550434457,4.864590020941277,3.642513054716614e-06,off_on_m3,40
mock,scale1,self,self,with_guess,conditionAC:guessAC,-0.8251025290498994,1.795725258753752,-0.4594814964191835,0.6467483805337944,off_on_m3,40
