study,scale,guesser,respondent,model_type,component,est,se,t,p,model_name,trial_id
mock,scale1,self,self,without_guess,intercept,20.365384615384613,0.5644120472973898,36.08247682327385,1.3823154386432035e-65,on_off_m2,19
mock,scale1,self,self,without_guess,conditionAC,7.5610859728506785,0.7497775659970932,10.084438793251373,1.2640860909660782e-17,on_off_m2,19
mock,scale1,self,self,with_guess,intercept,20.28571428571428,0.7751680390134569,26.169441030530056,1.7181175698747056e-50,on_off_m2,19
mock,scale1,self,self,with_guess,conditionAC,8.114285714285716,1.5110806917866035,5.369855996698569,4.1053839132554193e-07,on_off_m2,19
mock,scale1,self,self,with_guess,guessAC,0.17261904761905084,1.1410164586311913,0.1512853266167006,0.8800134259666486,on_off_m2,19
mock,scale1,self,self,with_guess,conditionAC:guessAC,-0.7277914614121542,1.809552590274918,-0.40219414750559074,0.6882812815160845,on_off_m2,19
