study,scale,guesser,respondent,model_type,component,est,se,t,p,model_name,trial_id
mock,scale1,self,self,without_guess,intercept,24.673076923076913,0.8498144460243594,29.033487296554704,1.4285374142380578e-55,on_on_p3,46
mock,scale1,self,self,without_guess,conditionAC,18.503393665158374,1.128912485019274,16.39045888029351,3.404352808989415e-32,on_on_p3,46
mock,scale1,self,self,with_guess,intercept,20.433333333333326,0.846507284095753,24.138402252687527,4.770062958154457e-47,on_on_p3,46
mock,scale1,self,self,with_guess,conditionAC,14.191666666666665,1.8449198531722313,7.692294406320648,5.190474520884239e-12,on_on_p3,46
mock,scale1,self,self,with_guess,guessAC,10.021212121212129,1.3014306509902644,7.700150686928223,4.9836125097699504e-12,on_on_p3,46
mock,scale1,self,self,with_guess,conditionAC:guessAC,-0.3295454545454566,2.1769620375542624,-0.15137859496883505,0.8799400214042181,on_on_p3,46
