study,scale,guesser,respondent,model_type,component,est,se,t,p,model_name,trial_id
mock,scale1,self,self,without_guess,intercept,24.55769230769231,0.834277093750647,29.43589425101996,3.4225904045066386e-56,on_on_p1,17
mock,scale1,self,self,without_guess,conditionAC,14.471719457013577,1.1082723193360537,13.057909328352915,1.1707147079298823e-24,on_on_p1,17
mock,scale1,self,self,with_guess,intercept,19.72727272727273,1.0237617505065966,19.26939809727304,5.922935458598139e-38,on_on_p1,17
mock,scale1,self,self,with_guess,conditionAC,11.050505050505054,1.9000213968330368,5.815989793022373,5.428354039662609e-08,on_on_p1,17
mock,scale1,self,self,with_guess,guessAC,8.372727272727271,1.3478449754282724,6.21193640616338,8.434014236970104e-09,on_on_p1,17
mock,scale1,self,self,with_guess,conditionAC:guessAC,1.1376305427152893,2.1839166157167305,0.5209129938974044,0.6034203498012582,on_on_p1,17
