study,scale,guesser,respondent,model_type,component,est,se,t,p,model_name,trial_id
mock,scale1,self,self,without_guess,intercept,26.038461538461537,0.8848465796245341,29.427091812357354,3.530690163498025e-56,on_on_p3,49
mock,scale1,self,self,without_guess,conditionAC,17.358597285067876,1.1754499535020901,14.767619185615128,1.373342889631574e-28,on_on_p3,49
mock,scale1,self,self,with_guess,intercept,19.809523809523807,1.021728553322755,19.388245287949935,3.432007546391031e-38,on_on_p3,49
mock,scale1,self,self,with_guess,conditionAC,14.301587301587306,1.8654125876733103,7.666715340130397,5.924860444376029e-12,on_on_p3,49
mock,scale1,self,self,with_guess,guessAC,10.448540706605225,1.323294036365562,7.89585717117129,1.8025835750140829e-12,on_on_p3,49
mock,scale1,self,self,with_guess,conditionAC:guessAC,0.2539075043175643,2.1350667496939026,0.11892251347830984,0.9055424461362247,on_on_p3,49
