study,scale,guesser,respondent,model_type,component,est,se,t,p,model_name,trial_id
mock,scale1,self,self,without_guess,intercept,26.038461538461537,0.9320490407739629,27.93679345116808,7.578677285262569e-54,on_on_p2,27
mock,scale1,self,self,without_guess,conditionAC,15.152714932126694,1.2381547568441833,12.238142969097037,9.802106118765379e-23,on_on_p2,27
mock,scale1,self,self,with_guess,intercept,18.941176470588232,1.2154180904639287,15.58408305685028,3.195010227556739e-30,on_on_p2,27
mock,scale1,self,self,with_guess,conditionAC,9.058823529411761,2.379654950352418,3.806780276304421,0.00022652442123923612,on_on_p2,27
mock,scale1,self,self,with_guess,guessAC,10.544537815126052,1.4814716524996658,7.1176102474417275,9.808086467660045e-11,on_on_p2,27
mock,scale1,self,self,with_guess,conditionAC:guessAC,3.9232041203578207,2.604865599948802,1.5061061578128754,0.13475824552818913,on_on_p2,27
