study,scale,guesser,respondent,model_type,component,est,se,t,p,model_name,trial_id
mock,scale1,self,self,without_guess,intercept,21.980769230769226,0.6272338947024896,35.04397548731829,3.23971534380258e-64,off_on_m3,48
mock,scale1,self,self,without_guess,conditionAC,2.1368778280542986,0.8332315107957203,2.5645667504984546,0.011584936374645853,off_on_m3,48
mock,scale1,self,self,with_guess,intercept,19.037037037037035,0.7717175567027165,24.668399561072242,5.771110919424155e-48,off_on_m3,48
mock,scale1,self,self,with_guess,conditionAC,2.462962962962963,1.6141630786692671,1.5258451859730648,0.12977038611573968,off_on_m3,48
mock,scale1,self,self,with_guess,guessAC,6.122962962962962,1.1129868883469731,5.501379240915308,2.2810576899517035e-07,off_on_m3,48
mock,scale1,self,self,with_guess,conditionAC:guessAC,-3.1562962962962957,1.8752895416824462,-1.6830981169257595,0.09504568801489448,off_on_m3,48
