study,scale,guesser,respondent,model_type,component,est,se,t,p,model_name,trial_id
mock,scale1,self,self,without_guess,intercept,22.51923076923077,0.6591814764759487,34.16241440766945,5.011591872903903e-63,on_on_m1,21
mock,scale1,self,self,without_guess,conditionAC,11.216063348416288,0.8756713917590976,12.80853006501084,4.47934655459312e-24,on_on_m1,21
mock,scale1,self,self,with_guess,intercept,19.827586206896548,0.7415834210741861,26.73682507380791,2.0269714507731603e-51,on_on_m1,21
mock,scale1,self,self,with_guess,conditionAC,8.808777429467082,1.4141440975979955,6.229052219239392,7.771765526174059e-09,on_on_m1,21
mock,scale1,self,self,with_guess,guessAC,6.08545727136432,1.1150587908351053,5.457521452126049,2.7772087562415314e-07,on_on_m1,21
mock,scale1,self,self,with_guess,conditionAC:guessAC,-0.0025226621139194942,1.724242076404472,-0.0014630556511994834,0.9988351640027511,on_on_m1,21
