study,scale,guesser,respondent,model_type,component,est,se,t,p,model_name,trial_id
mock,scale1,self,self,without_guess,intercept,24.019230769230763,0.796294534808423,30.16375187732444,2.680565667803736e-57,on_on_0,35
mock,scale1,self,self,without_guess,conditionAC,13.921945701357467,1.0578154399508475,13.16103469051687,6.731012068046025e-25,on_on_0,35
mock,scale1,self,self,with_guess,intercept,20.461538461538456,0.9246181395021797,22.129717758463055,1.908439058425933e-43,on_on_0,35
mock,scale1,self,self,with_guess,conditionAC,9.538461538461542,1.8233715607320085,5.231222063501003,7.563402770989726e-07,on_on_0,35
mock,scale1,self,self,with_guess,guessAC,7.115384615384619,1.307607512900161,5.441529316089128,2.983210882616678e-07,on_on_0,35
mock,scale1,self,self,with_guess,conditionAC:guessAC,2.037157757496737,2.13455999868782,0.95436893727468,0.3418815004418545,on_on_0,35
