study,scale,guesser,respondent,model_type,component,est,se,t,p,model_name,trial_id
mock,scale1,self,self,without_guess,intercept,24.038461538461537,0.7213575012179129,33.32392260131198,7.159213098737119e-62,on_on_m1,4
mock,scale1,self,self,without_guess,conditionAC,10.446832579185521,0.9582674113118868,10.901792605973737,1.4404611760851327e-19,on_on_m1,4
mock,scale1,self,self,with_guess,intercept,20.357142857142847,0.7281437963720303,27.95758606826306,2.276618162510331e-53,on_on_m1,4
mock,scale1,self,self,with_guess,conditionAC,7.097402597402601,1.3710494367987494,5.176620482755356,9.597828015734924e-07,on_on_m1,4
mock,scale1,self,self,with_guess,guessAC,7.97619047619048,1.071798647642982,7.441873987927781,1.8850908363744095e-11,on_on_m1,4
mock,scale1,self,self,with_guess,conditionAC:guessAC,0.41136933242195994,1.6609579723591033,0.24766992257948647,0.8048276652413318,on_on_m1,4
