study,scale,guesser,respondent,model_type,component,est,se,t,p,model_name,trial_id
mock,scale1,self,self,without_guess,intercept,24.903846153846153,0.8064280521798796,30.881671447970874,2.2762303097540135e-58,on_on_p2,39
mock,scale1,self,self,without_guess,conditionAC,14.919683257918548,1.0712770306914092,13.927007515777023,1.1354628244595048e-26,on_on_p2,39
mock,scale1,self,self,with_guess,intercept,20.071428571428577,0.7897446335356019,25.415087002960625,3.101569388020037e-49,on_on_p2,39
mock,scale1,self,self,with_guess,conditionAC,12.48412698412698,1.6012763551248197,7.796360037523843,3.0256626466641674e-12,on_on_p2,39
mock,scale1,self,self,with_guess,guessAC,10.470238095238095,1.1624726248086925,9.006868524720035,5.013821197499149e-15,on_on_p2,39
mock,scale1,self,self,with_guess,conditionAC:guessAC,-2.093590260963144,1.8941287134043585,-1.1053051707348276,0.27131460818144887,on_on_p2,39
