study,scale,guesser,respondent,model_type,component,est,se,t,p,model_name,trial_id
mock,scale1,self,self,without_guess,intercept,25.211538461538463,0.8687674081440308,29.019894421912642,1.499568494401789e-55,off_on_p2,43
mock,scale1,self,self,without_guess,conditionAC,2.479638009049774,1.1540900230866615,2.148565501344409,0.03371227059368346,off_on_p2,43
mock,scale1,self,self,with_guess,intercept,20.999999999999996,0.8655450302597056,24.262169229599728,2.9047688590910574e-47,off_on_p2,43
mock,scale1,self,self,with_guess,conditionAC,-3.818181818181814,1.587428548945208,-2.40526215855124,0.017741847070608503,off_on_p2,43
mock,scale1,self,self,with_guess,guessAC,8.423076923076923,1.2240655206379067,6.8812304415594845,3.2101156362085893e-10,off_on_p2,43
mock,scale1,self,self,with_guess,conditionAC:guessAC,4.114403140718928,1.9002166831067537,2.165228406474201,0.032418062176349655,off_on_p2,43
