study,scale,guesser,respondent,model_type,component,est,se,t,p,model_name,trial_id
mock,scale1,self,self,without_guess,intercept,19.461538461538463,0.5961479704516621,32.6454830447443,6.407173591356165e-61,on_off_m3,21
mock,scale1,self,self,without_guess,conditionAC,7.479638009049773,0.7919362749247634,9.444747318539441,4.1406015217658344e-16,on_off_m3,21
mock,scale1,self,self,with_guess,intercept,19.14814814814815,0.832893362616293,22.989915645383213,5.167441636296167e-45,on_off_m3,21
mock,scale1,self,self,with_guess,conditionAC,8.25185185185185,1.6021023712341305,5.150639559627696,1.0744492398066719e-06,on_off_m3,21
mock,scale1,self,self,with_guess,guessAC,0.6518518518518523,1.2012158903626668,0.5426600306253421,0.5884049987556507,on_off_m3,21
mock,scale1,self,self,with_guess,conditionAC:guessAC,-1.1897828863346107,1.9075835146262465,-0.6237120824394026,0.5340412500744167,on_off_m3,21
