study,scale,guesser,respondent,model_type,component,est,se,t,p,model_name,trial_id
mock,scale1,self,self,without_guess,intercept,25.711538461538456,0.8478319113803567,30.326221644190593,1.528027610907498e-57,on_on_p2,28
mock,scale1,self,self,without_guess,conditionAC,14.288461538461542,1.1262788417315324,12.686433420425951,8.65509893920251e-24,on_on_p2,28
mock,scale1,self,self,with_guess,intercept,21.269230769230766,0.9006500803210775,23.615420943112987,3.953619882532757e-46,on_on_p2,28
mock,scale1,self,self,with_guess,conditionAC,10.276223776223777,1.6518119798833437,6.221182496175816,8.06964758835345e-09,on_on_p2,28
mock,scale1,self,self,with_guess,guessAC,8.884615384615385,1.2737115585424856,6.975374703187976,2.0054255478077126e-10,on_on_p2,28
mock,scale1,self,self,with_guess,conditionAC:guessAC,1.2015090172984881,1.9772862744692057,0.6076555695613819,0.5446037070402716,on_on_p2,28
