study,scale,guesser,respondent,model_type,component,est,se,t,p,model_name,trial_id
mock,scale1,self,self,without_guess,intercept,20.86538461538461,0.604848900435338,34.496854669598996,1.761108439137887e-63,on_off_p2,37
mock,scale1,self,self,without_guess,conditionAC,10.884615384615385,0.8034947845921417,13.546591207982107,8.566987187899863e-26,on_off_p2,37
mock,scale1,self,self,with_guess,intercept,19.961538461538453,0.8515124924249079,23.44244933470403,8.011822405532115e-46,on_off_p2,37
mock,scale1,self,self,with_guess,conditionAC,10.63846153846154,1.6156313592897502,6.584708496335654,1.3896098463858757e-09,on_off_p2,37
mock,scale1,self,self,with_guess,guessAC,1.8076923076923093,1.2042205153174226,1.501130635709039,0.13603890446608902,on_off_p2,37
mock,scale1,self,self,with_guess,conditionAC:guessAC,-0.4594164456233435,1.913209652194281,-0.2401286472166988,0.8106543630286511,on_off_p2,37
