study,scale,guesser,respondent,model_type,component,est,se,t,p,model_name,trial_id
mock,scale1,self,self,without_guess,intercept,20.173076923076923,0.5976863548252048,33.75194491260655,1.8298449911206211e-62,off_off_0,37
mock,scale1,self,self,without_guess,conditionAC,-0.864253393665157,0.7939798990761009,-1.0885079013597554,0.27858912884612835,off_off_0,37
mock,scale1,self,self,with_guess,intercept,19.32,0.8621523594531684,22.40903221821949,5.855670712029558e-44,off_off_0,37
mock,scale1,self,self,with_guess,conditionAC,0.3466666666666708,1.6757229779995997,0.20687588057096726,0.8364694962446104,off_off_0,37
mock,scale1,self,self,with_guess,guessAC,1.6429629629629656,1.1964755020221094,1.3731689116795687,0.1723483199942313,off_off_0,37
mock,scale1,self,self,with_guess,conditionAC:guessAC,-2.0553923414940405,1.9522435548041959,-1.0528360236795302,0.2946043207386033,off_off_0,37
