study,scale,guesser,respondent,model_type,component,est,se,t,p,model_name,trial_id
mock,scale1,self,self,without_guess,intercept,24.519230769230763,0.7637046016014309,32.105647547252936,3.762092825816683e-60,on_on_p1,31
mock,scale1,self,self,without_guess,conditionAC,14.613122171945705,1.014522245000543,14.403944560070126,9.192361343838046e-28,on_on_p1,31
mock,scale1,self,self,with_guess,intercept,19.799999999999994,0.8463061410405638,23.395789112028872,9.699058754599166e-46,on_on_p1,31
mock,scale1,self,self,with_guess,conditionAC,11.91428571428572,1.8094786423409,6.5843748776566695,1.391882138340498e-09,on_on_p1,31
mock,scale1,self,self,with_guess,guessAC,9.08888888888889,1.1744844792956874,7.738619836287064,4.083011562705562e-12,on_on_p1,31
mock,scale1,self,self,with_guess,conditionAC:guessAC,-0.8195680457975585,2.056922755962535,-0.3984437643182388,0.6910355404364474,on_on_p1,31
