study,scale,guesser,respondent,model_type,component,est,se,t,p,model_name,trial_id
mock,scale1,self,self,without_guess,intercept,19.384615384615376,0.6661566444239526,29.099184924257393,1.1301543179104931e-55,on_off_m2,48
mock,scale1,self,self,without_guess,conditionAC,8.54185520361991,0.8849373606049393,9.652496983267534,1.3364055618155472e-16,on_off_m2,48
mock,scale1,self,self,with_guess,intercept,20.439999999999998,0.958656000985117,21.321516768262867,6.140444692513203e-42,on_off_m2,48
mock,scale1,self,self,with_guess,conditionAC,6.809999999999998,1.9470395422094546,3.4976177177542938,0.0006663957819991183,on_off_m2,48
mock,scale1,self,self,with_guess,guessAC,-2.032592592592593,1.3304010682899263,-1.5278043899989129,0.1292833397556213,on_off_m2,48
mock,scale1,self,self,with_guess,conditionAC:guessAC,2.799259259259259,2.2416141966530265,1.248769419572225,0.21426372435199928,on_off_m2,48
