study,scale,guesser,respondent,model_type,component,est,se,t,p,model_name,trial_id
mock,scale1,self,self,without_guess,intercept,22.34615384615384,0.7311348185993968,30.563657040655507,6.74875596038644e-58,on_on_m2=,12
mock,scale1,self,self,without_guess,conditionAC,11.550904977375566,0.9712558180324248,11.89275241694351,6.411263595244775e-22,on_on_m2=,12
mock,scale1,self,self,with_guess,intercept,20.23999999999999,0.9868981070856343,20.508702828268515,2.1835183217773232e-40,on_on_m2=,12
mock,scale1,self,self,with_guess,conditionAC,7.593333333333337,2.243249283474214,3.3849708051943406,0.0009719690564523962,on_on_m2=,12
mock,scale1,self,self,with_guess,guessAC,4.056296296296298,1.369594822971768,2.9616761309705333,0.003712043405064231,on_on_m2=,12
mock,scale1,self,self,with_guess,conditionAC:guessAC,2.5942413381123015,2.5152968879454347,1.031385738417285,0.30450558722468907,on_on_m2=,12
