study,scale,guesser,respondent,model_type,component,est,se,t,p,model_name,trial_id
mock,scale1,self,self,without_guess,intercept,19.942307692307686,0.6191898252487487,32.20709850052238,2.6926041108788325e-60,on_off_p2,21
mock,scale1,self,self,without_guess,conditionAC,11.83710407239819,0.8225455893228932,14.390818242843308,9.847829152970306e-28,on_off_p2,21
mock,scale1,self,self,with_guess,intercept,20.959999999999997,0.8899362773136636,23.552248103953303,5.115048358453496e-46,on_off_p2,21
mock,scale1,self,self,with_guess,conditionAC,9.873333333333335,2.022852108123823,4.880897270582357,3.4013386001374288e-06,on_off_p2,21
mock,scale1,self,self,with_guess,guessAC,-1.9599999999999986,1.2350333934502116,-1.587001623109564,0.11523447521590413,on_off_p2,21
mock,scale1,self,self,with_guess,conditionAC:guessAC,2.9976344086021505,2.2681712860987084,1.3216084812351763,0.18889916019488637,on_off_p2,21
