study,scale,guesser,respondent,model_type,component,est,se,t,p,model_name,trial_id
mock,scale1,self,self,without_guess,intercept,19.961538461538463,0.5065095309429816,39.409995749488786,9.20168986395161e-70,on_off_0,30
mock,scale1,self,self,without_guess,conditionAC,10.141402714932125,0.672858570406554,15.072116431250176,2.8264801556320706e-29,on_off_0,30
mock,scale1,self,self,with_guess,intercept,19.333333333333332,0.7475344755105598,25.862798261081974,5.5296987708679165e-50,on_off_0,30
mock,scale1,self,self,with_guess,conditionAC,11.030303030303031,1.3334259608136436,8.272152601238128,2.503649849082328e-13,on_off_0,30
mock,scale1,self,self,with_guess,guessAC,1.1666666666666676,1.0187177722859697,1.1452305028984675,0.2544709914972884,on_off_0,30
mock,scale1,self,self,with_guess,conditionAC:guessAC,-1.4776714513556635,1.5786989554272242,-0.9360058460010694,0.351214725927565,on_off_0,30
