study,scale,guesser,respondent,model_type,component,est,se,t,p,model_name,trial_id
mock,scale1,self,self,without_guess,intercept,19.326923076923077,0.5220359781962741,37.022205143218265,8.49346380880425e-67,on_off_m1,27
mock,scale1,self,self,without_guess,conditionAC,9.923076923076923,0.6934842496171575,14.309015566763085,1.513329202135581e-27,on_off_m1,27
mock,scale1,self,self,with_guess,intercept,18.45833333333334,0.7668229061907204,24.071181473995345,6.249291603056082e-47,on_off_m1,27
mock,scale1,self,self,with_guess,conditionAC,10.450757575757573,1.3678319916454849,7.6403810114029,6.788702203685085e-12,on_off_m1,27
mock,scale1,self,self,with_guess,guessAC,1.6130952380952368,1.0450034725139963,1.5436266773492773,0.12540254569485199,on_off_m1,27
mock,scale1,self,self,with_guess,conditionAC:guessAC,-1.2063966735019358,1.6194336992606806,-0.7449497154793627,0.4578087673177752,on_off_m1,27
