study,scale,guesser,respondent,model_type,component,est,se,t,p,model_name,trial_id
mock,scale1,self,self,without_guess,intercept,24.500000000000004,0.8717172707229638,28.105442926100093,4.0843077828910234e-54,on_on_p1,24
mock,scale1,self,self,without_guess,conditionAC,14.220588235294114,1.1580086864019628,12.280208604892907,7.80151045725295e-23,on_on_p1,24
mock,scale1,self,self,with_guess,intercept,20.541666666666664,1.0095822852218215,20.34669879548583,4.492777712856939e-40,on_on_p1,24
mock,scale1,self,self,with_guess,conditionAC,8.912878787878794,1.800857716659684,4.9492409674712246,2.548746770436417e-06,on_on_p1,24
mock,scale1,self,self,with_guess,guessAC,7.351190476190476,1.3758287413274277,5.343099947961472,4.6223665478013087e-07,on_on_p1,24
mock,scale1,self,self,with_guess,conditionAC:guessAC,3.703035999088626,2.1321110280685702,1.7367932299675406,0.08507828206436395,on_on_p1,24
