study,scale,guesser,respondent,model_type,component,est,se,t,p,model_name,trial_id
mock,scale1,self,self,without_guess,intercept,22.884615384615383,0.6263950667692202,36.533837187844036,3.5928461289552016e-66,off_on_m3,46
mock,scale1,self,self,without_guess,conditionAC,1.718325791855205,0.832117193039555,2.0650045525180296,0.041113233827743956,off_on_m3,46
mock,scale1,self,self,with_guess,intercept,20.791666666666664,0.8807233410897246,23.60748909066155,4.083460415634855e-46,off_on_m3,46
mock,scale1,self,self,with_guess,conditionAC,1.208333333333336,1.85340927982337,0.6519517013794656,0.5157220349581151,off_on_m3,46
mock,scale1,self,self,with_guess,guessAC,3.8869047619047636,1.2002236009548517,3.238483861517547,0.001567473230597912,off_on_m3,46
mock,scale1,self,self,with_guess,conditionAC:guessAC,-0.985265417642469,2.098850186272178,-0.4694310361390893,0.639642746823636,off_on_m3,46
