study,scale,guesser,respondent,model_type,component,est,se,t,p,model_name,trial_id
mock,scale1,self,self,without_guess,intercept,24.653846153846153,0.7185654778735275,34.30981158015693,3.1575814247109385e-63,off_on_p1,29
mock,scale1,self,self,without_guess,conditionAC,3.7579185520362004,0.954558425160042,3.936813560056468,0.000140090617580232,off_on_p1,29
mock,scale1,self,self,with_guess,intercept,21.96774193548387,0.7730080131320237,28.418517741460917,4.34066047608049e-54,off_on_p1,29
mock,scale1,self,self,with_guess,conditionAC,-1.967741935483868,1.9195933323473233,-1.025082710137187,0.30745707393099225,off_on_p1,29
mock,scale1,self,self,with_guess,guessAC,6.651305683563749,1.2163989045548809,5.468029984783383,2.649489201407781e-07,off_on_p1,29
mock,scale1,self,self,with_guess,conditionAC:guessAC,2.574500768049154,2.2058318527057903,1.1671337345551225,0.24554998224789198,off_on_p1,29
