study,scale,guesser,respondent,model_type,component,est,se,t,p,model_name,trial_id
mock,scale1,self,self,without_guess,intercept,20.46153846153846,0.6089772013178683,33.59984317517683,2.966503195673806e-62,on_off_m2,0
mock,scale1,self,self,without_guess,conditionAC,7.464932126696831,0.8089789116624773,9.227597925088256,1.3459945534821845e-15,on_off_m2,0
mock,scale1,self,self,with_guess,intercept,19.91176470588235,0.7538200320072761,26.41448072540762,6.798726839952431e-51,on_off_m2,0
mock,scale1,self,self,with_guess,conditionAC,7.558823529411763,1.3056545951997993,5.78929799443249,6.141101748571666e-08,on_off_m2,0
mock,scale1,self,self,with_guess,guessAC,1.588235294117647,1.2812476843140796,1.2396005187458459,0.21762515084997533,on_off_m2,0
mock,scale1,self,self,with_guess,conditionAC:guessAC,-0.9803921568627442,1.7767708547553511,-0.551783114991346,0.5821583997853692,on_off_m2,0
