study,scale,guesser,respondent,model_type,component,est,se,t,p,model_name,trial_id
mock,scale1,self,self,without_guess,intercept,22.30769230769231,0.7219394575566647,30.89967181346559,2.1409824974641737e-58,on_on_m3,8
mock,scale1,self,self,without_guess,conditionAC,8.207013574660632,0.9590404951063862,8.557525585768127,4.976516683631308e-14,on_on_m3,8
mock,scale1,self,self,with_guess,intercept,19.040000000000003,0.9309498045783512,20.4522305137855,2.8069090711760815e-40,on_on_m3,8
mock,scale1,self,self,with_guess,conditionAC,7.6599999999999975,1.7416476065081732,4.398134255963249,2.4354466965788927e-05,on_on_m3,8
mock,scale1,self,self,with_guess,guessAC,6.293333333333331,1.2919510369335963,4.871185635850685,3.543031687909444e-06,on_on_m3,8
mock,scale1,self,self,with_guess,conditionAC:guessAC,-1.820919540229884,2.051674906677049,-0.8875282991003174,0.3766310452963141,on_on_m3,8
