study,scale,guesser,respondent,model_type,component,est,se,t,p,model_name,trial_id
mock,scale1,self,self,without_guess,intercept,18.92307692307692,0.572616026429506,33.04671201934393,1.7452852774934783e-61,on_off_m3,6
mock,scale1,self,self,without_guess,conditionAC,7.8416289592760196,0.7606759150571868,10.30876461848604,3.705051045916742e-18,on_off_m3,6
mock,scale1,self,self,with_guess,intercept,19.25925925925926,0.7964593678089915,24.181094526190638,4.0191647307830715e-47,on_off_m3,6
mock,scale1,self,self,with_guess,conditionAC,8.851851851851855,1.5929187356179837,5.55700153053804,1.7750766292147682e-07,on_off_m3,6
mock,scale1,self,self,with_guess,guessAC,-0.6992592592592589,1.148670035783581,-0.6087555498757741,0.5438767652602645,on_off_m3,6
mock,scale1,self,self,with_guess,conditionAC:guessAC,-0.8525298179535484,1.874241194379058,-0.45486665244063973,0.650055312100046,on_off_m3,6
